date,method,truth,point,lower,upper
1998-06-01,M1_DistPred_ANN,90.5,105.13228494482371,29.364365211057006,205.8132208974061
1998-07-01,M1_DistPred_ANN,96.7,122.94009073488112,37.35634628246752,236.58390853047123
1998-08-01,M1_DistPred_ANN,121.1,120.01932901966987,41.517800912530156,207.76318750312723
1998-09-01,M1_DistPred_ANN,132.0,117.32041806630967,54.47088540495212,189.20356358466216
1998-10-01,M1_DistPred_ANN,78.5,144.90502299719526,65.29112933038304,229.8352319879134
1998-11-01,M1_DistPred_ANN,97.3,126.42004493904031,49.82589580661969,236.37851273197842
1998-12-01,M1_DistPred_ANN,119.2,153.90514249897913,66.04058288655693,260.842987355917
1999-01-01,M1_DistPred_ANN,86.0,161.02456983318504,71.9709346168116,256.33391431888106
1999-02-01,M1_DistPred_ANN,98.0,104.21041632724486,44.72297766845564,220.2127546638541
1999-03-01,M1_DistPred_ANN,103.5,116.64643242020232,55.91423663070692,215.9242063594489
1999-04-01,M1_DistPred_ANN,93.6,146.5005629327083,68.20293581707732,253.34819545539335
1999-05-01,M1_DistPred_ANN,149.6,124.00226944668496,70.46630805875719,211.78753917577077
1999-06-01,M1_DistPred_ANN,207.2,141.46299696647318,88.5554401961306,216.64901467830683
1999-07-01,M1_DistPred_ANN,173.5,174.06689788369127,108.43839479010852,260.6290822996443
1999-08-01,M1_DistPred_ANN,142.3,183.99140252995124,111.22325913775907,288.8372969385696
1999-09-01,M1_DistPred_ANN,106.3,179.104965506388,100.39840785152576,304.19552575935836
1999-10-01,M1_DistPred_ANN,168.7,167.73762714817738,92.04331337871996,287.23247104239846
1999-11-01,M1_DistPred_ANN,188.3,169.64228693663884,94.97832956603568,292.80124153731805
1999-12-01,M1_DistPred_ANN,116.8,179.5053582088495,95.64603726736466,321.1376659305699
2000-01-01,M1_DistPred_ANN,133.1,161.23098676704112,80.61077245351157,309.26520051361234
2000-02-01,M1_DistPred_ANN,165.7,165.944388927845,90.97824897594306,293.21114145961764
2000-03-01,M1_DistPred_ANN,217.7,185.68939668831405,108.06568207314382,299.1855922171957
2000-04-01,M1_DistPred_ANN,191.5,210.64443869401583,121.26639979086565,330.04161136935
2000-05-01,M1_DistPred_ANN,165.9,199.8163265370653,124.21483070118299,312.15858058971133
2000-06-01,M1_DistPred_ANN,188.0,190.72681104350633,112.68171031555647,316.93780632885273
2000-07-01,M1_DistPred_ANN,244.3,204.06019284470767,122.70314594951425,319.8298513303376
2000-08-01,M1_DistPred_ANN,180.5,263.1574759172468,144.40993321262104,386.55270481509814
2000-09-01,M1_DistPred_ANN,156.0,221.65861473062833,126.51591347987808,359.01786844667447
2000-10-01,M1_DistPred_ANN,141.6,193.88691287069733,113.67495188587205,321.8011837128423
2000-11-01,M1_DistPred_ANN,158.1,178.90439506451108,103.81598264952234,301.3233254294742
2000-12-01,M1_DistPred_ANN,143.3,175.07785487943403,100.69130801389895,292.21939514297463
2001-01-01,M1_DistPred_ANN,142.6,174.35810174223818,102.45060734013083,279.7884157592712
2001-02-01,M1_DistPred_ANN,121.5,166.0596686905372,106.9754556181413,252.43259238653366
2001-03-01,M1_DistPred_ANN,165.8,147.88578866638798,94.92910940709689,228.07551708176243
2001-04-01,M1_DistPred_ANN,161.7,158.52548031252664,107.43462887137753,228.61759794147218
2001-05-01,M1_DistPred_ANN,142.1,172.77460069842707,105.4443869604407,253.89211161823954
2001-06-01,M1_DistPred_ANN,202.9,158.52654354934856,96.54607336414176,244.0583821328499
2001-07-01,M1_DistPred_ANN,123.0,182.5646690097425,121.52378398632773,249.6680845131308
2001-08-01,M1_DistPred_ANN,161.5,144.9126399769745,85.60435217300395,237.7251614454121
2001-09-01,M1_DistPred_ANN,238.2,151.4150409316819,93.30034630899873,238.06972832906808
2001-10-01,M1_DistPred_ANN,194.1,204.90309414643184,120.7603170127762,290.47481710248377
2001-11-01,M1_DistPred_ANN,176.6,185.3270994819105,109.92983724027499,293.8061355675736
2001-12-01,M1_DistPred_ANN,213.4,171.90548796663953,103.53559862837835,277.28520316543876
2002-01-01,M1_DistPred_ANN,184.6,187.11240973365696,119.60970315636466,279.8079858551506
2002-02-01,M1_DistPred_ANN,170.2,182.03754812276784,117.09705246633928,270.65891348678366
2002-03-01,M1_DistPred_ANN,147.1,196.2602191266455,122.83193862590416,276.63758379555924
2002-04-01,M1_DistPred_ANN,186.9,168.2701812839896,109.49806346778831,252.8791897440087
2002-05-01,M1_DistPred_ANN,187.5,173.39004210018533,113.84119831646242,254.5906743406509
2002-06-01,M1_DistPred_ANN,128.8,195.42441076375158,126.1374911231934,264.2182205517614
2002-07-01,M1_DistPred_ANN,161.0,169.54588018385752,106.16861773496501,250.38441328770102
2002-08-01,M1_DistPred_ANN,175.6,174.9841924192319,110.19675624219174,248.84392188598224
2002-09-01,M1_DistPred_ANN,187.9,175.46558592847538,119.26138717610499,237.79819266439415
2002-10-01,M1_DistPred_ANN,151.2,173.84092847819988,120.54467020887331,239.21337418598978
2002-11-01,M1_DistPred_ANN,147.2,163.86283475551915,103.8580971709914,238.97926648363406
2002-12-01,M1_DistPred_ANN,135.3,163.23414063260296,110.57871867785089,225.29806977116067
2003-01-01,M1_DistPred_ANN,133.5,147.8347750329257,103.41075936365516,204.2412222240514
2003-02-01,M1_DistPred_ANN,75.7,142.14241201519715,100.33476605689309,193.88424154375898
2003-03-01,M1_DistPred_ANN,100.7,108.83212646420006,65.59716668323661,174.6063010489658
2003-04-01,M1_DistPred_ANN,97.9,106.27968722365625,67.22292028225539,162.37638728608138
2003-05-01,M1_DistPred_ANN,86.8,104.27589393366509,72.01416165243816,147.99139426964948
2003-06-01,M1_DistPred_ANN,118.7,92.92471896288006,58.36558208652446,144.67412012371642
2003-07-01,M1_DistPred_ANN,128.3,102.05956534406492,68.76836357103471,146.13276720416778
2003-08-01,M1_DistPred_ANN,115.4,113.066005725983,74.09482826407645,158.52610675660435
2003-09-01,M1_DistPred_ANN,78.5,104.16359939347423,67.3891502093704,156.37162226161072
2003-10-01,M1_DistPred_ANN,97.8,89.852963712343,53.338976996890246,146.9557407206482
2003-11-01,M1_DistPred_ANN,82.9,98.10321996764006,64.250310430831,140.7756763978913
2003-12-01,M1_DistPred_ANN,72.2,82.52438409080007,48.77252249235277,136.39050275391486
2004-01-01,M1_DistPred_ANN,60.6,78.45198409676055,48.97938702483655,121.31878272351369
2004-02-01,M1_DistPred_ANN,74.6,68.41338943727094,40.471292552688425,112.49267598579235
2004-03-01,M1_DistPred_ANN,74.8,70.59612046355802,44.32310480047192,107.67065197356844
2004-04-01,M1_DistPred_ANN,59.2,71.07559996182663,47.15858139786266,101.82104233224402
2004-05-01,M1_DistPred_ANN,72.8,61.303073504703114,39.44758881659711,94.22632916251371
2004-06-01,M1_DistPred_ANN,66.5,65.86508722519872,44.1081882691678,94.07860334061165
2004-07-01,M1_DistPred_ANN,83.8,62.257695280131465,41.73474179416343,88.47545067068266
2004-08-01,M1_DistPred_ANN,69.7,71.35803539766255,44.572139694609554,98.86263163876723
2004-09-01,M1_DistPred_ANN,48.8,68.95994969791518,42.81878967717435,97.44409161879204
2004-10-01,M1_DistPred_ANN,74.2,58.09352422244869,36.18087931576624,86.29799223211461
2004-11-01,M1_DistPred_ANN,70.1,64.96911337279036,42.766607716982556,87.56981315553995
2004-12-01,M1_DistPred_ANN,28.9,66.13393778263811,41.46289896834214,91.63586000195411
2005-01-01,M1_DistPred_ANN,48.1,41.970057917077156,22.221138438286278,76.31776865367831
2005-02-01,M1_DistPred_ANN,43.5,46.94632048932935,30.614156129249217,67.78074602241313
2005-03-01,M1_DistPred_ANN,39.6,43.44330677464926,29.070530474965654,62.02104798159831
2005-04-01,M1_DistPred_ANN,38.7,39.1644516604152,25.620573117084355,57.82410323043717
2005-05-01,M1_DistPred_ANN,61.9,39.78726908206913,25.655426953655503,56.530509135581
2005-06-01,M1_DistPred_ANN,56.8,47.06713661398025,31.21711766539586,62.35791466813495
2005-07-01,M1_DistPred_ANN,62.4,47.85410209127371,30.708733403420712,64.69656367656219
2005-08-01,M1_DistPred_ANN,60.5,54.54782618544532,30.236989972256193,77.50458795346675
2005-09-01,M1_DistPred_ANN,37.2,52.998697379851585,33.31202165578929,73.51082843660873
2005-10-01,M1_DistPred_ANN,13.2,43.840028875669766,24.4161038929102,69.72432405727703
2005-11-01,M1_DistPred_ANN,27.5,27.314894248858604,13.2738746342242,52.84440621655081
2005-12-01,M1_DistPred_ANN,59.3,29.627464756927573,16.89160949557874,47.2592974393105
2006-01-01,M1_DistPred_ANN,20.9,35.88956638719796,21.310833801796782,54.726564079773446
2006-02-01,M1_DistPred_ANN,5.7,27.70828300306489,14.56050704444962,47.599392495115644
2006-03-01,M1_DistPred_ANN,17.3,14.86679751456535,5.881177162914407,33.988260901734414
2006-04-01,M1_DistPred_ANN,50.3,16.864383020871543,9.377715122018103,28.361891771646413
2006-05-01,M1_DistPred_ANN,37.2,26.007435551006278,13.673800026207745,39.877738459707274
2006-06-01,M1_DistPred_ANN,24.5,26.959349423545333,11.491043300943469,48.26610668173455
2006-07-01,M1_DistPred_ANN,22.2,24.629727027807167,10.946873001927734,44.97893070572208
2006-08-01,M1_DistPred_ANN,20.8,23.42916178752786,10.362296538796011,43.64951617473529
2006-09-01,M1_DistPred_ANN,23.7,24.303490003555254,10.471477727790713,41.574005745724776
2006-10-01,M1_DistPred_ANN,14.9,26.108299047342676,10.739817262453736,44.04056398420507
2006-11-01,M1_DistPred_ANN,35.7,15.639622397767983,6.3057901717052,34.69367630853768
2006-12-01,M1_DistPred_ANN,22.3,24.006479593162215,10.944587215174849,43.39024947494583
2007-01-01,M1_DistPred_ANN,29.3,22.505963803945704,8.511979142080833,45.38766751479866
2007-02-01,M1_DistPred_ANN,18.4,26.67729302640842,10.811195014602244,47.40962082354307
2007-03-01,M1_DistPred_ANN,7.2,23.47076040571891,10.83975073054623,38.00527256434543
2007-04-01,M1_DistPred_ANN,5.4,14.082151572694139,6.429930833542396,27.871113963701525
2007-05-01,M1_DistPred_ANN,19.5,9.007505584222534,3.400768158274049,20.966221561486115
2007-06-01,M1_DistPred_ANN,21.3,15.372428966221474,6.729651898027612,26.34649327605178
2007-07-01,M1_DistPred_ANN,15.1,21.026688177522676,6.637065681590202,37.18645782707497
2007-08-01,M1_DistPred_ANN,9.8,19.112014081688486,6.393838716898706,33.078638415383566
2007-09-01,M1_DistPred_ANN,4.0,12.738064630425951,5.8297854587970335,23.25905989131489
2007-10-01,M1_DistPred_ANN,1.5,7.192691172298348,2.26483468955963,18.55802350261031
2007-11-01,M1_DistPred_ANN,2.8,4.384378198576715,0.9131202232633824,13.087498340629892
2007-12-01,M1_DistPred_ANN,17.3,3.8812194032054794,0.997827577881732,10.158348006471586
2008-01-01,M1_DistPred_ANN,4.1,7.131843833070027,2.711794195267379,13.801190664189393
2008-02-01,M1_DistPred_ANN,2.9,5.092556309271126,1.414993516114905,11.505582500828325
2008-03-01,M1_DistPred_ANN,15.5,3.804065065858955,1.1091001231093878,8.794599170425405
2008-04-01,M1_DistPred_ANN,3.6,8.570973910282557,2.6224058532266428,15.129545601362146
2008-05-01,M1_DistPred_ANN,4.6,5.053874340418327,1.3925335758326844,11.886660489203894
2008-06-01,M1_DistPred_ANN,5.2,3.99223431729403,0.7908126873241543,11.06768755631712
2008-07-01,M1_DistPred_ANN,0.6,3.8214959989902537,0.7919843484664748,10.262353657922281
2008-08-01,M1_DistPred_ANN,0.3,2.036298860043472,0.0,7.377622054695532
2008-09-01,M1_DistPred_ANN,1.2,1.7384748466542779,0.0,5.589240422859706
2008-10-01,M1_DistPred_ANN,4.2,1.5534632623942106,0.20330179594426373,3.8399802099478944
2008-11-01,M1_DistPred_ANN,6.6,1.7779062333178564,0.2090620600687172,4.610741245355872
2008-12-01,M1_DistPred_ANN,1.0,3.6462103871831326,0.6633675068560194,7.541715791181099
2009-01-01,M1_DistPred_ANN,1.3,1.9648877563632712,0.04559845906762637,5.762808885358658
2009-02-01,M1_DistPred_ANN,1.2,1.509572708709363,0.0,4.397261562089162
2009-03-01,M1_DistPred_ANN,0.6,1.4288859291250402,0.0,4.403908369086848
2009-04-01,M1_DistPred_ANN,1.2,1.0021569037466302,0.0,3.0893732036764225
2009-05-01,M1_DistPred_ANN,2.9,0.7506385919081064,0.0,3.114037242879691
2009-06-01,M1_DistPred_ANN,6.3,2.2855983735809593,0.10527346835539353,5.1269134051194385
2009-07-01,M1_DistPred_ANN,5.5,3.899134760711851,0.2768674764381708,8.693518855834181
2009-08-01,M1_DistPred_ANN,0.0,4.263046603249824,0.34941634974618063,9.338485985078677
2009-09-01,M1_DistPred_ANN,7.1,0.973926815164279,0.0,3.948348552947449
2009-10-01,M1_DistPred_ANN,7.7,3.1884785948349066,0.5351154796889355,6.758527118752938
2009-11-01,M1_DistPred_ANN,6.9,4.962778899556804,0.9781788356740433,9.742993934749759
2009-12-01,M1_DistPred_ANN,16.3,5.8982595297071745,0.7754426504143515,14.839386995517597
2010-01-01,M1_DistPred_ANN,19.5,9.64868938330845,1.46273945239686,21.502351133425073
2010-02-01,M1_DistPred_ANN,28.5,15.14463770296442,2.652131682310049,31.717110431785137
2010-03-01,M1_DistPred_ANN,24.0,19.494345616192206,3.93639001482037,40.93233787908365
2010-04-01,M1_DistPred_ANN,10.4,27.145327148086558,4.470874894099315,61.95055920713688
2010-05-01,M1_DistPred_ANN,13.9,23.16203363631873,4.8603159736651484,49.51227955042991
2010-06-01,M1_DistPred_ANN,18.8,20.102999644098606,4.672843795470102,46.282583788473225
2010-07-01,M1_DistPred_ANN,25.2,24.8606616772267,6.7445349847064335,47.921289034742486
2010-08-01,M1_DistPred_ANN,29.6,27.990923740083808,8.354842535660401,53.92630330517031
2010-09-01,M1_DistPred_ANN,36.4,32.85453220734388,11.33871892991526,59.50985430878652
2010-10-01,M1_DistPred_ANN,33.6,45.72110018429272,13.390746351486156,90.20733420610541
2010-11-01,M1_DistPred_ANN,34.4,45.274231198741,14.397929435696886,83.84678431628537
2010-12-01,M1_DistPred_ANN,24.5,47.57023298396115,16.06586685940905,83.33884681049248
2011-01-01,M1_DistPred_ANN,27.3,39.303548982412366,17.55265149367474,64.4495368831447
2011-02-01,M1_DistPred_ANN,48.3,41.48718967173611,16.51432917299904,73.24600560219176
2011-03-01,M1_DistPred_ANN,78.6,53.88155794754838,24.986901195394058,84.94829562942732
2011-04-01,M1_DistPred_ANN,76.1,76.62924335470098,29.1200833051594,130.8121512369597
2011-05-01,M1_DistPred_ANN,58.2,87.0307330185353,34.58155723881645,144.88323084267253
2011-06-01,M1_DistPred_ANN,56.1,89.34356996355507,38.857024568425786,146.45012390646974
2011-07-01,M1_DistPred_ANN,64.5,67.4424923592591,32.560021016548646,126.357580714199
2011-08-01,M1_DistPred_ANN,65.8,77.86098675306013,39.722375944982666,133.4089207350373
2011-09-01,M1_DistPred_ANN,120.1,74.15777521385748,32.646491281369954,150.60811626595896
2011-10-01,M1_DistPred_ANN,125.7,105.87412262095474,52.77361404523122,191.36297692822725
2011-11-01,M1_DistPred_ANN,139.1,142.12448179694476,75.9207619318571,218.13795465643108
2011-12-01,M1_DistPred_ANN,109.3,151.49986983362916,70.79435580291013,270.8794633521525
2012-01-01,M1_DistPred_ANN,94.4,143.7961360223617,66.5077617606571,272.215153333798
2012-02-01,M1_DistPred_ANN,47.8,158.454882315618,66.06551175775633,302.21209655198845
2012-03-01,M1_DistPred_ANN,86.6,102.70668007163128,42.28297370224445,236.9031955321008
2012-04-01,M1_DistPred_ANN,85.9,111.28198976928851,53.74489332629654,221.58626648517708
2012-05-01,M1_DistPred_ANN,96.5,111.82275455953607,55.486632060112605,215.19074634871893
2012-06-01,M1_DistPred_ANN,92.0,127.31214776303926,64.38649241762556,229.45369238282072
2012-07-01,M1_DistPred_ANN,100.1,129.7312200792149,70.55882032322,211.39840335490507
2012-08-01,M1_DistPred_ANN,94.8,119.79091068881509,63.783555451959515,213.07425969231306
2012-09-01,M1_DistPred_ANN,93.7,115.21906974226289,66.10571811673525,192.4036548495153
2012-10-01,M1_DistPred_ANN,76.5,112.48306980085673,59.41579153856357,200.8113460567439
2012-11-01,M1_DistPred_ANN,87.6,103.72000239140027,55.24212794343849,188.59828272032195
2012-12-01,M1_DistPred_ANN,56.8,106.31675372571713,55.42499714519127,192.02400387299397
2013-01-01,M1_DistPred_ANN,96.1,89.90001535596576,45.321803849009086,169.17880317112244
2013-02-01,M1_DistPred_ANN,60.9,99.15478206515265,54.56123085740867,171.2003572500667
2013-03-01,M1_DistPred_ANN,78.3,85.22361534336105,43.3095284719256,158.3043606761399
2013-04-01,M1_DistPred_ANN,107.3,85.17408618516824,43.80888715436774,158.75511454263798
2013-05-01,M1_DistPred_ANN,120.2,91.75327114368484,50.75964332390131,160.71690832921587
2013-06-01,M1_DistPred_ANN,76.7,103.58152660323383,54.21833234809401,184.36839321448824
2013-07-01,M1_DistPred_ANN,86.2,92.83248561239486,47.9059313250758,171.7149344199913
2013-08-01,M1_DistPred_ANN,91.8,100.1469394739323,49.491426641795044,183.56984177238024
2013-09-01,M1_DistPred_ANN,54.5,97.47319596408704,56.307988397476954,159.92695001885403
2013-10-01,M1_DistPred_ANN,114.4,76.92222552674497,34.497410714194,159.12687270017085
2013-11-01,M1_DistPred_ANN,113.9,104.96003622948628,56.955662754861315,165.31634947382963
2013-12-01,M1_DistPred_ANN,124.2,105.42260699007254,56.03069032911642,176.04571247212644
2014-01-01,M1_DistPred_ANN,117.0,107.39034818462126,59.38909074729969,182.27114399049916
2014-02-01,M1_DistPred_ANN,146.1,117.12524452297247,62.13312204337919,191.728100432416
2014-03-01,M1_DistPred_ANN,128.7,128.89820184274268,72.63457832020454,203.33172325617758
2014-04-01,M1_DistPred_ANN,112.5,129.62845751542557,71.6545248544294,206.68170060316928
2014-05-01,M1_DistPred_ANN,112.5,129.50600045091238,74.2364513580257,196.21304239200305
2014-06-01,M1_DistPred_ANN,102.9,124.79598597315005,74.43503038968743,186.6828373731565
2014-07-01,M1_DistPred_ANN,100.2,117.35952338310766,73.70068590658532,169.68550984154984
2014-08-01,M1_DistPred_ANN,106.9,125.0265060188445,74.38822962515455,176.58874569631644
2014-09-01,M1_DistPred_ANN,130.0,118.79838268847159,77.6172331905199,165.98067317892517
2014-10-01,M1_DistPred_ANN,90.0,123.34476434523071,80.19874860497272,175.33247220085445
2014-11-01,M1_DistPred_ANN,103.6,107.85364368462537,71.70045257443155,155.99032977993085
2014-12-01,M1_DistPred_ANN,112.9,111.6008435046141,74.88203036440233,157.8997088510743
2015-01-01,M1_DistPred_ANN,93.0,113.36545459280906,77.38733699311942,154.14351250058655
2015-02-01,M1_DistPred_ANN,66.7,105.97570220090637,71.50175296690382,149.1124153924843
2015-03-01,M1_DistPred_ANN,54.5,94.16102637501342,59.14550154737378,137.03674961863723
2015-04-01,M1_DistPred_ANN,75.3,74.94629636833442,44.28039989403509,122.23376300161767
2015-05-01,M1_DistPred_ANN,88.8,79.12866590860136,50.82329381680082,117.9308029275263
2015-06-01,M1_DistPred_ANN,66.5,82.4507083939796,52.20892979428713,122.57007708481602
2015-07-01,M1_DistPred_ANN,65.8,72.97227135684808,45.898929578272266,113.45028474798711
2015-08-01,M1_DistPred_ANN,64.4,68.67629298392886,43.39498208516046,107.07002200135705
2015-09-01,M1_DistPred_ANN,78.6,69.38800588252563,44.056722316078,105.05709785272956
2015-10-01,M1_DistPred_ANN,63.6,70.81921890549346,45.37328798712991,105.98145601903295
2015-11-01,M1_DistPred_ANN,62.2,64.76013240507588,39.637512008120154,102.52066069920303
2015-12-01,M1_DistPred_ANN,58.0,64.53473428044212,41.88638334784853,94.20784320016578
2016-01-01,M1_DistPred_ANN,57.0,59.550452334415105,37.58400689133555,91.4171969254453
2016-02-01,M1_DistPred_ANN,56.4,57.59256554861655,34.401724528827316,92.06653800453986
2016-03-01,M1_DistPred_ANN,54.1,58.82372115530731,34.72858348869894,91.89478905800915
2016-04-01,M1_DistPred_ANN,37.9,54.87680041812561,33.39752578923054,87.1080518104631
2016-05-01,M1_DistPred_ANN,51.5,45.893331960207775,27.355466460321946,75.90583210201217
2016-06-01,M1_DistPred_ANN,20.5,47.908405447359364,30.353531991515545,73.09621825106032
2016-07-01,M1_DistPred_ANN,32.4,33.966502379576895,18.121728583421937,60.37546554880188
2016-08-01,M1_DistPred_ANN,50.2,35.309497224573555,22.214864163095278,53.154802333179276
2016-09-01,M1_DistPred_ANN,44.6,39.9212908436138,26.28554640813822,55.16746917824814
2016-10-01,M1_DistPred_ANN,33.4,38.45023142361805,23.94934375946304,57.71216220861469
2016-11-01,M1_DistPred_ANN,21.4,36.3949811891765,21.564356698537747,54.759316010235395
2016-12-01,M1_DistPred_ANN,18.5,28.430027896229394,15.850559669893041,47.59960196847158
2017-01-01,M1_DistPred_ANN,26.1,24.040518332409345,14.872920852497508,37.58852956204645
2017-02-01,M1_DistPred_ANN,26.4,23.366998375111663,13.775895641940911,37.50076657349835
2017-03-01,M1_DistPred_ANN,17.7,22.354001289675853,13.47379084642981,35.81507958158513
2017-04-01,M1_DistPred_ANN,32.3,19.399748897828225,11.22707490020262,32.30005518508872
2017-05-01,M1_DistPred_ANN,18.9,25.871871538125326,15.513675558732295,36.41439365452393
2017-06-01,M1_DistPred_ANN,19.2,20.752961793896066,12.377685053085006,31.649402843388003
2017-07-01,M1_DistPred_ANN,17.8,18.053515761229793,10.85064613844666,28.625188430761884
2017-08-01,M1_DistPred_ANN,32.6,17.515137916572282,10.919301489729982,26.371378662545123
2017-09-01,M1_DistPred_ANN,43.7,22.3948349420331,13.813170360408126,32.07889550816801
2017-10-01,M1_DistPred_ANN,13.2,28.954342658033035,14.504484124846579,43.73375907986505
2017-11-01,M1_DistPred_ANN,5.7,19.39780367753319,9.22400093816414,34.25936451857016
2017-12-01,M1_DistPred_ANN,8.2,12.218934696025194,5.692620089253321,23.78825528568332
2018-01-01,M1_DistPred_ANN,6.8,10.87941698255912,5.769994531802723,18.737789759485416
2018-02-01,M1_DistPred_ANN,10.7,8.610509672491412,3.856204863400663,17.16032994427259
2018-03-01,M1_DistPred_ANN,2.5,8.917525655101795,3.998092812833077,17.100153490643017
2018-04-01,M1_DistPred_ANN,8.9,5.510236699547347,2.2681377591541896,11.425621998068285
2018-05-01,M1_DistPred_ANN,13.1,7.150587793754596,3.786570781444822,11.533427784720523
2018-06-01,M1_DistPred_ANN,15.6,8.552196535334518,3.8802758149799557,13.883073120591161
2018-07-01,M1_DistPred_ANN,1.6,10.299731241750845,4.130374008746114,18.131561741696327
2018-08-01,M1_DistPred_ANN,8.7,4.247169010903794,1.1633907550065068,11.142608632526958
2018-09-01,M1_DistPred_ANN,3.3,7.472252615743022,2.893397111404324,12.918078662548606
2018-10-01,M1_DistPred_ANN,4.9,4.46007437264221,1.5854085982908255,9.351716992949656
2018-11-01,M1_DistPred_ANN,4.9,4.073348653830785,1.0265465406033925,9.996045136673333
2018-12-01,M1_DistPred_ANN,3.1,4.468392435337503,1.6630713645774486,8.623611269245194
2019-01-01,M1_DistPred_ANN,7.7,3.670560816551972,1.1405192713053314,8.295898249296906
2019-02-01,M1_DistPred_ANN,0.8,4.7415720116117255,1.7453719541210777,9.032262973017962
2019-03-01,M1_DistPred_ANN,9.4,2.224081664344677,0.20542006350282244,6.430768569880661
2019-04-01,M1_DistPred_ANN,9.1,4.487786513969614,1.5485273996097524,8.482187639394809
2019-05-01,M1_DistPred_ANN,9.9,5.814994478219723,1.679310042669024,10.639948286551947
2019-06-01,M1_DistPred_ANN,1.2,6.968785128648032,2.289762089426125,12.937742597595395
2019-07-01,M1_DistPred_ANN,0.9,3.059532661016921,0.23047087675322853,10.237552947101872
2019-08-01,M1_DistPred_ANN,0.5,3.40248284685792,0.671925411094259,7.065147438563324
2019-09-01,M1_DistPred_ANN,1.1,1.925417590692271,0.06648547740477306,5.187916487008821
2019-10-01,M1_DistPred_ANN,0.4,1.39999283601508,0.0,4.165616056730991
2019-11-01,M1_DistPred_ANN,0.5,0.6320550211662754,0.0,3.347045939036562
2019-12-01,M1_DistPred_ANN,1.5,0.5984779282098596,0.0,2.3811891337882867
2020-01-01,M1_DistPred_ANN,6.2,1.374016595651491,0.0,3.3174783941541097
2020-02-01,M1_DistPred_ANN,0.2,2.4722728741987177,0.24235683732998786,5.253325707728199
2020-03-01,M1_DistPred_ANN,1.5,0.851447145126619,0.0,3.4705461037334313
2020-04-01,M1_DistPred_ANN,5.2,1.3347548349811746,0.0,3.2221864765715473
2020-05-01,M1_DistPred_ANN,0.2,2.6055293894928737,0.2681613207426326,5.271616710820694
2020-06-01,M1_DistPred_ANN,5.8,1.0980600669237806,0.0,4.286809404105556
2020-07-01,M1_DistPred_ANN,6.1,2.992309069877858,0.28672410942287496,6.226950245619498
2020-08-01,M1_DistPred_ANN,7.5,3.5742637559790023,0.4950025415508923,7.683188133016111
2020-09-01,M1_DistPred_ANN,0.6,4.674961648665463,0.9893689356903574,9.655264251105315
2020-10-01,M1_DistPred_ANN,14.6,2.6127152404417697,0.0,9.093412189476
2020-11-01,M1_DistPred_ANN,34.5,6.7218723043978,1.3306028470874334,13.968370723529857
2020-12-01,M1_DistPred_ANN,23.1,12.166204995187886,2.485380893873297,24.9424173882122
2021-01-01,M1_DistPred_ANN,10.4,17.301974731941126,2.730921408015544,39.889483858121075
2021-02-01,M1_DistPred_ANN,8.2,14.651248050063073,2.821654034665422,36.13945566628752
2021-03-01,M1_DistPred_ANN,17.2,16.969901785177147,3.386160150358452,36.9879226645154
2021-04-01,M1_DistPred_ANN,24.5,26.8198777704245,4.1711359984714065,67.43838423227412
2021-05-01,M1_DistPred_ANN,21.2,29.88174396803719,5.537557494178044,66.25054962403482
2021-06-01,M1_DistPred_ANN,25.0,25.05049104650475,5.532828513014665,57.75296375119798
2021-07-01,M1_DistPred_ANN,34.3,30.364458556765694,8.689957211210748,61.90585567174115
2021-08-01,M1_DistPred_ANN,22.0,44.82582767884779,9.66666235486088,97.31496398492334
2021-09-01,M1_DistPred_ANN,51.3,38.91024209388389,9.660272411360717,82.76941118059781
2021-10-01,M1_DistPred_ANN,37.4,47.944253530431325,15.039778329756388,89.67265924048934
2021-11-01,M1_DistPred_ANN,34.8,49.853344193757586,18.596315085266916,85.04084907795124
2021-12-01,M1_DistPred_ANN,67.5,51.81411796016187,18.695879541678845,91.7719260740903
2022-01-01,M1_DistPred_ANN,55.3,74.74197523785207,20.722352316128607,144.62726422551432
2022-02-01,M1_DistPred_ANN,60.9,75.57394292524557,27.51714011968263,136.56607751668426
2022-03-01,M1_DistPred_ANN,78.6,88.5772935704024,32.57050460515274,146.97055632842213
2022-04-01,M1_DistPred_ANN,84.0,82.6399967121597,36.92603568370917,147.9264707897453
2022-05-01,M1_DistPred_ANN,96.5,103.50797586868882,43.21326234625886,190.43701586210753
2022-06-01,M1_DistPred_ANN,70.3,116.88165947689014,44.19301632256996,219.59920654995463
2022-07-01,M1_DistPred_ANN,91.4,113.23839660884494,45.52492821109249,224.26491249620477
2022-08-01,M1_DistPred_ANN,74.6,112.38079148578372,58.94244624364254,196.5073856262034
2022-09-01,M1_DistPred_ANN,96.0,100.5794476354322,46.58091483798357,204.21225049969433
2022-10-01,M1_DistPred_ANN,95.5,109.79295540547952,49.6380475921706,228.88645657624562
2022-11-01,M1_DistPred_ANN,80.5,145.73463273821463,56.137430935272526,289.6890910936153
2022-12-01,M1_DistPred_ANN,112.8,135.5707568354272,64.00161001785511,247.47834805533023
2023-01-01,M1_DistPred_ANN,144.4,128.9521367298248,64.77391113994699,238.05146630594078
1998-06-01,M2_DistPred_Minusformer,90.5,62.80198031030821,30.43834297626907,127.54062922378168
1998-07-01,M2_DistPred_Minusformer,96.7,75.51769710372999,30.563376929632337,173.8126297273943
1998-08-01,M2_DistPred_Minusformer,121.1,83.10892057039834,32.74949265487779,205.60092511285382
1998-09-01,M2_DistPred_Minusformer,132.0,94.78144750108531,48.35170678592794,196.32437685661736
1998-10-01,M2_DistPred_Minusformer,78.5,116.64533766164523,55.39734059131076,224.26936127550886
1998-11-01,M2_DistPred_Minusformer,97.3,113.34428305589648,54.18960864461468,211.7545149315206
1998-12-01,M2_DistPred_Minusformer,119.2,116.9927462044168,51.546166737283485,264.81544318720563
1999-01-01,M2_DistPred_Minusformer,86.0,125.9502147539208,60.78221920417697,258.57360893482956
1999-02-01,M2_DistPred_Minusformer,98.0,121.74764765687901,62.84020765711869,232.44971460595445
1999-03-01,M2_DistPred_Minusformer,103.5,127.17530995909584,62.36098252813248,237.1743645734804
1999-04-01,M2_DistPred_Minusformer,93.6,130.4695386454707,68.09469050931847,249.19648751634656
1999-05-01,M2_DistPred_Minusformer,149.6,136.60178342304158,70.78555689823044,262.3328999145466
1999-06-01,M2_DistPred_Minusformer,207.2,149.59827837241528,80.55680682884936,276.14737439441046
1999-07-01,M2_DistPred_Minusformer,173.5,176.60590998618287,93.28994888217659,329.3581762983573
1999-08-01,M2_DistPred_Minusformer,142.3,195.59145741103876,94.26282197394715,391.76440304763594
1999-09-01,M2_DistPred_Minusformer,106.3,197.17293726487128,91.333529208718,406.22961491072186
1999-10-01,M2_DistPred_Minusformer,168.7,181.6304348360781,87.25900233723353,368.9834576440584
1999-11-01,M2_DistPred_Minusformer,188.3,193.13877519431043,98.03684813968947,366.6880207300809
1999-12-01,M2_DistPred_Minusformer,116.8,204.6699379046857,106.19199926357251,382.75006082973727
2000-01-01,M2_DistPred_Minusformer,133.1,191.54064417878763,89.33286855713142,396.8180817061231
2000-02-01,M2_DistPred_Minusformer,165.7,191.27314085832597,88.07336122486566,397.9833204768918
2000-03-01,M2_DistPred_Minusformer,217.7,195.17989012490398,98.08566622581233,380.5862090213315
2000-04-01,M2_DistPred_Minusformer,191.5,209.0454849584655,112.49690984603531,381.773161453779
2000-05-01,M2_DistPred_Minusformer,165.9,212.07741079851618,121.37068740831572,366.0791257367643
2000-06-01,M2_DistPred_Minusformer,188.0,215.35089820903391,108.2089839326254,412.61068107841754
2000-07-01,M2_DistPred_Minusformer,244.3,212.81174944782276,120.76060484968325,365.8142265687024
2000-08-01,M2_DistPred_Minusformer,180.5,231.7840334405994,137.97678630440475,386.5779307719483
2000-09-01,M2_DistPred_Minusformer,156.0,231.0678634605733,116.46627632015901,443.6642266871008
2000-10-01,M2_DistPred_Minusformer,141.6,211.92693218755514,117.82683147737718,374.2518384856852
2000-11-01,M2_DistPred_Minusformer,158.1,200.51403601778887,111.25745688092597,352.12569878430395
2000-12-01,M2_DistPred_Minusformer,143.3,200.91887866403636,96.25177154665326,399.4959629335514
2001-01-01,M2_DistPred_Minusformer,142.6,187.48977923038024,96.49681887815032,350.802781197963
2001-02-01,M2_DistPred_Minusformer,121.5,176.81981038140023,101.56820715780457,301.7595744420243
2001-03-01,M2_DistPred_Minusformer,165.8,160.52833835169432,97.1877929849056,261.19638641630155
2001-04-01,M2_DistPred_Minusformer,161.7,168.6324694306473,92.00127745660025,300.3910577941282
2001-05-01,M2_DistPred_Minusformer,142.1,170.8711796028532,91.14075393818601,309.5313962775343
2001-06-01,M2_DistPred_Minusformer,202.9,166.7616747268377,82.51769900053509,327.20530571191574
2001-07-01,M2_DistPred_Minusformer,123.0,173.14292240479335,113.10546429460416,265.3045940759215
2001-08-01,M2_DistPred_Minusformer,161.5,160.86571284758676,90.44199413876161,281.96375800754373
2001-09-01,M2_DistPred_Minusformer,238.2,168.72034803248025,86.64994693890662,316.60505483358725
2001-10-01,M2_DistPred_Minusformer,194.1,184.82532567708526,102.16955257153175,329.60773693415337
2001-11-01,M2_DistPred_Minusformer,176.6,189.7402265817466,105.8884139558209,334.2088576014501
2001-12-01,M2_DistPred_Minusformer,213.4,183.77760384413426,109.53413120638137,304.4303160883322
2002-01-01,M2_DistPred_Minusformer,184.6,194.9380675148491,111.91129439682159,332.38074722450995
2002-02-01,M2_DistPred_Minusformer,170.2,188.61912281835168,117.62852730998775,299.35807449388085
2002-03-01,M2_DistPred_Minusformer,147.1,187.0284679692081,93.81621723206709,374.76822974130226
2002-04-01,M2_DistPred_Minusformer,186.9,179.2436544663133,103.78304929827439,302.77414847927764
2002-05-01,M2_DistPred_Minusformer,187.5,182.73767984422102,95.24761596095662,350.5963491102365
2002-06-01,M2_DistPred_Minusformer,128.8,181.51598818844909,113.1012895411309,286.000142710715
2002-07-01,M2_DistPred_Minusformer,161.0,167.05034356551025,101.21434736602245,271.57801111850597
2002-08-01,M2_DistPred_Minusformer,175.6,164.89276364576304,109.14433067134641,247.75021129475013
2002-09-01,M2_DistPred_Minusformer,187.9,170.25277474447432,102.95036868657384,278.40183647832833
2002-10-01,M2_DistPred_Minusformer,151.2,174.2871305936669,93.02712200828445,327.69095083908604
2002-11-01,M2_DistPred_Minusformer,147.2,166.51837248297497,96.57107648485231,279.18722151360316
2002-12-01,M2_DistPred_Minusformer,135.3,160.3043322253809,99.57661348654443,255.091211073436
2003-01-01,M2_DistPred_Minusformer,133.5,150.74561551037695,96.15456832887061,232.38592909369197
2003-02-01,M2_DistPred_Minusformer,75.7,143.95059421613578,98.83310329266502,208.600286106822
2003-03-01,M2_DistPred_Minusformer,100.7,120.16485103262542,73.08897896117703,193.56080744837226
2003-04-01,M2_DistPred_Minusformer,97.9,117.9934563273791,62.240139338294114,216.1078778030147
2003-05-01,M2_DistPred_Minusformer,86.8,110.84701788876325,75.49620092447223,157.5352223029807
2003-06-01,M2_DistPred_Minusformer,118.7,104.18818432058207,53.49052731046628,197.59800192990969
2003-07-01,M2_DistPred_Minusformer,128.3,104.95133664850862,63.973222655491284,169.6267924769478
2003-08-01,M2_DistPred_Minusformer,115.4,112.85866206276685,60.06922907687125,204.22148852719917
2003-09-01,M2_DistPred_Minusformer,78.5,109.7060663292931,62.56429048482964,188.0316888375693
2003-10-01,M2_DistPred_Minusformer,97.8,101.00976409125553,52.19004303965293,187.3960004986814
2003-11-01,M2_DistPred_Minusformer,82.9,99.82333186047474,53.06456357561714,181.01962345785736
2003-12-01,M2_DistPred_Minusformer,72.2,91.842924651911,52.394138785026676,158.17263467055702
2004-01-01,M2_DistPred_Minusformer,60.6,86.03469220669649,47.031140678338765,152.29127839509658
2004-02-01,M2_DistPred_Minusformer,74.6,77.36161026488526,41.972566806498335,137.22309784959475
2004-03-01,M2_DistPred_Minusformer,74.8,75.12834375005964,43.90402788878997,125.50014521857452
2004-04-01,M2_DistPred_Minusformer,59.2,72.6016482234484,42.38118592562275,121.49369658502349
2004-05-01,M2_DistPred_Minusformer,72.8,66.41036775800104,39.05287512602669,110.44696017971286
2004-06-01,M2_DistPred_Minusformer,66.5,65.79673053216324,41.957236279752124,102.52098590368969
2004-07-01,M2_DistPred_Minusformer,83.8,64.36536197888115,32.97505572396397,126.19026515888669
2004-08-01,M2_DistPred_Minusformer,69.7,66.28100850267522,40.4861636595754,107.03206450842772
2004-09-01,M2_DistPred_Minusformer,48.8,65.91208528209035,35.88599256624516,118.09436559725198
2004-10-01,M2_DistPred_Minusformer,74.2,57.836827150800666,36.50049591400475,90.48589216603004
2004-11-01,M2_DistPred_Minusformer,70.1,60.107863802642036,39.653289736014095,90.20167926999703
2004-12-01,M2_DistPred_Minusformer,28.9,60.779758538326234,37.74521652795746,95.81972186243935
2005-01-01,M2_DistPred_Minusformer,48.1,48.7546981713317,22.804782127551906,103.80564511983421
2005-02-01,M2_DistPred_Minusformer,43.5,47.0262668034283,28.142679242521698,77.34490666631795
2005-03-01,M2_DistPred_Minusformer,39.6,44.206955551121254,29.07327826276104,66.99994472947822
2005-04-01,M2_DistPred_Minusformer,38.7,41.903870848029726,19.900585291298356,87.93368839532634
2005-05-01,M2_DistPred_Minusformer,61.9,39.42849220609556,21.99924336287061,68.43804787136324
2005-06-01,M2_DistPred_Minusformer,56.8,44.26711072391114,22.67689706271878,82.50080505722877
2005-07-01,M2_DistPred_Minusformer,62.4,43.98528345344076,24.191500414642412,78.02673599006064
2005-08-01,M2_DistPred_Minusformer,60.5,47.63339154331157,24.87959904635274,87.57948226330922
2005-09-01,M2_DistPred_Minusformer,37.2,49.740658960158484,26.189222768100635,90.94840945599431
2005-10-01,M2_DistPred_Minusformer,13.2,44.677509036519425,19.905590931051076,100.15218489481727
2005-11-01,M2_DistPred_Minusformer,27.5,32.08930908419124,10.519519731476514,97.1521403940848
2005-12-01,M2_DistPred_Minusformer,59.3,31.210774813922455,12.15243257459144,77.83192115201614
2006-01-01,M2_DistPred_Minusformer,20.9,35.23437560891019,19.365939307391766,62.93336545983287
2006-02-01,M2_DistPred_Minusformer,5.7,30.18951055583248,11.39839400564118,74.54215020876039
2006-03-01,M2_DistPred_Minusformer,17.3,18.93589102204383,6.366431983947595,49.94060473506651
2006-04-01,M2_DistPred_Minusformer,50.3,18.556702895906717,7.103104614204717,45.18735003213715
2006-05-01,M2_DistPred_Minusformer,37.2,24.221785323867003,5.7229494912331305,95.3084491110924
2006-06-01,M2_DistPred_Minusformer,24.5,26.411417125938787,7.32412400082988,82.6323577617037
2006-07-01,M2_DistPred_Minusformer,22.2,25.038087487014693,6.71259550354441,82.0377885313462
2006-08-01,M2_DistPred_Minusformer,20.8,23.89721101207786,7.086842449225125,70.51347729361947
2006-09-01,M2_DistPred_Minusformer,23.7,22.514856789393995,7.144887492533236,62.39385666803992
2006-10-01,M2_DistPred_Minusformer,14.9,22.262207714052437,4.557161032719504,99.8807201520316
2006-11-01,M2_DistPred_Minusformer,35.7,19.93469021138662,5.085511511838311,68.1033203876922
2006-12-01,M2_DistPred_Minusformer,22.3,22.26163573894882,7.9102234851348765,57.88393635771753
2007-01-01,M2_DistPred_Minusformer,29.3,22.035142995036043,6.732358337915165,62.913144274542354
2007-02-01,M2_DistPred_Minusformer,18.4,22.619441892929203,8.508229769304567,55.12509448965732
2007-03-01,M2_DistPred_Minusformer,7.2,19.90697393629894,8.247204359510848,45.765878439887
2007-04-01,M2_DistPred_Minusformer,5.4,15.513334250680824,5.404007067345807,39.629230592903184
2007-05-01,M2_DistPred_Minusformer,19.5,11.627900236573678,3.1622028805596596,35.52875947950144
2007-06-01,M2_DistPred_Minusformer,21.3,13.353555359307204,4.030309291484699,38.54996493683437
2007-07-01,M2_DistPred_Minusformer,15.1,14.726637160260964,4.607445890264138,41.176760326981764
2007-08-01,M2_DistPred_Minusformer,9.8,14.311233322665366,4.020642503778381,43.468506894646836
2007-09-01,M2_DistPred_Minusformer,4.0,12.198446214857004,4.882348161462233,28.127906171624097
2007-10-01,M2_DistPred_Minusformer,1.5,9.184142103011208,2.462846331402295,27.65328767730638
2007-11-01,M2_DistPred_Minusformer,2.8,6.146222339420867,0.18837483651288653,43.77921242874705
2007-12-01,M2_DistPred_Minusformer,17.3,5.029837645736813,0.0,55.240073657786176
2008-01-01,M2_DistPred_Minusformer,4.1,6.524790785720245,2.0095504204051373,17.552436999980106
2008-02-01,M2_DistPred_Minusformer,2.9,5.310331659326025,0.9850322679490982,17.900576938191566
2008-03-01,M2_DistPred_Minusformer,15.5,4.453649291950509,0.43985332232709756,18.232496314438915
2008-04-01,M2_DistPred_Minusformer,3.6,6.118940934833717,2.0299303845733148,14.101151385194026
2008-05-01,M2_DistPred_Minusformer,4.6,5.320121210020829,0.5678387371985152,22.307754986085087
2008-06-01,M2_DistPred_Minusformer,5.2,4.865812547826317,0.5300297245749115,19.996204836926076
2008-07-01,M2_DistPred_Minusformer,0.6,4.897027865227846,0.3674782575745044,22.20508795330482
2008-08-01,M2_DistPred_Minusformer,0.3,2.7547731421410533,0.584746157847936,7.896857313123519
2008-09-01,M2_DistPred_Minusformer,1.2,2.084327353733712,0.0,13.586426957422619
2008-10-01,M2_DistPred_Minusformer,4.2,1.7776674635046277,0.0,8.642797880576234
2008-11-01,M2_DistPred_Minusformer,6.6,2.1194911796301357,0.0,9.838519539980878
2008-12-01,M2_DistPred_Minusformer,1.0,2.5962667976334024,0.04506837392558056,10.929252075794844
2009-01-01,M2_DistPred_Minusformer,1.3,1.919929349280428,0.0,9.122995254262246
2009-02-01,M2_DistPred_Minusformer,1.2,1.7927458704702168,0.0,10.659247921873849
2009-03-01,M2_DistPred_Minusformer,0.6,1.5500170063759828,0.0,8.544791670115215
2009-04-01,M2_DistPred_Minusformer,1.2,1.1684018376015097,0.0,7.3307368695878505
2009-05-01,M2_DistPred_Minusformer,2.9,1.0805822382188754,0.0,15.255843128606582
2009-06-01,M2_DistPred_Minusformer,6.3,1.318107130628436,0.0,6.966805483356784
2009-07-01,M2_DistPred_Minusformer,5.5,1.9309390562697142,0.0,8.16632975851723
2009-08-01,M2_DistPred_Minusformer,0.0,2.2578976487843945,0.26305225436081664,7.28451803620565
2009-09-01,M2_DistPred_Minusformer,7.1,1.2223385157978468,0.0,4.880488984343488
2009-10-01,M2_DistPred_Minusformer,7.7,2.191201468645373,0.07548249844106389,8.182547006491932
2009-11-01,M2_DistPred_Minusformer,6.9,3.0067798175153033,0.5191545957955033,9.61016599031424
2009-12-01,M2_DistPred_Minusformer,16.3,3.6087144609488044,0.505021015615136,12.83176616883399
2010-01-01,M2_DistPred_Minusformer,19.5,5.688686055712166,0.24324155178860132,31.4349729478271
2010-02-01,M2_DistPred_Minusformer,28.5,7.399121636580395,1.8913610156384348,23.59410562589641
2010-03-01,M2_DistPred_Minusformer,24.0,10.798263457659177,1.3415889785134039,55.494457107702765
2010-04-01,M2_DistPred_Minusformer,10.4,13.341655060291854,4.964101476024754,31.712095772774553
2010-05-01,M2_DistPred_Minusformer,13.9,12.944553729433006,3.931576360657406,38.709205525902455
2010-06-01,M2_DistPred_Minusformer,18.8,14.777331275304592,2.2577991480752506,70.64039651557475
2010-07-01,M2_DistPred_Minusformer,25.2,15.251892019486466,6.39667152029865,35.62585622008623
2010-08-01,M2_DistPred_Minusformer,29.6,19.497111138203834,7.177135346236463,45.01989122566625
2010-09-01,M2_DistPred_Minusformer,36.4,21.977880122052927,7.508419621233667,61.38665238330656
2010-10-01,M2_DistPred_Minusformer,33.6,25.14860971402623,11.106122571615696,58.48310277691872
2010-11-01,M2_DistPred_Minusformer,34.4,27.989195979864558,12.552562375762983,64.68908396738209
2010-12-01,M2_DistPred_Minusformer,24.5,32.886210329895874,13.05216586755981,79.77268116857603
2011-01-01,M2_DistPred_Minusformer,27.3,33.61511746272049,13.1648996940178,75.05400370416704
2011-02-01,M2_DistPred_Minusformer,48.3,34.74223252114836,11.016505883080722,101.53405498275562
2011-03-01,M2_DistPred_Minusformer,78.6,41.14954393429721,20.735866746026154,84.6441801475256
2011-04-01,M2_DistPred_Minusformer,76.1,56.16389957270846,27.63249082865122,106.93282832590664
2011-05-01,M2_DistPred_Minusformer,58.2,64.2995135525907,27.023267321021528,151.6181743285009
2011-06-01,M2_DistPred_Minusformer,56.1,65.06804195899831,33.453882630523935,132.37816132211893
2011-07-01,M2_DistPred_Minusformer,64.5,72.00940387619177,37.46158871760252,136.24489871721696
2011-08-01,M2_DistPred_Minusformer,65.8,82.91852252467291,40.213277762214936,151.60243128083047
2011-09-01,M2_DistPred_Minusformer,120.1,87.8257399875888,43.58444367457901,162.2377838146815
2011-10-01,M2_DistPred_Minusformer,125.7,109.85716734502779,39.588822794345305,291.1081583767802
2011-11-01,M2_DistPred_Minusformer,139.1,128.09244840107235,64.07155422106557,242.8539087280229
2011-12-01,M2_DistPred_Minusformer,109.3,144.29446065673554,61.86654126260379,334.0151332159881
2012-01-01,M2_DistPred_Minusformer,94.4,146.76292814568046,62.448409151587256,340.37013914832
2012-02-01,M2_DistPred_Minusformer,47.8,148.11996951097237,60.10937826257692,353.30743692363166
2012-03-01,M2_DistPred_Minusformer,86.6,134.07598968376632,44.0768060573152,383.72145511736653
2012-04-01,M2_DistPred_Minusformer,85.9,138.2527224450137,49.19648471770885,361.9637264335855
2012-05-01,M2_DistPred_Minusformer,96.5,129.94181880827065,53.88435402528223,304.58446053033236
2012-06-01,M2_DistPred_Minusformer,92.0,138.5942046327117,52.08231172376317,344.79776113761363
2012-07-01,M2_DistPred_Minusformer,100.1,128.35648467502034,67.76619542568572,237.50239892491626
2012-08-01,M2_DistPred_Minusformer,94.8,129.66880321469068,65.4004280821138,254.8734249667971
2012-09-01,M2_DistPred_Minusformer,93.7,130.21553774330533,55.89085992031108,288.71509777449563
2012-10-01,M2_DistPred_Minusformer,76.5,128.1305277870907,45.52436909692518,363.4524589418906
2012-11-01,M2_DistPred_Minusformer,87.6,121.62032049141416,39.466386117292956,382.45695312198586
2012-12-01,M2_DistPred_Minusformer,56.8,124.69811089238242,50.083206987896574,289.7106851533398
2013-01-01,M2_DistPred_Minusformer,96.1,104.3478030607791,49.93636462255745,209.7381110945975
2013-02-01,M2_DistPred_Minusformer,60.9,109.04072393840052,54.403549507554395,213.97487515609183
2013-03-01,M2_DistPred_Minusformer,78.3,96.40964052008255,47.71210480269538,190.427697447873
2013-04-01,M2_DistPred_Minusformer,107.3,96.38021516093451,49.033853798880216,187.09640113768944
2013-05-01,M2_DistPred_Minusformer,120.2,105.0687563626738,46.06189808304177,229.1771956886579
2013-06-01,M2_DistPred_Minusformer,76.7,115.89915453971967,38.88076339373649,347.82524306919146
2013-07-01,M2_DistPred_Minusformer,86.2,107.75938408385392,44.871991103564795,244.70790014473147
2013-08-01,M2_DistPred_Minusformer,91.8,106.20329141683665,51.69919415138459,209.7297629436912
2013-09-01,M2_DistPred_Minusformer,54.5,104.15733354665163,58.20434339495327,182.432810445197
2013-10-01,M2_DistPred_Minusformer,114.4,89.41591557781003,42.51144913760451,183.84521853282163
2013-11-01,M2_DistPred_Minusformer,113.9,97.68605811801872,53.64342458034955,174.8270796595018
2013-12-01,M2_DistPred_Minusformer,124.2,103.81589035141417,53.127077822679254,196.18852585031962
2014-01-01,M2_DistPred_Minusformer,117.0,110.00293032301724,63.16181271387876,189.6716055862554
2014-02-01,M2_DistPred_Minusformer,146.1,114.51306074578508,54.621029408016724,232.12052204224176
2014-03-01,M2_DistPred_Minusformer,128.7,124.2984468661549,69.09394583090003,219.423027892873
2014-04-01,M2_DistPred_Minusformer,112.5,123.51967908855733,70.37396036596294,213.99399523135205
2014-05-01,M2_DistPred_Minusformer,112.5,122.49263676436337,64.95421599478387,226.52112015146406
2014-06-01,M2_DistPred_Minusformer,102.9,118.03136028384452,71.08497495713748,194.62808444577954
2014-07-01,M2_DistPred_Minusformer,100.2,117.6700244541144,56.03723171428556,245.1612179358328
2014-08-01,M2_DistPred_Minusformer,106.9,112.7752024831276,73.20866559463539,168.862436775456
2014-09-01,M2_DistPred_Minusformer,130.0,112.96208264679719,72.90228826113439,173.28309527123477
2014-10-01,M2_DistPred_Minusformer,90.0,120.06841995663585,69.57554061339572,203.81573754354537
2014-11-01,M2_DistPred_Minusformer,103.6,109.92499506186796,68.13838070654532,176.7170645990442
2014-12-01,M2_DistPred_Minusformer,112.9,111.07924577349549,65.27195307335577,185.03574851753993
2015-01-01,M2_DistPred_Minusformer,93.0,111.27425861002915,74.086856528431,165.58021201743333
2015-02-01,M2_DistPred_Minusformer,66.7,106.59798387196669,64.84353103712361,173.1232666121467
2015-03-01,M2_DistPred_Minusformer,54.5,97.03381570549827,49.47118930651635,182.17081855810224
2015-04-01,M2_DistPred_Minusformer,75.3,83.3316945295995,44.54248127521187,152.18638694864532
2015-05-01,M2_DistPred_Minusformer,88.8,81.29746810785407,48.04916480892861,136.85160598201517
2015-06-01,M2_DistPred_Minusformer,66.5,83.32415371091106,49.59562644572829,138.21349158042293
2015-07-01,M2_DistPred_Minusformer,65.8,80.92156823825326,41.66808877083749,151.2821783225935
2015-08-01,M2_DistPred_Minusformer,64.4,76.78806198366195,39.911410742869464,141.7922817536688
2015-09-01,M2_DistPred_Minusformer,78.6,73.29326849729085,41.42955791269042,126.16724270072937
2015-10-01,M2_DistPred_Minusformer,63.6,76.9148192407368,38.451955498660226,146.855282318763
2015-11-01,M2_DistPred_Minusformer,62.2,72.20322357938643,35.15852236768445,143.4196970108762
2015-12-01,M2_DistPred_Minusformer,58.0,67.6597728403416,39.65952026888774,112.61817278909696
2016-01-01,M2_DistPred_Minusformer,57.0,63.8086689525248,40.04667757780437,100.65564629999008
2016-02-01,M2_DistPred_Minusformer,56.4,61.70964000706277,37.507423293533435,100.85204778055102
2016-03-01,M2_DistPred_Minusformer,54.1,60.06336424543149,34.463131979759666,102.13009410875999
2016-04-01,M2_DistPred_Minusformer,37.9,58.12673453549881,35.74363822981962,93.6188903482137
2016-05-01,M2_DistPred_Minusformer,51.5,51.11523423012393,30.591718193695268,83.22135177551317
2016-06-01,M2_DistPred_Minusformer,20.5,51.19793131161745,29.184544020615537,87.35866988714996
2016-07-01,M2_DistPred_Minusformer,32.4,38.721354171073955,20.73564503374354,70.23527432285091
2016-08-01,M2_DistPred_Minusformer,50.2,37.42975751681993,19.481764430799995,68.81506222725646
2016-09-01,M2_DistPred_Minusformer,44.6,38.31965538584521,24.942911104369188,57.476088073786556
2016-10-01,M2_DistPred_Minusformer,33.4,39.58979017897775,20.555466670358648,72.98189149558692
2016-11-01,M2_DistPred_Minusformer,21.4,35.86670377039815,19.02806814920969,64.90644252369472
2016-12-01,M2_DistPred_Minusformer,18.5,30.911720226448942,15.419888966647509,58.771862647135926
2017-01-01,M2_DistPred_Minusformer,26.1,26.337268733248404,13.177383717983972,49.77230497652721
2017-02-01,M2_DistPred_Minusformer,26.4,26.03668173128111,12.167741559811168,52.377783487279615
2017-03-01,M2_DistPred_Minusformer,17.7,25.273708055216094,12.185119113210748,49.2948433762266
2017-04-01,M2_DistPred_Minusformer,32.3,21.79345841922128,10.071548156404317,44.96602676381694
2017-05-01,M2_DistPred_Minusformer,18.9,23.049156571746817,13.484835886458214,38.49152942106216
2017-06-01,M2_DistPred_Minusformer,19.2,21.08924782038606,10.503284982804104,39.91936628775097
2017-07-01,M2_DistPred_Minusformer,17.8,19.93359725619641,9.759999456197612,38.441802102753435
2017-08-01,M2_DistPred_Minusformer,32.6,18.10226802536137,9.842637312756159,31.902205964040554
2017-09-01,M2_DistPred_Minusformer,43.7,21.433478827141645,9.299172214427523,47.203283524308425
2017-10-01,M2_DistPred_Minusformer,13.2,24.389232396984877,12.450240250839869,45.4233212569909
2017-11-01,M2_DistPred_Minusformer,5.7,20.005875291340196,6.19775871587735,62.61763737328754
2017-12-01,M2_DistPred_Minusformer,8.2,14.272487024000727,5.218340919282577,34.66007657020515
2018-01-01,M2_DistPred_Minusformer,6.8,11.985803541588334,5.054277545274489,25.948625949356124
2018-02-01,M2_DistPred_Minusformer,10.7,10.273553689118634,3.6865993879640113,24.82575095315854
2018-03-01,M2_DistPred_Minusformer,2.5,10.111844689448885,2.8965335485009702,30.466324270343062
2018-04-01,M2_DistPred_Minusformer,8.9,6.7011149235053455,1.9216534616636274,18.09629788870206
2018-05-01,M2_DistPred_Minusformer,13.1,7.339231722497162,1.7077445757190368,23.761666080535978
2018-06-01,M2_DistPred_Minusformer,15.6,7.94968341297489,2.1873381166698533,22.800205530723485
2018-07-01,M2_DistPred_Minusformer,1.6,9.517394740245763,2.357823641749961,29.27921790321396
2018-08-01,M2_DistPred_Minusformer,8.7,5.452853366266781,0.6355558311869851,24.66011413469215
2018-09-01,M2_DistPred_Minusformer,3.3,6.32469762555883,0.42010400903278855,39.00731253157202
2018-10-01,M2_DistPred_Minusformer,4.9,4.62993058324561,1.6539210765187837,10.675673085164789
2018-11-01,M2_DistPred_Minusformer,4.9,4.850893373779101,0.1990387523019953,28.872358227249972
2018-12-01,M2_DistPred_Minusformer,3.1,4.605859079930492,0.5054105942542948,18.743291536460518
2019-01-01,M2_DistPred_Minusformer,7.7,4.045203811914191,0.272891999922007,19.21502691769289
2019-02-01,M2_DistPred_Minusformer,0.8,4.363626055387322,1.1707406583387416,11.945756424615565
2019-03-01,M2_DistPred_Minusformer,9.4,2.9068991394405224,0.1752836045231711,11.035392728179401
2019-04-01,M2_DistPred_Minusformer,9.1,3.7788001859154807,0.913888241184885,10.721461970680151
2019-05-01,M2_DistPred_Minusformer,9.9,4.334943768953355,0.9878651623116392,13.020407104478869
2019-06-01,M2_DistPred_Minusformer,1.2,5.544911679960085,0.9701367352438648,19.809613095900428
2019-07-01,M2_DistPred_Minusformer,0.9,3.6674673797133446,0.0,24.148885816556422
2019-08-01,M2_DistPred_Minusformer,0.5,2.6521019586620627,0.014574678934438397,11.45237718416112
2019-09-01,M2_DistPred_Minusformer,1.1,1.729977195324135,0.0,7.262387812449294
2019-10-01,M2_DistPred_Minusformer,0.4,1.6305576429456106,0.0,14.856432572752764
2019-11-01,M2_DistPred_Minusformer,0.5,1.1810223574526186,0.0,8.910418559345596
2019-12-01,M2_DistPred_Minusformer,1.5,0.8955946332693501,0.0,8.655556541042408
2020-01-01,M2_DistPred_Minusformer,6.2,0.8516500453252456,0.0,4.42534667476528
2020-02-01,M2_DistPred_Minusformer,0.2,1.5979965265876999,0.0,8.504497481461978
2020-03-01,M2_DistPred_Minusformer,1.5,0.8373351155886719,0.0,4.152367519384509
2020-04-01,M2_DistPred_Minusformer,5.2,1.0194470085148808,0.0,6.771373500842588
2020-05-01,M2_DistPred_Minusformer,0.2,1.5661816217598195,0.10097678925365389,4.413905981910601
2020-06-01,M2_DistPred_Minusformer,5.8,1.1586072603170199,0.0,9.264952690610986
2020-07-01,M2_DistPred_Minusformer,6.1,1.6843371022202906,0.0,7.6923548448256405
2020-08-01,M2_DistPred_Minusformer,7.5,2.3532692933060875,0.0,10.161086725681786
2020-09-01,M2_DistPred_Minusformer,0.6,3.3958230063269426,0.0,18.27396119632626
2020-10-01,M2_DistPred_Minusformer,14.6,2.5252426299537234,0.0,17.59021812487128
2020-11-01,M2_DistPred_Minusformer,34.5,3.984447749623085,0.5807797213843477,14.279106840094254
2020-12-01,M2_DistPred_Minusformer,23.1,6.971859076163423,1.3619085195259912,25.51149406877383
2021-01-01,M2_DistPred_Minusformer,10.4,9.127801719241761,1.9327201400699883,33.14495607357727
2021-02-01,M2_DistPred_Minusformer,8.2,9.7709382012758,2.4685199073273583,32.086357485585516
2021-03-01,M2_DistPred_Minusformer,17.2,9.843060334329321,2.6674718015374235,28.982124881298347
2021-04-01,M2_DistPred_Minusformer,24.5,12.618881647768726,3.8851217900879957,32.15648543309976
2021-05-01,M2_DistPred_Minusformer,21.2,15.740309414260828,2.1288172847370292,83.90327027878591
2021-06-01,M2_DistPred_Minusformer,25.0,16.851156560197914,3.5600333725529154,68.10462643509545
2021-07-01,M2_DistPred_Minusformer,34.3,22.315092213372854,2.568045280758366,132.36891941393034
2021-08-01,M2_DistPred_Minusformer,22.0,24.1284380241238,6.5112062270432824,81.53241068031777
2021-09-01,M2_DistPred_Minusformer,51.3,24.795353526815695,10.18363046939056,58.547966888599326
2021-10-01,M2_DistPred_Minusformer,37.4,34.533133872286776,12.367695090344615,79.69200996923392
2021-11-01,M2_DistPred_Minusformer,34.8,35.05708832343195,12.771406639564306,92.24111053872662
2021-12-01,M2_DistPred_Minusformer,67.5,35.98643420352151,14.9503856912424,84.35669036667582
2022-01-01,M2_DistPred_Minusformer,55.3,47.88327851669129,17.594531748907304,125.40600609265599
2022-02-01,M2_DistPred_Minusformer,60.9,54.73770767898971,20.908097720232945,138.1523088603277
2022-03-01,M2_DistPred_Minusformer,78.6,61.420783373047726,28.65178252279287,132.08766665186747
2022-04-01,M2_DistPred_Minusformer,84.0,75.80147177311808,28.054952433096332,197.09615360769763
2022-05-01,M2_DistPred_Minusformer,96.5,84.51557570134769,41.887202422365625,177.9181938633782
2022-06-01,M2_DistPred_Minusformer,70.3,108.6921832786006,27.513304923628752,391.2983471283078
2022-07-01,M2_DistPred_Minusformer,91.4,107.67003847402317,30.384280626011098,363.3309678270315
2022-08-01,M2_DistPred_Minusformer,74.6,114.1655824103536,54.825825510672644,217.6741797418503
2022-09-01,M2_DistPred_Minusformer,96.0,117.15276088694425,60.13504291192976,214.72253619636163
2022-10-01,M2_DistPred_Minusformer,95.5,126.49488026396921,47.82464439176704,328.49569932808237
2022-11-01,M2_DistPred_Minusformer,80.5,133.30379285423783,43.32989768765123,391.94137417674983
2022-12-01,M2_DistPred_Minusformer,112.8,133.16959343018868,59.74001570071304,289.69437244264043
2023-01-01,M2_DistPred_Minusformer,144.4,153.879058228181,43.871727449048194,490.1508238898205
1998-06-01,M3_Quantile_ANN,90.5,88.1251302504386,32.73057974861676,221.9291278149045
1998-07-01,M3_Quantile_ANN,96.7,107.90329467070805,43.41431855576355,261.0351955414623
1998-08-01,M3_Quantile_ANN,121.1,97.14035465280587,36.38587094294294,239.46164098540385
1998-09-01,M3_Quantile_ANN,132.0,119.02872868123346,42.78968862031825,300.26896311993227
1998-10-01,M3_Quantile_ANN,78.5,134.54079706326402,51.262110664119135,335.0085700974864
1998-11-01,M3_Quantile_ANN,97.3,115.53589586338067,39.476858977418765,316.0628995244213
1998-12-01,M3_Quantile_ANN,119.2,141.4163457773981,50.39912176789193,382.8736485457596
1999-01-01,M3_Quantile_ANN,86.0,161.5566768652326,61.284299665391444,400.13579825225503
1999-02-01,M3_Quantile_ANN,98.0,108.12093294771408,34.030130247085495,316.58143350566235
1999-03-01,M3_Quantile_ANN,103.5,109.22859806221896,35.31813263193455,319.40441667548055
1999-04-01,M3_Quantile_ANN,93.6,135.59710974903442,47.52429311511326,375.3640575018258
1999-05-01,M3_Quantile_ANN,149.6,124.26871306769138,38.686969753543856,380.4633447101478
1999-06-01,M3_Quantile_ANN,207.2,150.46158501648992,50.2354162859004,429.92842230203564
1999-07-01,M3_Quantile_ANN,173.5,179.7342555821598,62.15687685491205,503.7004285289386
1999-08-01,M3_Quantile_ANN,142.3,181.61035932278014,58.17922527534657,548.9668456308028
1999-09-01,M3_Quantile_ANN,106.3,179.57098193789508,54.7889847554126,564.749670768654
1999-10-01,M3_Quantile_ANN,168.7,182.92739206903917,59.01367210187153,540.6331844768465
1999-11-01,M3_Quantile_ANN,188.3,185.21304347411962,60.98737420317317,541.1552792284687
1999-12-01,M3_Quantile_ANN,116.8,184.7581134238255,59.063831723095845,558.7395947977511
2000-01-01,M3_Quantile_ANN,133.1,172.54581306097222,53.96033461610637,526.6588230368887
2000-02-01,M3_Quantile_ANN,165.7,177.63736629197513,54.609288013651415,544.9426936670092
2000-03-01,M3_Quantile_ANN,217.7,181.20873713755867,60.67615314424654,522.1906329086383
2000-04-01,M3_Quantile_ANN,191.5,205.5546886353121,71.80315035885987,573.5330711114503
2000-05-01,M3_Quantile_ANN,165.9,207.7487242594289,71.84973182892635,583.2632648712704
2000-06-01,M3_Quantile_ANN,188.0,182.68016036895747,58.22322253626979,551.7005701988818
2000-07-01,M3_Quantile_ANN,244.3,195.46127027422347,65.11619623142502,567.0210806813949
2000-08-01,M3_Quantile_ANN,180.5,266.414224399305,99.93728212772746,698.6581628728264
2000-09-01,M3_Quantile_ANN,156.0,212.18971248770686,71.44307167960947,606.1660410050456
2000-10-01,M3_Quantile_ANN,141.6,194.85450281298318,64.27194682290515,565.9516023422387
2000-11-01,M3_Quantile_ANN,158.1,194.26327145975668,70.38026064089252,522.409887265245
2000-12-01,M3_Quantile_ANN,143.3,174.5064818713943,59.919618886383056,488.8452584099823
2001-01-01,M3_Quantile_ANN,142.6,172.59105799469793,58.91840050408808,485.4117174211318
2001-02-01,M3_Quantile_ANN,121.5,173.4155649964517,63.58389231271664,456.8413117262509
2001-03-01,M3_Quantile_ANN,165.8,145.7080057972155,53.21181187531115,389.8087665327499
2001-04-01,M3_Quantile_ANN,161.7,155.5073176999038,58.93118572416764,402.0068678363712
2001-05-01,M3_Quantile_ANN,142.1,167.77145104262829,65.09503880955485,423.5450501187356
2001-06-01,M3_Quantile_ANN,202.9,159.11178481394361,60.149048429737775,409.8283410245328
2001-07-01,M3_Quantile_ANN,123.0,183.8551568538689,71.961808984012,456.233183585487
2001-08-01,M3_Quantile_ANN,161.5,144.95965685023765,53.05833674276072,383.19153915209154
2001-09-01,M3_Quantile_ANN,238.2,154.998264884728,56.571866053239034,407.12606698080134
2001-10-01,M3_Quantile_ANN,194.1,202.6435360412091,76.775071940985,521.733980319782
2001-11-01,M3_Quantile_ANN,176.6,197.8401400419364,74.1305833825055,505.56144438990293
2001-12-01,M3_Quantile_ANN,213.4,181.29966932041026,68.09285413540239,463.6852747846565
2002-01-01,M3_Quantile_ANN,184.6,199.1031059873929,78.27253570080867,490.6322544229784
2002-02-01,M3_Quantile_ANN,170.2,174.6696526005752,65.41763650049062,457.03297623200547
2002-03-01,M3_Quantile_ANN,147.1,191.11054408790366,74.64251808287618,481.16721065097545
2002-04-01,M3_Quantile_ANN,186.9,185.18623706996587,71.41299740002296,465.8361365458316
2002-05-01,M3_Quantile_ANN,187.5,171.79491054302656,66.90681442475899,430.7066059722104
2002-06-01,M3_Quantile_ANN,128.8,193.3333594329849,78.29004961916822,469.92918166467706
2002-07-01,M3_Quantile_ANN,161.0,165.21501779939663,65.52022041034981,409.1837018514155
2002-08-01,M3_Quantile_ANN,175.6,170.66135338048065,66.9284500091964,425.4215127695981
2002-09-01,M3_Quantile_ANN,187.9,176.685225429818,71.92887012583235,424.65489410872397
2002-10-01,M3_Quantile_ANN,151.2,182.77525141017304,73.77706188744082,440.76728728423996
2002-11-01,M3_Quantile_ANN,147.2,161.61885572102653,64.20550200592645,398.58907581368544
2002-12-01,M3_Quantile_ANN,135.3,162.17010525606165,64.67053117258455,394.45572692291586
2003-01-01,M3_Quantile_ANN,133.5,153.7669598576744,62.21402756098541,367.8620721218103
2003-02-01,M3_Quantile_ANN,75.7,141.9817378755446,58.578941906070796,338.98250952874804
2003-03-01,M3_Quantile_ANN,100.7,108.37342741967488,42.30364741027429,272.03449374541697
2003-04-01,M3_Quantile_ANN,97.9,108.19086929923233,43.4203493272229,264.2761556050517
2003-05-01,M3_Quantile_ANN,86.8,106.67762621987174,44.39018467426731,252.16267420195553
2003-06-01,M3_Quantile_ANN,118.7,94.6756031351761,38.21461112445943,228.8991361216119
2003-07-01,M3_Quantile_ANN,128.3,102.16832926528365,41.34284209855788,245.76516723504574
2003-08-01,M3_Quantile_ANN,115.4,111.99495531329708,47.31038723715841,261.52048898832413
2003-09-01,M3_Quantile_ANN,78.5,104.16752025004905,41.54838962596726,254.39739880066395
2003-10-01,M3_Quantile_ANN,97.8,94.09762470660682,37.16824133986631,230.54929939453183
2003-11-01,M3_Quantile_ANN,82.9,100.47092583368494,40.77280942038548,240.4139401663306
2003-12-01,M3_Quantile_ANN,72.2,83.85467637682258,33.00580921678214,207.87266865735134
2004-01-01,M3_Quantile_ANN,60.6,81.68281371161788,33.1157931161185,196.0872775923801
2004-02-01,M3_Quantile_ANN,74.6,70.61263655113402,27.236047316631424,175.39638087094562
2004-03-01,M3_Quantile_ANN,74.8,73.5950559965936,29.429780831676798,177.10992385580266
2004-04-01,M3_Quantile_ANN,59.2,71.92736031212105,30.292519272153257,166.75884371339808
2004-05-01,M3_Quantile_ANN,72.8,63.63172693850787,26.233578942817484,149.7722867216407
2004-06-01,M3_Quantile_ANN,66.5,66.44602552362495,27.47942640215691,155.1247872263424
2004-07-01,M3_Quantile_ANN,83.8,61.4251638130938,25.4527385705253,143.56325866198094
2004-08-01,M3_Quantile_ANN,69.7,71.52003716679687,31.09126585015904,161.23904378611215
2004-09-01,M3_Quantile_ANN,48.8,67.55892633142935,29.19147715787033,153.0880547569059
2004-10-01,M3_Quantile_ANN,74.2,54.59032276005355,21.236136308733936,134.23593784788872
2004-11-01,M3_Quantile_ANN,70.1,65.87601049753789,27.857300394655105,150.8370269134705
2004-12-01,M3_Quantile_ANN,28.9,64.30773415947546,28.089598393521683,145.33520982334983
2005-01-01,M3_Quantile_ANN,48.1,41.8452713761126,15.702382283605232,105.03391893032236
2005-02-01,M3_Quantile_ANN,43.5,48.050766100441784,19.32499547474214,113.39358411414244
2005-03-01,M3_Quantile_ANN,39.6,44.45612251722466,19.311644426397212,99.1993606433973
2005-04-01,M3_Quantile_ANN,38.7,37.436532700227005,15.241924180928091,88.31103332825167
2005-05-01,M3_Quantile_ANN,61.9,40.064070745801764,16.720138934079962,91.90988013065383
2005-06-01,M3_Quantile_ANN,56.8,44.59809791817293,19.469811338640174,99.24453770360854
2005-07-01,M3_Quantile_ANN,62.4,45.9427920934865,19.878152240064566,102.30490669278238
2005-08-01,M3_Quantile_ANN,60.5,53.124074911015924,23.512860099378486,116.50262008630038
2005-09-01,M3_Quantile_ANN,37.2,50.131405871517586,20.956552226110844,115.35418750940953
2005-10-01,M3_Quantile_ANN,13.2,42.7715098868901,16.90610277344985,103.64610006610057
2005-11-01,M3_Quantile_ANN,27.5,26.2169333509653,9.701121579437858,66.60544422952412
2005-12-01,M3_Quantile_ANN,59.3,30.22700856191621,12.475277349274904,69.88964088913652
2006-01-01,M3_Quantile_ANN,20.9,35.82097331061494,14.866462480918308,82.00453677735655
2006-02-01,M3_Quantile_ANN,5.7,27.76964605434245,10.775265438715572,66.49161530511317
2006-03-01,M3_Quantile_ANN,17.3,14.123952763788418,4.895918219269664,36.47037301694455
2006-04-01,M3_Quantile_ANN,50.3,18.45230650284324,7.682445154472402,41.15911375362217
2006-05-01,M3_Quantile_ANN,37.2,25.474784229063378,11.231958520223255,54.48720922952086
2006-06-01,M3_Quantile_ANN,24.5,27.601360938113118,11.915030957065023,61.03090406588487
2006-07-01,M3_Quantile_ANN,22.2,22.34499400006376,8.617301142129627,53.078721241362494
2006-08-01,M3_Quantile_ANN,20.8,22.93207344634935,8.09185757603634,56.266588776942434
2006-09-01,M3_Quantile_ANN,23.7,28.035081539077257,12.136871549002828,60.27044560164905
2006-10-01,M3_Quantile_ANN,14.9,25.89210342501433,11.177102382554933,58.10676044381344
2006-11-01,M3_Quantile_ANN,35.7,16.53934445376401,5.613653031437092,43.58718317610613
2006-12-01,M3_Quantile_ANN,22.3,24.235659517744974,9.062731961898788,58.00007625924355
2007-01-01,M3_Quantile_ANN,29.3,23.173649234132252,9.39764720416453,52.34615533615158
2007-02-01,M3_Quantile_ANN,18.4,22.01421757296106,8.54862490445211,51.611586351890125
2007-03-01,M3_Quantile_ANN,7.2,20.10044878728125,7.6022343083650235,48.498156864757824
2007-04-01,M3_Quantile_ANN,5.4,13.568801906675194,4.895972098213527,33.576826946462376
2007-05-01,M3_Quantile_ANN,19.5,8.340432803844076,2.6299722036962474,22.26353094032053
2007-06-01,M3_Quantile_ANN,21.3,13.435643063602775,5.317166784070817,30.744444211699438
2007-07-01,M3_Quantile_ANN,15.1,16.887679218199615,6.495143508149043,38.70634351036474
2007-08-01,M3_Quantile_ANN,9.8,15.998211152068908,6.4062488559335025,35.86616388921321
2007-09-01,M3_Quantile_ANN,4.0,11.8467444516787,4.495149691885277,27.544263717594944
2007-10-01,M3_Quantile_ANN,1.5,6.950814792652397,2.0070932463409576,18.821129712717816
2007-11-01,M3_Quantile_ANN,2.8,5.242891670296236,1.527891257363306,13.934721585684308
2007-12-01,M3_Quantile_ANN,17.3,4.580339431489274,1.3699309663727148,11.66675230430657
2008-01-01,M3_Quantile_ANN,4.1,7.345880031407116,2.810073311271208,16.20662221629155
2008-02-01,M3_Quantile_ANN,2.9,5.1616664726871,1.601754013474463,12.254158332656349
2008-03-01,M3_Quantile_ANN,15.5,3.806853725870554,1.0881234563157043,9.43032311159267
2008-04-01,M3_Quantile_ANN,3.6,6.9945687756973935,2.7182308665379695,15.735734231235877
2008-05-01,M3_Quantile_ANN,4.6,5.2978867646479,1.8116478077958824,12.68522855405279
2008-06-01,M3_Quantile_ANN,5.2,5.293648056939061,1.651831301511209,12.761085601787487
2008-07-01,M3_Quantile_ANN,0.6,3.6549061278648862,0.9479076139085338,9.626979914547368
2008-08-01,M3_Quantile_ANN,0.3,1.645037878989529,0.0,6.058730072849701
2008-09-01,M3_Quantile_ANN,1.2,1.0976638097812685,0.0,4.311596057469838
2008-10-01,M3_Quantile_ANN,4.2,1.949723488875235,0.3318624614408963,5.246036050604306
2008-11-01,M3_Quantile_ANN,6.6,2.063946706051041,0.3939182769104344,5.450791263475942
2008-12-01,M3_Quantile_ANN,1.0,3.676973552334366,1.1333461516844592,8.722008121277954
2009-01-01,M3_Quantile_ANN,1.3,2.0893324307539527,0.38296093529578196,5.492396918596487
2009-02-01,M3_Quantile_ANN,1.2,1.2857367276275533,0.0,4.395281046359808
2009-03-01,M3_Quantile_ANN,0.6,1.7188852050332972,0.274758145879735,4.458582886608399
2009-04-01,M3_Quantile_ANN,1.2,1.1083511831980282,0.0,3.3274611375346472
2009-05-01,M3_Quantile_ANN,2.9,1.110237084753896,0.0,3.479050895699606
2009-06-01,M3_Quantile_ANN,6.3,2.090758565795836,0.3428030961803487,5.690137026519294
2009-07-01,M3_Quantile_ANN,5.5,3.932826992393845,1.2381944267761673,8.979600105473965
2009-08-01,M3_Quantile_ANN,0.0,3.40500415019412,1.1283229593114505,7.62945969189208
2009-09-01,M3_Quantile_ANN,7.1,0.9273443538394057,0.0,3.3241127270059243
2009-10-01,M3_Quantile_ANN,7.7,2.7396578810686663,0.6156655718036699,7.0783067354341505
2009-11-01,M3_Quantile_ANN,6.9,4.3209767732211235,1.4891885629305937,10.043106860509361
2009-12-01,M3_Quantile_ANN,16.3,4.833871494237428,1.6209062915869623,11.446232556707486
2010-01-01,M3_Quantile_ANN,19.5,9.982817711480331,3.642022596843179,22.533123374460395
2010-02-01,M3_Quantile_ANN,28.5,15.999110205938536,6.832749004343651,33.46134152091494
2010-03-01,M3_Quantile_ANN,24.0,18.540469235373937,7.799820673374867,40.663998861669405
2010-04-01,M3_Quantile_ANN,10.4,23.84042333029857,9.857462412979364,54.448766113349215
2010-05-01,M3_Quantile_ANN,13.9,19.02626319109184,6.532564441985104,49.50483146332788
2010-06-01,M3_Quantile_ANN,18.8,16.747734768117027,4.862155939643011,46.57422266188976
2010-07-01,M3_Quantile_ANN,25.2,24.161130241238194,10.158454124598808,53.8844046553252
2010-08-01,M3_Quantile_ANN,29.6,19.704727554620998,6.521251929841085,49.99254681029916
2010-09-01,M3_Quantile_ANN,36.4,28.50799012301624,10.285981063987789,69.99304871727841
2010-10-01,M3_Quantile_ANN,33.6,42.119411564701586,17.25902611118795,98.90106385372628
2010-11-01,M3_Quantile_ANN,34.4,38.068572249917395,14.609797376405075,91.02346869822664
2010-12-01,M3_Quantile_ANN,24.5,42.96023554014376,15.302877919694577,106.75009657939013
2011-01-01,M3_Quantile_ANN,27.3,38.327466004051665,14.07557747860252,93.07243341898719
2011-02-01,M3_Quantile_ANN,48.3,36.69343370918494,12.901320769461986,95.44285131638395
2011-03-01,M3_Quantile_ANN,78.6,48.77339577587917,17.475224296791612,126.2685031215151
2011-04-01,M3_Quantile_ANN,76.1,69.92720112558045,23.745634597504353,188.70926061245237
2011-05-01,M3_Quantile_ANN,58.2,72.75946736236156,24.48249738075604,201.32192551011238
2011-06-01,M3_Quantile_ANN,56.1,73.30143469467154,25.616022698013825,200.6409474749954
2011-07-01,M3_Quantile_ANN,64.5,73.79511698604396,23.435057558488058,210.9922368430362
2011-08-01,M3_Quantile_ANN,65.8,83.65737805067677,26.460499993056,241.6571049326546
2011-09-01,M3_Quantile_ANN,120.1,79.06232751087869,24.740685532526467,240.19700940323503
2011-10-01,M3_Quantile_ANN,125.7,96.43981688693663,27.01525672367167,322.6729700237346
2011-11-01,M3_Quantile_ANN,139.1,139.22362532945127,45.44743224008794,405.8709591435284
2011-12-01,M3_Quantile_ANN,109.3,161.85443472570998,49.068226273352245,494.72308467964655
2012-01-01,M3_Quantile_ANN,94.4,145.16304594628224,42.0065050113952,478.41384825162896
2012-02-01,M3_Quantile_ANN,47.8,149.8187479011865,46.06546393081043,475.2079292214447
2012-03-01,M3_Quantile_ANN,86.6,98.47243857071453,24.42422381264671,369.3942543389916
2012-04-01,M3_Quantile_ANN,85.9,115.30303293394151,32.6245494940312,381.9211848803508
2012-05-01,M3_Quantile_ANN,96.5,105.5600464726109,28.103239668877162,364.9728774225171
2012-06-01,M3_Quantile_ANN,92.0,123.32352740542049,34.47544979033099,404.95011797558453
2012-07-01,M3_Quantile_ANN,100.1,133.891654918709,42.36001879368513,400.9867547701373
2012-08-01,M3_Quantile_ANN,94.8,130.2910482209643,42.99355758944317,375.12242222111365
2012-09-01,M3_Quantile_ANN,93.7,116.95430919073222,37.455585622470856,347.29332717991235
2012-10-01,M3_Quantile_ANN,76.5,120.1054273768014,40.17886183801261,346.1190372586418
2012-11-01,M3_Quantile_ANN,87.6,111.04724350179805,36.002429327821375,325.28104123736915
2012-12-01,M3_Quantile_ANN,56.8,107.56707926346911,33.83334110692728,320.7720897129908
2013-01-01,M3_Quantile_ANN,96.1,89.52160174462264,28.098400150430223,267.44652998943025
2013-02-01,M3_Quantile_ANN,60.9,109.21395873478963,38.08819612797685,300.6547306241488
2013-03-01,M3_Quantile_ANN,78.3,90.74275569806426,30.390013809229195,258.6667820650922
2013-04-01,M3_Quantile_ANN,107.3,94.93285129353774,33.75164664766821,256.12738082418525
2013-05-01,M3_Quantile_ANN,120.2,100.42248700743951,35.86682494537879,267.08044818559324
2013-06-01,M3_Quantile_ANN,76.7,110.6842887263935,40.33658281498792,290.41418630546013
2013-07-01,M3_Quantile_ANN,86.2,89.18706258863863,28.11073505981658,264.1308128709387
2013-08-01,M3_Quantile_ANN,91.8,103.19968860539946,34.71370295789894,291.3305618395163
2013-09-01,M3_Quantile_ANN,54.5,101.51353637567279,36.35878476215097,271.1855175849616
2013-10-01,M3_Quantile_ANN,114.4,83.68101054990919,28.275052625309378,236.6793243545235
2013-11-01,M3_Quantile_ANN,113.9,111.98498762900962,42.67683824290524,283.87493524568106
2013-12-01,M3_Quantile_ANN,124.2,103.31937360596096,37.140469122397526,273.0368516706805
2014-01-01,M3_Quantile_ANN,117.0,115.3066989085927,41.536281319903914,298.8291489059765
2014-02-01,M3_Quantile_ANN,146.1,113.64565344800003,41.23838853600846,297.5577127245257
2014-03-01,M3_Quantile_ANN,128.7,133.3893936667976,51.0442458013242,334.7326957994276
2014-04-01,M3_Quantile_ANN,112.5,127.6185174482159,46.19914374511785,337.46303687131075
2014-05-01,M3_Quantile_ANN,112.5,136.42924099252775,54.74930020844823,330.6363434292675
2014-06-01,M3_Quantile_ANN,102.9,125.37875386521382,47.61122293035501,317.18708773424225
2014-07-01,M3_Quantile_ANN,100.2,107.41040324344377,40.896251212674684,272.9155150084359
2014-08-01,M3_Quantile_ANN,106.9,119.55544987115016,47.92089995267832,294.50492891408425
2014-09-01,M3_Quantile_ANN,130.0,114.59276024622042,46.20637363403962,278.57777745034423
2014-10-01,M3_Quantile_ANN,90.0,124.738147291299,49.25688554949474,307.3092727929318
2014-11-01,M3_Quantile_ANN,103.6,102.57900828252747,38.25166951482634,265.2561354566875
2014-12-01,M3_Quantile_ANN,112.9,113.99493647278805,45.15362032674726,279.5498947761758
2015-01-01,M3_Quantile_ANN,93.0,110.04693948018824,43.88222386748126,269.3991051866043
2015-02-01,M3_Quantile_ANN,66.7,104.27702304088164,40.90693035943499,257.16621233445886
2015-03-01,M3_Quantile_ANN,54.5,91.16705516124505,36.40194133811706,222.7927926142409
2015-04-01,M3_Quantile_ANN,75.3,78.22004300653788,30.781453804811438,193.60592710243344
2015-05-01,M3_Quantile_ANN,88.8,77.87629977906332,30.779035507064343,192.0694690219987
2015-06-01,M3_Quantile_ANN,66.5,87.76005432352488,35.40617246976115,210.27997237949842
2015-07-01,M3_Quantile_ANN,65.8,76.53949351926512,30.234389799373012,187.58428162935246
2015-08-01,M3_Quantile_ANN,64.4,68.96192374118031,26.26216394908979,174.40269116717192
2015-09-01,M3_Quantile_ANN,78.6,71.16847959484072,28.03894693945942,175.28595105357437
2015-10-01,M3_Quantile_ANN,63.6,74.6339034650472,30.42639314499469,178.20932368188627
2015-11-01,M3_Quantile_ANN,62.2,66.57598306595676,25.3981107302096,167.8247523723701
2015-12-01,M3_Quantile_ANN,58.0,66.23428428500347,26.50623933707898,161.11194123294564
2016-01-01,M3_Quantile_ANN,57.0,61.89458524011905,23.920948407347378,153.76942614330073
2016-02-01,M3_Quantile_ANN,56.4,61.2031357974673,24.651970904228364,147.447036184908
2016-03-01,M3_Quantile_ANN,54.1,57.13554485549472,21.958462811779523,144.0210762658915
2016-04-01,M3_Quantile_ANN,37.9,59.450147121210826,23.155945828082086,146.95544793686864
2016-05-01,M3_Quantile_ANN,51.5,47.05122157268565,18.19501936658018,117.11471157591924
2016-06-01,M3_Quantile_ANN,20.5,48.077600086946454,19.141686305487063,116.34733003174489
2016-07-01,M3_Quantile_ANN,32.4,31.973790509112312,11.467894721353115,83.17468142844203
2016-08-01,M3_Quantile_ANN,50.2,36.24582886536229,14.636034011675726,85.75383143569384
2016-09-01,M3_Quantile_ANN,44.6,39.58379062150605,16.952676675056928,89.45269055301918
2016-10-01,M3_Quantile_ANN,33.4,39.68066145374929,16.85743990003079,90.04403154741662
2016-11-01,M3_Quantile_ANN,21.4,35.395147498525844,14.166475510958989,83.56788292970998
2016-12-01,M3_Quantile_ANN,18.5,28.2125704878296,10.90864490911688,69.00811703968272
2017-01-01,M3_Quantile_ANN,26.1,25.167771677755802,10.414020650388558,58.001380539334335
2017-02-01,M3_Quantile_ANN,26.4,25.42799312335949,10.590113147106806,57.87834742291228
2017-03-01,M3_Quantile_ANN,17.7,23.97048908506483,9.83619780469569,55.201710916403755
2017-04-01,M3_Quantile_ANN,32.3,19.656555212005465,7.2876012545419595,48.46529600948866
2017-05-01,M3_Quantile_ANN,18.9,25.264394162114453,10.70184918413604,56.275722135773414
2017-06-01,M3_Quantile_ANN,19.2,20.847415461446797,8.848654328524947,46.43135455535784
2017-07-01,M3_Quantile_ANN,17.8,19.72209246871413,8.306575576559414,44.273298613162865
2017-08-01,M3_Quantile_ANN,32.6,17.680072479460954,7.100784887193237,41.48348227752585
2017-09-01,M3_Quantile_ANN,43.7,21.79201459736358,9.328004626733856,48.548993826118306
2017-10-01,M3_Quantile_ANN,13.2,27.617500664548036,11.78952242528683,61.27864389067127
2017-11-01,M3_Quantile_ANN,5.7,19.025569527907223,7.387687504363575,44.91398599641974
2017-12-01,M3_Quantile_ANN,8.2,11.391783079536719,3.7657063622857923,29.907739742055607
2018-01-01,M3_Quantile_ANN,6.8,11.1376928500149,4.4247108395230805,25.883473679320645
2018-02-01,M3_Quantile_ANN,10.7,8.738880813261634,3.224165937393778,21.149337368226668
2018-03-01,M3_Quantile_ANN,2.5,9.547285378294921,3.5042163816020917,22.726430913677987
2018-04-01,M3_Quantile_ANN,8.9,5.397001149752214,1.5323965177676429,14.374032441328714
2018-05-01,M3_Quantile_ANN,13.1,7.053979852831667,2.730682265604043,15.834666716274132
2018-06-01,M3_Quantile_ANN,15.6,7.968646424887577,3.1446083627641057,17.64397456385082
2018-07-01,M3_Quantile_ANN,1.6,9.848344080536858,4.134735874502224,21.513725764199155
2018-08-01,M3_Quantile_ANN,8.7,3.2970279485450877,0.42882549682084126,11.0302446544106
2018-09-01,M3_Quantile_ANN,3.3,8.102466491940563,3.1107684224394276,18.20562697496479
2018-10-01,M3_Quantile_ANN,4.9,4.334245860509095,1.3498239593585066,10.67005484822301
2018-11-01,M3_Quantile_ANN,4.9,4.596727228715325,1.3316083417295719,11.425689777046694
2018-12-01,M3_Quantile_ANN,3.1,3.916225259513401,0.9596622300582465,10.633533459533739
2019-01-01,M3_Quantile_ANN,7.7,4.008418720031411,1.2386084682798062,9.790366276438936
2019-02-01,M3_Quantile_ANN,0.8,4.589895722934142,1.434211661031549,11.25368074963947
2019-03-01,M3_Quantile_ANN,9.4,2.2815787313078837,0.3897988042836825,6.459734168928996
2019-04-01,M3_Quantile_ANN,9.1,4.609042767179266,1.5830864459536658,10.558785283209003
2019-05-01,M3_Quantile_ANN,9.9,5.173378888871399,1.8350780425721225,11.791660013785329
2019-06-01,M3_Quantile_ANN,1.2,6.9040640377992615,2.784600769709428,14.867706026570584
2019-07-01,M3_Quantile_ANN,0.9,2.1550598803002265,0.048632150948048805,7.6978962202216845
2019-08-01,M3_Quantile_ANN,0.5,3.21831728005193,0.8876736640468672,8.224942850211612
2019-09-01,M3_Quantile_ANN,1.1,1.711475123641316,0.20415268138223694,5.084022111614531
2019-10-01,M3_Quantile_ANN,0.4,1.5961877916823712,0.20678693272165852,4.416648345607355
2019-11-01,M3_Quantile_ANN,0.5,0.680060327823196,0.0,2.8921048734141763
2019-12-01,M3_Quantile_ANN,1.5,0.5087201692899448,0.0,2.642164389482166
2020-01-01,M3_Quantile_ANN,6.2,1.1087570231881725,0.02272254869803068,3.1855234850882637
2020-02-01,M3_Quantile_ANN,0.2,1.8159016293698151,0.36777654006362237,4.589616120678901
2020-03-01,M3_Quantile_ANN,1.5,0.7459714227577503,0.0,2.7445830828880826
2020-04-01,M3_Quantile_ANN,5.2,0.8503873801934876,0.0,3.0259216267130578
2020-05-01,M3_Quantile_ANN,0.2,2.2451258925514113,0.5594613286926615,5.559993827613523
2020-06-01,M3_Quantile_ANN,5.8,0.9981174444836218,0.0,3.2966712386290054
2020-07-01,M3_Quantile_ANN,6.1,3.010964516317559,0.6923611442457585,7.4954728024434445
2020-08-01,M3_Quantile_ANN,7.5,2.4023761378803514,0.4580751885121501,6.59563339380739
2020-09-01,M3_Quantile_ANN,0.6,4.138771944052658,1.1449644786835829,10.601550380263204
2020-10-01,M3_Quantile_ANN,14.6,2.4199201112522783,0.31699504240621174,7.208862775100654
2020-11-01,M3_Quantile_ANN,34.5,6.645923673370069,2.3771691193686486,15.315746959266928
2020-12-01,M3_Quantile_ANN,23.1,10.493491917096465,4.060426151151819,23.392834223196687
2021-01-01,M3_Quantile_ANN,10.4,15.460245339523443,6.561617093402877,32.90426096531048
2021-02-01,M3_Quantile_ANN,8.2,12.101183578809614,3.72433798486726,31.58608169042808
2021-03-01,M3_Quantile_ANN,17.2,15.44509859231622,5.957010093816499,36.426300526481334
2021-04-01,M3_Quantile_ANN,24.5,26.81464666044588,11.083383477159206,62.02515895044893
2021-05-01,M3_Quantile_ANN,21.2,26.729866119978055,11.374320758863707,60.199855546699105
2021-06-01,M3_Quantile_ANN,25.0,20.59148972147164,6.763284663196473,53.74291678198545
2021-07-01,M3_Quantile_ANN,34.3,20.070868328559182,5.347863594368745,58.14574512247431
2021-08-01,M3_Quantile_ANN,22.0,41.07790550286685,17.16634537051379,91.72591017567626
2021-09-01,M3_Quantile_ANN,51.3,31.117284726415406,11.61059203610981,75.22705927668483
2021-10-01,M3_Quantile_ANN,37.4,40.743605092734875,14.981086796785926,97.97913101676693
2021-11-01,M3_Quantile_ANN,34.8,46.4121408260884,16.3348919758984,116.77779687360871
2021-12-01,M3_Quantile_ANN,67.5,43.362966478925486,15.815309900891982,108.4894608243809
2022-01-01,M3_Quantile_ANN,55.3,54.46207483591274,18.741536233682027,142.99159570541974
2022-02-01,M3_Quantile_ANN,60.9,69.10507056038192,24.86941559188465,174.29724521787136
2022-03-01,M3_Quantile_ANN,78.6,76.83304594236095,27.002238917438742,201.2137401599682
2022-04-01,M3_Quantile_ANN,84.0,68.8320242334778,20.897042615055273,205.91523720735063
2022-05-01,M3_Quantile_ANN,96.5,89.16793875235899,28.220435215041963,263.6887861239274
2022-06-01,M3_Quantile_ANN,70.3,119.00269848584186,34.86034528661863,361.3414262582655
2022-07-01,M3_Quantile_ANN,91.4,104.56936566480034,30.224013717362237,330.8057063094188
2022-08-01,M3_Quantile_ANN,74.6,107.76533926453335,34.120596043181635,321.4566441876574
2022-09-01,M3_Quantile_ANN,96.0,105.36427425726632,27.881474353723203,354.6953995139867
2022-10-01,M3_Quantile_ANN,95.5,121.78780354620237,36.67256461392173,384.55864352596626
2022-11-01,M3_Quantile_ANN,80.5,120.2532575100236,32.94177935936596,418.66396071597023
2022-12-01,M3_Quantile_ANN,112.8,142.96862585513963,42.96585109515374,442.25307938801734
2023-01-01,M3_Quantile_ANN,144.4,153.67656827165428,42.34374062472194,480.03822325190026
1998-06-01,M4_Quantile_Minusformer,90.5,89.34004813575817,23.331227193395808,235.47195207499243
1998-07-01,M4_Quantile_Minusformer,96.7,94.0296082474283,28.70019836739239,239.21053581209566
1998-08-01,M4_Quantile_Minusformer,121.1,109.82318154669902,30.734149409104184,289.1412235551813
1998-09-01,M4_Quantile_Minusformer,132.0,105.40813426469873,38.49463084186006,260.25033075583445
1998-10-01,M4_Quantile_Minusformer,78.5,120.60200090717674,44.27155597119325,299.44184797193117
1998-11-01,M4_Quantile_Minusformer,97.3,110.8798342212955,42.28377720035354,274.39145093620044
1998-12-01,M4_Quantile_Minusformer,119.2,129.49349893618273,44.07036662604751,335.203051205279
1999-01-01,M4_Quantile_Minusformer,86.0,121.89199300109361,48.6620883641442,299.4780567595842
1999-02-01,M4_Quantile_Minusformer,98.0,101.62801468129888,47.53161516773184,235.66125431810767
1999-03-01,M4_Quantile_Minusformer,103.5,107.0687567720375,48.667114294277816,250.13862792309033
1999-04-01,M4_Quantile_Minusformer,93.6,105.20198269559668,50.0350226111945,246.63301943419728
1999-05-01,M4_Quantile_Minusformer,149.6,113.80337194694614,50.17942098923349,286.224063638813
1999-06-01,M4_Quantile_Minusformer,207.2,150.46512847492306,53.71054698952837,407.6105980387209
1999-07-01,M4_Quantile_Minusformer,173.5,201.23858844168234,60.12891034944449,579.2304589648702
1999-08-01,M4_Quantile_Minusformer,142.3,157.0031778099023,69.61190301937307,397.02078532014974
1999-09-01,M4_Quantile_Minusformer,106.3,167.65828435481387,69.16972412704999,435.59639388062857
1999-10-01,M4_Quantile_Minusformer,168.7,165.1204045261542,64.89536671447821,434.02573415114887
1999-11-01,M4_Quantile_Minusformer,188.3,181.85523438961656,69.00936247372204,482.46375687045725
1999-12-01,M4_Quantile_Minusformer,116.8,149.98866015670154,74.71228047659953,356.88241816358953
2000-01-01,M4_Quantile_Minusformer,133.1,141.71192011643203,69.76228503908513,336.4757008556089
2000-02-01,M4_Quantile_Minusformer,165.7,160.18189408422066,69.21458570327718,401.52213954560347
2000-03-01,M4_Quantile_Minusformer,217.7,170.21569797189954,72.41839708823109,427.32928800112774
2000-04-01,M4_Quantile_Minusformer,191.5,186.47945205984846,78.03594694360069,470.47759599673765
2000-05-01,M4_Quantile_Minusformer,165.9,180.55903806748668,80.26999565740839,444.58711708723956
2000-06-01,M4_Quantile_Minusformer,188.0,185.50484255169854,79.79326705408803,460.1031300676073
2000-07-01,M4_Quantile_Minusformer,244.3,245.88249214088844,75.70803894665748,681.2894765891069
2000-08-01,M4_Quantile_Minusformer,180.5,246.97618969465665,86.11735289603254,657.6270337348516
2000-09-01,M4_Quantile_Minusformer,156.0,200.4687184577055,86.67842414069096,492.8207238851417
2000-10-01,M4_Quantile_Minusformer,141.6,166.48912672129467,81.62875290771812,386.880390891754
2000-11-01,M4_Quantile_Minusformer,158.1,157.63994238244658,77.6937060751276,363.1638556813265
2000-12-01,M4_Quantile_Minusformer,143.3,178.5119742283393,76.12194296413674,433.01945980632075
2001-01-01,M4_Quantile_Minusformer,142.6,176.59441174798945,72.28720747142616,432.3422581095841
2001-02-01,M4_Quantile_Minusformer,121.5,183.6075812390779,69.14678720432231,460.46930935606974
2001-03-01,M4_Quantile_Minusformer,165.8,140.99426722070294,64.95314543874684,326.7634449253261
2001-04-01,M4_Quantile_Minusformer,161.7,160.06528203210937,67.01906044798419,383.34464319220905
2001-05-01,M4_Quantile_Minusformer,142.1,168.6591256804072,66.98307588903529,411.92981817336795
2001-06-01,M4_Quantile_Minusformer,202.9,150.9727016603207,65.70199086763456,356.09759624358526
2001-07-01,M4_Quantile_Minusformer,123.0,187.37434487711556,69.50293985330013,466.9049122838351
2001-08-01,M4_Quantile_Minusformer,161.5,142.95734931879903,65.31278894875152,330.2313179037181
2001-09-01,M4_Quantile_Minusformer,238.2,152.03145815435337,67.0111870656909,355.7445359661363
2001-10-01,M4_Quantile_Minusformer,194.1,177.48123655122006,74.55835896391838,423.23933637023106
2001-11-01,M4_Quantile_Minusformer,176.6,172.2331657438664,76.70891293141872,402.62572903077273
2001-12-01,M4_Quantile_Minusformer,213.4,161.82526409320639,75.16516386223365,371.37527568497035
2002-01-01,M4_Quantile_Minusformer,184.6,191.79625962016965,78.48884836153637,460.6061089525074
2002-02-01,M4_Quantile_Minusformer,170.2,177.4381157367902,77.66772485309465,415.12026060480633
2002-03-01,M4_Quantile_Minusformer,147.1,188.61031707114654,75.0643374637977,455.47697309522164
2002-04-01,M4_Quantile_Minusformer,186.9,174.22453507014976,72.63175287382214,414.2978484625283
2002-05-01,M4_Quantile_Minusformer,187.5,184.3493652923174,73.53387245936388,444.28236643999924
2002-06-01,M4_Quantile_Minusformer,128.8,203.27514244727544,72.83754853770118,506.48533030521236
2002-07-01,M4_Quantile_Minusformer,161.0,151.75283850823047,69.05355947054576,347.9847987816678
2002-08-01,M4_Quantile_Minusformer,175.6,151.63614468697176,68.81355161713533,348.04734079558165
2002-09-01,M4_Quantile_Minusformer,187.9,168.39315462182415,70.20802149215365,398.0747666106942
2002-10-01,M4_Quantile_Minusformer,151.2,195.2348255618413,69.420928125465,486.0246808463797
2002-11-01,M4_Quantile_Minusformer,147.2,142.35606161824276,68.26223122675957,318.57504458430736
2002-12-01,M4_Quantile_Minusformer,135.3,166.73774845732726,66.316799035732,398.40583593362277
2003-01-01,M4_Quantile_Minusformer,133.5,149.64540334708676,63.02628648277867,349.7029465777303
2003-02-01,M4_Quantile_Minusformer,75.7,137.2187562033317,61.14204935278991,313.4739733971005
2003-03-01,M4_Quantile_Minusformer,100.7,106.9715512563908,51.04179579056737,235.96064095650425
2003-04-01,M4_Quantile_Minusformer,97.9,104.93167963090515,49.035991804662935,232.96907610257773
2003-05-01,M4_Quantile_Minusformer,86.8,92.82434163138953,46.72303295901061,200.28606697303775
2003-06-01,M4_Quantile_Minusformer,118.7,100.74061604341979,43.39220041639473,229.59849174106984
2003-07-01,M4_Quantile_Minusformer,128.3,120.34699405954632,43.73659942301989,290.39911894644496
2003-08-01,M4_Quantile_Minusformer,115.4,115.23089883295457,46.5434201888441,269.20500249287284
2003-09-01,M4_Quantile_Minusformer,78.5,93.82968145349327,45.99365565185869,205.11281327465977
2003-10-01,M4_Quantile_Minusformer,97.8,90.69015703553558,41.87240752876156,201.8178008666312
2003-11-01,M4_Quantile_Minusformer,82.9,104.78909008305467,41.217102032377916,246.049184088161
2003-12-01,M4_Quantile_Minusformer,72.2,74.24660317317613,38.607612297920284,157.53747439462558
2004-01-01,M4_Quantile_Minusformer,60.6,68.99839078539226,35.89873624117225,145.78997372281785
2004-02-01,M4_Quantile_Minusformer,74.6,66.54838179108353,32.57858443909902,143.68995966649499
2004-03-01,M4_Quantile_Minusformer,74.8,79.40079185080353,32.0651921378788,183.10139634006197
2004-04-01,M4_Quantile_Minusformer,59.2,63.83359966153543,31.103161908089255,137.70523455077912
2004-05-01,M4_Quantile_Minusformer,72.8,56.88715990276824,28.488116411187953,121.0991369422126
2004-06-01,M4_Quantile_Minusformer,66.5,63.90642588752105,28.867069701242787,141.1839797809654
2004-07-01,M4_Quantile_Minusformer,83.8,64.89682148408852,27.701833687637194,145.9719921870757
2004-08-01,M4_Quantile_Minusformer,69.7,79.73028551099543,28.013405895118193,190.70103890106037
2004-09-01,M4_Quantile_Minusformer,48.8,65.11969373285557,28.139096106557716,145.92201851250022
2004-10-01,M4_Quantile_Minusformer,74.2,59.40371317452123,25.316604166666323,133.38583225628133
2004-11-01,M4_Quantile_Minusformer,70.1,67.99151706663979,26.075402928918088,157.88956276149142
2004-12-01,M4_Quantile_Minusformer,28.9,66.43995617093418,26.308374822551492,152.70712163653042
2005-01-01,M4_Quantile_Minusformer,48.1,48.49701816505052,21.045995304203867,107.34281250450663
2005-02-01,M4_Quantile_Minusformer,43.5,47.231974450708044,20.76129567543342,104.00220792540064
2005-03-01,M4_Quantile_Minusformer,39.6,44.3842341202881,19.69435265540013,97.2495697592706
2005-04-01,M4_Quantile_Minusformer,38.7,40.990122138721276,18.23589935228475,89.51367208810277
2005-05-01,M4_Quantile_Minusformer,61.9,46.03454103273987,16.87229652069904,106.69448908808545
2005-06-01,M4_Quantile_Minusformer,56.8,49.98058328686241,18.733873889801973,115.21077208949981
2005-07-01,M4_Quantile_Minusformer,62.4,49.09916559033996,19.0420195808031,112.16567783317096
2005-08-01,M4_Quantile_Minusformer,60.5,56.02146434582176,20.040381407864082,131.39203648459923
2005-09-01,M4_Quantile_Minusformer,37.2,58.490962804617084,20.628410255397622,138.90595068196268
2005-10-01,M4_Quantile_Minusformer,13.2,44.885418097141745,19.066030598425225,100.5104423039457
2005-11-01,M4_Quantile_Minusformer,27.5,23.713635726208484,13.18183733806533,47.46725404741338
2005-12-01,M4_Quantile_Minusformer,59.3,30.248475504500604,13.314113935558927,65.88131518462917
2006-01-01,M4_Quantile_Minusformer,20.9,41.28932407596242,15.358871704562652,94.74023848734902
2006-02-01,M4_Quantile_Minusformer,5.7,30.45309686431056,12.700681248004123,67.12642742522814
2006-03-01,M4_Quantile_Minusformer,17.3,14.658342613304297,7.759369578865114,29.305630039124903
2006-04-01,M4_Quantile_Minusformer,50.3,21.41854483210066,8.041187603640715,47.64158890937845
2006-05-01,M4_Quantile_Minusformer,37.2,30.791832879059033,9.873090790164772,71.63183613769513
2006-06-01,M4_Quantile_Minusformer,24.5,30.98098048049285,10.600367345622844,71.03461252551452
2006-07-01,M4_Quantile_Minusformer,22.2,30.147158950905542,9.97751570923151,69.86314856386912
2006-08-01,M4_Quantile_Minusformer,20.8,34.02290419422216,8.910137266198554,83.90890301765288
2006-09-01,M4_Quantile_Minusformer,23.7,32.41272622082283,8.467649326893328,79.84753646539117
2006-10-01,M4_Quantile_Minusformer,14.9,28.05694989022341,8.93945336567247,65.77301113600501
2006-11-01,M4_Quantile_Minusformer,35.7,18.626580859844275,8.182237658964148,39.851037685666384
2006-12-01,M4_Quantile_Minusformer,22.3,20.715341917670333,9.607913815360336,43.615766547537156
2007-01-01,M4_Quantile_Minusformer,29.3,21.399611145153237,9.155709031509073,46.22098585009856
2007-02-01,M4_Quantile_Minusformer,18.4,26.697326954914832,9.584936333551846,60.680377660201906
2007-03-01,M4_Quantile_Minusformer,7.2,21.81564510629954,8.742204348536289,47.997657177522115
2007-04-01,M4_Quantile_Minusformer,5.4,17.127580964774907,6.5844076647700085,37.8800562069486
2007-05-01,M4_Quantile_Minusformer,19.5,7.764097413423579,4.387212863723868,15.120873817617166
2007-06-01,M4_Quantile_Minusformer,21.3,14.758516107310337,5.682306099525006,32.32085916865656
2007-07-01,M4_Quantile_Minusformer,15.1,14.283226224708777,6.22952954690369,30.45025776522416
2007-08-01,M4_Quantile_Minusformer,9.8,21.10404544179793,5.321788174868924,51.86278256656957
2007-09-01,M4_Quantile_Minusformer,4.0,9.679598327826083,5.035085130253712,19.537002921420196
2007-10-01,M4_Quantile_Minusformer,1.5,9.083862169493514,3.74528279458615,19.58491372580029
2007-11-01,M4_Quantile_Minusformer,2.8,3.542103127767829,1.9177889597508195,7.078394921969734
2007-12-01,M4_Quantile_Minusformer,17.3,3.201144185988829,1.5921567165841526,6.569598284198242
2008-01-01,M4_Quantile_Minusformer,4.1,10.731243055757677,2.3944335343012546,25.961130492789163
2008-02-01,M4_Quantile_Minusformer,2.9,5.833373000232576,2.0391853781337606,12.854394136237831
2008-03-01,M4_Quantile_Minusformer,15.5,5.481174695827717,1.54564335206824,12.552441431997305
2008-04-01,M4_Quantile_Minusformer,3.6,7.612620834486526,2.3267916448783907,17.19691618958719
2008-05-01,M4_Quantile_Minusformer,4.6,4.621186516996382,1.865118531606171,9.96549533644139
2008-06-01,M4_Quantile_Minusformer,5.2,6.228414986418879,1.6479057503173467,14.631377773843536
2008-07-01,M4_Quantile_Minusformer,0.6,6.189004706497056,1.5914004096389016,14.572824570447118
2008-08-01,M4_Quantile_Minusformer,0.3,2.9001123303084015,0.8843424995526241,6.669731087981182
2008-09-01,M4_Quantile_Minusformer,1.2,0.9049666925003621,0.22953914096248793,2.3529983836655273
2008-10-01,M4_Quantile_Minusformer,4.2,1.8632592236887144,0.3257894899570466,4.72454112191128
2008-11-01,M4_Quantile_Minusformer,6.6,4.198802858373018,0.27204054238460806,11.367938444710601
2008-12-01,M4_Quantile_Minusformer,1.0,5.44616694307614,0.4575366085573658,14.654829385529755
2009-01-01,M4_Quantile_Minusformer,1.3,1.226903296629998,0.32727801236192716,3.04719044509278
2009-02-01,M4_Quantile_Minusformer,1.2,1.236370738360924,0.2359448987055522,3.1819754799964466
2009-03-01,M4_Quantile_Minusformer,0.6,1.6362936055822757,0.18818428163978201,4.276761797307367
2009-04-01,M4_Quantile_Minusformer,1.2,2.150618308221531,0.0,6.038671333144506
2009-05-01,M4_Quantile_Minusformer,2.9,0.620885093170026,0.0,1.9670874191296681
2009-06-01,M4_Quantile_Minusformer,6.3,2.075313112668154,0.09862745382186562,5.567719679482841
2009-07-01,M4_Quantile_Minusformer,5.5,4.17737899739216,0.20697647641181527,11.377366319926615
2009-08-01,M4_Quantile_Minusformer,0.0,4.146620517183026,0.49004258977087917,10.677903595918508
2009-09-01,M4_Quantile_Minusformer,7.1,0.6827001795920291,0.030610309373939874,1.9978301500381668
2009-10-01,M4_Quantile_Minusformer,7.7,4.500034988729498,0.3639255575648306,12.018554174137936
2009-11-01,M4_Quantile_Minusformer,6.9,4.212613995467517,0.9077000116168679,10.303108111726715
2009-12-01,M4_Quantile_Minusformer,16.3,7.430457541609464,0.8379644331434293,19.967230336720856
2010-01-01,M4_Quantile_Minusformer,19.5,9.737986999848193,1.4882101588422438,25.400490731922332
2010-02-01,M4_Quantile_Minusformer,28.5,14.106689605158275,2.3458136057733174,36.81554257340002
2010-03-01,M4_Quantile_Minusformer,24.0,22.63750572718389,2.851209560174966,63.61331272218051
2010-04-01,M4_Quantile_Minusformer,10.4,25.430846636681235,4.056470372581573,69.8295130310785
2010-05-01,M4_Quantile_Minusformer,13.9,24.83476954677026,3.8644178822248527,70.04080674306947
2010-06-01,M4_Quantile_Minusformer,18.8,21.82187247004441,4.662946645895729,58.10943883505332
2010-07-01,M4_Quantile_Minusformer,25.2,23.285879831611982,5.585383718987621,60.22787569454718
2010-08-01,M4_Quantile_Minusformer,29.6,24.428260435130845,6.9458058037977,61.281241220869994
2010-09-01,M4_Quantile_Minusformer,36.4,33.07123564770185,7.622869940006318,88.82103652784247
2010-10-01,M4_Quantile_Minusformer,33.6,38.93542962276172,9.210483748274385,103.92099711284159
2010-11-01,M4_Quantile_Minusformer,34.4,37.03491183702361,10.91539120576552,94.33832399136891
2010-12-01,M4_Quantile_Minusformer,24.5,36.41058051048232,12.719662385272503,88.9616097438358
2011-01-01,M4_Quantile_Minusformer,27.3,29.8039073191755,12.76596485872927,68.39839972392713
2011-02-01,M4_Quantile_Minusformer,48.3,53.196805099223624,10.85834521472024,154.54590362852446
2011-03-01,M4_Quantile_Minusformer,78.6,46.78952341818663,15.536857662875857,122.08825474763391
2011-04-01,M4_Quantile_Minusformer,76.1,68.12599922389064,18.946490090550753,190.6577203828361
2011-05-01,M4_Quantile_Minusformer,58.2,70.33887188224449,23.18547058039042,187.51410382873348
2011-06-01,M4_Quantile_Minusformer,56.1,79.84967229630384,23.515125003698948,219.74218131303758
2011-07-01,M4_Quantile_Minusformer,64.5,69.42225414123266,26.42633437516549,178.5691509116899
2011-08-01,M4_Quantile_Minusformer,65.8,72.22576094085404,28.813419548107646,184.73312687908629
2011-09-01,M4_Quantile_Minusformer,120.1,59.75608864206061,30.591267647078418,139.78359249289701
2011-10-01,M4_Quantile_Minusformer,125.7,117.0635671732772,35.78567915189658,337.1992493664228
2011-11-01,M4_Quantile_Minusformer,139.1,123.9856442873041,42.81612555735517,347.0910610607164
2011-12-01,M4_Quantile_Minusformer,109.3,169.25334888865186,45.96535739953438,513.6928460803655
2012-01-01,M4_Quantile_Minusformer,94.4,130.05543259849435,51.69829990238743,345.07014323724
2012-02-01,M4_Quantile_Minusformer,47.8,142.51575082187492,51.035657315794495,390.00592478329906
2012-03-01,M4_Quantile_Minusformer,86.6,83.24870433919078,43.60147151169261,199.5260200025852
2012-04-01,M4_Quantile_Minusformer,85.9,102.17807579186817,46.381513673826404,258.7768450159433
2012-05-01,M4_Quantile_Minusformer,96.5,92.52072215063,45.57398150593666,224.72195587414228
2012-06-01,M4_Quantile_Minusformer,92.0,118.47707293063957,47.24117338556847,311.591933304863
2012-07-01,M4_Quantile_Minusformer,100.1,113.1591874446932,46.37558513428377,292.4099320603618
2012-08-01,M4_Quantile_Minusformer,94.8,112.75024909739722,47.83988590807361,285.60312749773834
2012-09-01,M4_Quantile_Minusformer,93.7,99.92493698103247,46.74129391343304,242.2098787641861
2012-10-01,M4_Quantile_Minusformer,76.5,128.14915148731967,45.168837823977015,342.27993677881335
2012-11-01,M4_Quantile_Minusformer,87.6,100.02961347755458,44.29951542913534,245.9686642876705
2012-12-01,M4_Quantile_Minusformer,56.8,94.2057956323442,44.53799344976037,225.21628061022776
2013-01-01,M4_Quantile_Minusformer,96.1,75.88830428618819,38.86893864943675,173.6790731143462
2013-02-01,M4_Quantile_Minusformer,60.9,104.65631702670424,41.23106167693744,264.13298256953806
2013-03-01,M4_Quantile_Minusformer,78.3,75.68240214584708,37.10109619613698,174.36573502409342
2013-04-01,M4_Quantile_Minusformer,107.3,84.40204645039526,37.74903557002256,200.52950028505663
2013-05-01,M4_Quantile_Minusformer,120.2,83.97742040686069,40.00432202352959,194.46576319497643
2013-06-01,M4_Quantile_Minusformer,76.7,109.23201938486402,43.55930831395815,270.00438966349606
2013-07-01,M4_Quantile_Minusformer,86.2,75.2246372314437,40.01908738257388,165.95425368019573
2013-08-01,M4_Quantile_Minusformer,91.8,95.90043018048027,41.248952265455294,229.93720024296684
2013-09-01,M4_Quantile_Minusformer,54.5,84.88852023293614,41.1522345255149,193.7590731127978
2013-10-01,M4_Quantile_Minusformer,114.4,82.09081633018339,35.5242363114419,193.6027747071628
2013-11-01,M4_Quantile_Minusformer,113.9,107.14426326396897,38.40394040489023,268.9517019300783
2013-12-01,M4_Quantile_Minusformer,124.2,86.32149325104761,41.47174022609459,195.4607295629989
2014-01-01,M4_Quantile_Minusformer,117.0,95.38871792071264,44.69255144210584,218.16480571592646
2014-02-01,M4_Quantile_Minusformer,146.1,91.16291895938164,45.270393293495914,203.60256528660935
2014-03-01,M4_Quantile_Minusformer,128.7,111.373694460008,50.420969321018575,257.87205950880224
2014-04-01,M4_Quantile_Minusformer,112.5,113.70367964998249,50.432969458932014,264.72743764681275
2014-05-01,M4_Quantile_Minusformer,112.5,137.10257756934445,48.12747994426017,344.33533680206966
2014-06-01,M4_Quantile_Minusformer,102.9,130.68729028472166,47.6793956429645,323.3196463967411
2014-07-01,M4_Quantile_Minusformer,100.2,117.10846446655759,47.18001317849719,279.58158300636234
2014-08-01,M4_Quantile_Minusformer,106.9,119.78069259354358,45.730920170841614,290.60495688995763
2014-09-01,M4_Quantile_Minusformer,130.0,99.8173700712767,46.534992493041386,227.7855508250823
2014-10-01,M4_Quantile_Minusformer,90.0,128.90775425162863,47.908864896610524,318.5476785170562
2014-11-01,M4_Quantile_Minusformer,103.6,96.65007231719409,45.5113038292154,219.1682585257079
2014-12-01,M4_Quantile_Minusformer,112.9,109.95944556770463,45.31707186461149,261.18767366115674
2015-01-01,M4_Quantile_Minusformer,93.0,114.58208453540598,45.65333518662515,275.24712643124536
2015-02-01,M4_Quantile_Minusformer,66.7,105.67066262058496,44.01427985696285,249.35089883488666
2015-03-01,M4_Quantile_Minusformer,54.5,96.49813500037298,38.91687632835387,228.7461505829824
2015-04-01,M4_Quantile_Minusformer,75.3,71.99909599159214,34.537310435872584,159.34121672050293
2015-05-01,M4_Quantile_Minusformer,88.8,78.04369692287196,34.32293036298659,178.32931666258375
2015-06-01,M4_Quantile_Minusformer,66.5,76.10971033051082,35.07477431388679,171.07590062575116
2015-07-01,M4_Quantile_Minusformer,65.8,76.4710136550346,32.96907375974829,176.47937109080524
2015-08-01,M4_Quantile_Minusformer,64.4,66.32096626210492,31.417410639662073,147.52069116809923
2015-09-01,M4_Quantile_Minusformer,78.6,64.54196595271821,30.414726460465673,144.0486407288804
2015-10-01,M4_Quantile_Minusformer,63.6,66.26632325280505,31.14908083517475,148.07879636218527
2015-11-01,M4_Quantile_Minusformer,62.2,58.17073811664305,29.20975125966099,126.38268127197202
2015-12-01,M4_Quantile_Minusformer,58.0,66.91642541106563,28.3425669782332,154.2275321432332
2016-01-01,M4_Quantile_Minusformer,57.0,62.25856836875467,27.036418839177088,142.2098422044146
2016-02-01,M4_Quantile_Minusformer,56.4,58.53368108341334,26.227316713516565,132.06317689169592
2016-03-01,M4_Quantile_Minusformer,54.1,55.53683070699239,25.25710929185275,124.46203481346798
2016-04-01,M4_Quantile_Minusformer,37.9,48.76947578844788,24.387922036240987,105.91796240009332
2016-05-01,M4_Quantile_Minusformer,51.5,41.29653317098084,21.28261043987196,88.1007834280806
2016-06-01,M4_Quantile_Minusformer,20.5,44.7968598505339,21.451068946595235,98.13878553423561
2016-07-01,M4_Quantile_Minusformer,32.4,29.895658947662408,16.05127142639028,61.85295327524301
2016-08-01,M4_Quantile_Minusformer,50.2,34.992293083250686,15.83391923579281,76.89153516370563
2016-09-01,M4_Quantile_Minusformer,44.6,40.7677275772813,16.473626044461135,92.96342058575704
2016-10-01,M4_Quantile_Minusformer,33.4,43.193340518825856,16.536632981728218,100.0644318078303
2016-11-01,M4_Quantile_Minusformer,21.4,40.89548523388641,14.936789128584177,95.89968328371727
2016-12-01,M4_Quantile_Minusformer,18.5,32.54296082906189,12.99504617099269,73.79162098254993
2017-01-01,M4_Quantile_Minusformer,26.1,23.914873932143113,11.17207930008338,51.292368355400804
2017-02-01,M4_Quantile_Minusformer,26.4,24.140621801526176,10.958175361961377,52.23582033310209
2017-03-01,M4_Quantile_Minusformer,17.7,23.215910532464115,10.66936234677874,49.99503165567761
2017-04-01,M4_Quantile_Minusformer,32.3,18.364320921336226,9.12171639811349,38.38999040104161
2017-05-01,M4_Quantile_Minusformer,18.9,25.58161192501227,10.038884264539755,57.736507544243736
2017-06-01,M4_Quantile_Minusformer,19.2,17.94978843320234,8.869526387426054,37.57451809875199
2017-07-01,M4_Quantile_Minusformer,17.8,20.25761241320157,8.464487526183637,44.708022832453615
2017-08-01,M4_Quantile_Minusformer,32.6,19.11028783092958,7.799816133940363,42.440204007277075
2017-09-01,M4_Quantile_Minusformer,43.7,33.90448258454804,7.751073411670449,88.14741448171097
2017-10-01,M4_Quantile_Minusformer,13.2,28.858672159296532,10.209655399324394,67.38581226585511
2017-11-01,M4_Quantile_Minusformer,5.7,24.476583586712096,8.1285493226273,57.808949042945606
2017-12-01,M4_Quantile_Minusformer,8.2,14.822893811390255,5.864616335803944,32.83398691758763
2018-01-01,M4_Quantile_Minusformer,6.8,10.207363923896134,4.969145386108181,21.186105767909176
2018-02-01,M4_Quantile_Minusformer,10.7,8.161359715723535,4.061364425496068,16.792562060445277
2018-03-01,M4_Quantile_Minusformer,2.5,11.45817417614349,4.045110000656681,25.942713555949247
2018-04-01,M4_Quantile_Minusformer,8.9,6.622759867148469,2.5849652917454553,14.486961819116361
2018-05-01,M4_Quantile_Minusformer,13.1,10.263782084792597,2.6198582774346724,24.653061271424495
2018-06-01,M4_Quantile_Minusformer,15.6,9.28370229762216,3.0842967152675227,21.091428047162864
2018-07-01,M4_Quantile_Minusformer,1.6,11.994165471914414,3.5474368112171453,28.02938343660813
2018-08-01,M4_Quantile_Minusformer,8.7,3.4697981902117663,1.7690018798156522,7.0921686064175
2018-09-01,M4_Quantile_Minusformer,3.3,11.469099743993356,1.8999482966113432,29.552458897029236
2018-10-01,M4_Quantile_Minusformer,4.9,3.2082092504961395,1.5741174355802476,6.643267167493055
2018-11-01,M4_Quantile_Minusformer,4.9,5.638441775756045,1.7228880550662207,12.92231695584891
2018-12-01,M4_Quantile_Minusformer,3.1,4.691203147618097,1.5724475336749708,10.574486487860323
2019-01-01,M4_Quantile_Minusformer,7.7,4.5468069933670225,1.343096778938552,10.568553899983716
2019-02-01,M4_Quantile_Minusformer,0.8,5.521714588159242,1.56550419813924,12.941592188170494
2019-03-01,M4_Quantile_Minusformer,9.4,1.493253145510335,0.6142552420435226,3.3900443306532413
2019-04-01,M4_Quantile_Minusformer,9.1,5.854216486173501,1.2417156764084591,14.253125944590268
2019-05-01,M4_Quantile_Minusformer,9.9,6.775421543538862,1.4488138055155106,16.544203050707306
2019-06-01,M4_Quantile_Minusformer,1.2,10.730480029481761,1.5181539844720238,28.43497888825612
2019-07-01,M4_Quantile_Minusformer,0.9,3.510098628437108,1.1374783733362595,8.04359344380125
2019-08-01,M4_Quantile_Minusformer,0.5,4.140745171629497,0.6281931607299942,10.492413802833548
2019-09-01,M4_Quantile_Minusformer,1.1,2.0810719026208133,0.3284837865832595,5.2617744628957634
2019-10-01,M4_Quantile_Minusformer,0.4,1.8745069792911355,0.2302526339165317,4.849621422632811
2019-11-01,M4_Quantile_Minusformer,0.5,1.211168063415383,0.003963641947888873,3.3907386225057845
2019-12-01,M4_Quantile_Minusformer,1.5,0.6936999827163508,0.0,2.2115149033842636
2020-01-01,M4_Quantile_Minusformer,6.2,1.0665114181047493,0.0,3.1122924283642037
2020-02-01,M4_Quantile_Minusformer,0.2,2.897633156627343,0.17589022910487745,7.710245978775221
2020-03-01,M4_Quantile_Minusformer,1.5,0.6006751652834161,0.0,1.9477957490579882
2020-04-01,M4_Quantile_Minusformer,5.2,1.7040155142823363,0.0,4.781747061913975
2020-05-01,M4_Quantile_Minusformer,0.2,3.9009729720258983,0.0045939901973671635,11.004164405269146
2020-06-01,M4_Quantile_Minusformer,5.8,0.7322955694768636,0.0,2.2547268955447124
2020-07-01,M4_Quantile_Minusformer,6.1,4.251631424048535,0.04130028612391766,12.182138850139166
2020-08-01,M4_Quantile_Minusformer,7.5,3.296057634625712,0.5659057004194716,8.320554131055712
2020-09-01,M4_Quantile_Minusformer,0.6,7.470905432902288,0.5121484270494623,21.209111176588614
2020-10-01,M4_Quantile_Minusformer,14.6,3.7471018641136578,0.34484557666724336,10.146473127082198
2020-11-01,M4_Quantile_Minusformer,34.5,7.2519088080846075,1.0209542939468768,19.24855568087683
2020-12-01,M4_Quantile_Minusformer,23.1,11.292024300637632,2.3346464477884954,28.495500614727824
2021-01-01,M4_Quantile_Minusformer,10.4,22.300421067521867,2.119901836927336,66.02466885451913
2021-02-01,M4_Quantile_Minusformer,8.2,17.12620893270289,3.076789200646637,45.81686342743782
2021-03-01,M4_Quantile_Minusformer,17.2,17.47580244543626,2.8846069181517846,47.498466165843546
2021-04-01,M4_Quantile_Minusformer,24.5,25.678398986627425,3.03649716595279,76.25079091598721
2021-05-01,M4_Quantile_Minusformer,21.2,28.150611494536133,4.417652824408292,79.83372056074484
2021-06-01,M4_Quantile_Minusformer,25.0,27.308991215877306,5.584665014159059,73.5321999472222
2021-07-01,M4_Quantile_Minusformer,34.3,24.0575156516285,7.593997956185699,58.787500150846064
2021-08-01,M4_Quantile_Minusformer,22.0,49.843930029511675,6.489253030909074,152.18443734401671
2021-09-01,M4_Quantile_Minusformer,51.3,32.67960686912912,9.158682210692252,84.33738140787557
2021-10-01,M4_Quantile_Minusformer,37.4,48.30012487243179,10.945548192432748,132.1457513281545
2021-11-01,M4_Quantile_Minusformer,34.8,42.82839471650009,13.194256905505016,107.85385972919565
2021-12-01,M4_Quantile_Minusformer,67.5,50.659404004544186,13.042587575893636,133.85706407556438
2022-01-01,M4_Quantile_Minusformer,55.3,56.862408354375376,17.846508008566847,145.60065603844814
2022-02-01,M4_Quantile_Minusformer,60.9,52.35797334344376,20.988095235184712,126.67799336741338
2022-03-01,M4_Quantile_Minusformer,78.6,83.62073345800565,20.70352977854384,239.61796875116585
2022-04-01,M4_Quantile_Minusformer,84.0,68.80727326427139,27.91312331144036,171.41247024419602
2022-05-01,M4_Quantile_Minusformer,96.5,97.40936921101053,30.16131868855529,270.4492662322121
2022-06-01,M4_Quantile_Minusformer,70.3,79.78315457171546,36.79977356007137,195.65373213260503
2022-07-01,M4_Quantile_Minusformer,91.4,130.87115431282731,32.95600405608715,394.68808085497966
2022-08-01,M4_Quantile_Minusformer,74.6,152.24089794414837,33.96202373955776,473.188942285491
2022-09-01,M4_Quantile_Minusformer,96.0,99.22680184628571,41.05241730391607,257.1372760060977
2022-10-01,M4_Quantile_Minusformer,95.5,106.83203866679074,44.63386446839539,277.05695386413925
2022-11-01,M4_Quantile_Minusformer,80.5,121.52599059577572,45.56970564365758,325.9945202832861
2022-12-01,M4_Quantile_Minusformer,112.8,107.74898397218428,46.55553299120834,279.10228731377066
2023-01-01,M4_Quantile_Minusformer,144.4,119.45041461377598,50.13318516728984,311.5270157235882
1998-06-01,M5_SortBootstrap_ANN,90.5,76.46417966827403,50.300463652398385,116.37632249300648
1998-07-01,M5_SortBootstrap_ANN,96.7,90.48677733740435,62.73651901414501,135.1034014585714
1998-08-01,M5_SortBootstrap_ANN,121.1,96.21244197212077,62.78430954269147,151.58193651319976
1998-09-01,M5_SortBootstrap_ANN,132.0,110.12510312780395,74.38335558117055,160.90245455673107
1998-10-01,M5_SortBootstrap_ANN,78.5,125.5603038420848,88.35935441629792,185.77484196569026
1998-11-01,M5_SortBootstrap_ANN,97.3,103.88299943675669,69.376612572868,157.175463315371
1998-12-01,M5_SortBootstrap_ANN,119.2,107.2715465763703,70.54796131569883,159.3735826627925
1999-01-01,M5_SortBootstrap_ANN,86.0,119.35688546432809,82.50403199530786,180.5605069306572
1999-02-01,M5_SortBootstrap_ANN,98.0,105.88001865047579,72.60723148410426,152.24202757842687
1999-03-01,M5_SortBootstrap_ANN,103.5,108.86903390361569,76.97272116484807,151.02538200841383
1999-04-01,M5_SortBootstrap_ANN,93.6,110.59346554591149,75.89842974633896,155.69199435133413
1999-05-01,M5_SortBootstrap_ANN,149.6,103.11110395911861,76.68384664094154,139.4380607158451
1999-06-01,M5_SortBootstrap_ANN,207.2,123.15285324587069,91.68230582157781,163.72294530494418
1999-07-01,M5_SortBootstrap_ANN,173.5,153.84022320506259,116.30088939494061,200.65687267643537
1999-08-01,M5_SortBootstrap_ANN,142.3,158.02364378513423,118.73919573935586,209.64897331206924
1999-09-01,M5_SortBootstrap_ANN,106.3,146.90499392424059,109.25844739689708,195.36274360089877
1999-10-01,M5_SortBootstrap_ANN,168.7,129.68392818083777,96.89979731746224,175.3292879098025
1999-11-01,M5_SortBootstrap_ANN,188.3,150.91882877475743,110.62794068252431,201.07373047208702
1999-12-01,M5_SortBootstrap_ANN,116.8,165.86257862434465,119.7610395474728,224.30611806355833
2000-01-01,M5_SortBootstrap_ANN,133.1,140.66583036788558,105.86141137087053,189.16523075680192
2000-02-01,M5_SortBootstrap_ANN,165.7,141.27469158653807,104.82031220927212,187.82193269051595
2000-03-01,M5_SortBootstrap_ANN,217.7,155.24876339526782,110.46737605366431,208.04569258601578
2000-04-01,M5_SortBootstrap_ANN,191.5,179.03153851655225,133.502799312817,243.6337603848195
2000-05-01,M5_SortBootstrap_ANN,165.9,178.29878956008977,134.4705871714466,238.19729849179504
2000-06-01,M5_SortBootstrap_ANN,188.0,168.57204599874342,126.57392039827853,225.17028686794293
2000-07-01,M5_SortBootstrap_ANN,244.3,175.17515742922464,130.1086146535177,232.3243553428713
2000-08-01,M5_SortBootstrap_ANN,180.5,204.72759107947715,150.6114633941184,273.4763008389937
2000-09-01,M5_SortBootstrap_ANN,156.0,184.78554083583305,140.11315984450002,243.9920476008612
2000-10-01,M5_SortBootstrap_ANN,141.6,166.72159970751937,126.42076655224965,217.66791835535145
2000-11-01,M5_SortBootstrap_ANN,158.1,154.88310339706237,117.75188526605109,205.50188901090462
2000-12-01,M5_SortBootstrap_ANN,143.3,156.7472684782599,117.20221866159908,206.09139407960257
2001-01-01,M5_SortBootstrap_ANN,142.6,148.22606004781827,110.3464001409541,196.1236620016475
2001-02-01,M5_SortBootstrap_ANN,121.5,142.60951567826655,106.43081570391475,191.1439364105842
2001-03-01,M5_SortBootstrap_ANN,165.8,127.54398707328679,97.68851335939104,171.94245555586588
2001-04-01,M5_SortBootstrap_ANN,161.7,144.4794101804991,105.52099426951611,191.04908175055755
2001-05-01,M5_SortBootstrap_ANN,142.1,146.78426586560073,108.59764293536365,196.27142354043727
2001-06-01,M5_SortBootstrap_ANN,202.9,137.1481352711477,103.97657365077178,179.2667020467172
2001-07-01,M5_SortBootstrap_ANN,123.0,161.40069154876647,121.00504947409216,213.394580159944
2001-08-01,M5_SortBootstrap_ANN,161.5,130.99909631118717,99.05919362796627,171.2559617129807
2001-09-01,M5_SortBootstrap_ANN,238.2,143.20373225110586,107.26953655124478,190.93973123589072
2001-10-01,M5_SortBootstrap_ANN,194.1,178.93754110073698,130.80972546233622,236.29243490615153
2001-11-01,M5_SortBootstrap_ANN,176.6,173.13487639341756,127.15094678108642,234.11324915106087
2001-12-01,M5_SortBootstrap_ANN,213.4,162.45219972071953,121.97764250635028,214.51819996991097
2002-01-01,M5_SortBootstrap_ANN,184.6,177.7155556022244,134.26368707513586,234.95308649780702
2002-02-01,M5_SortBootstrap_ANN,170.2,169.54176608204318,130.00319443134924,220.34406630438355
2002-03-01,M5_SortBootstrap_ANN,147.1,158.79368386329423,119.36406228355615,207.7252364194053
2002-04-01,M5_SortBootstrap_ANN,186.9,145.375601844298,111.53949269983768,191.32598801491284
2002-05-01,M5_SortBootstrap_ANN,187.5,160.79311706461945,120.53242987261727,212.04113879969003
2002-06-01,M5_SortBootstrap_ANN,128.8,165.2473687705609,124.22120892044424,218.3438523909373
2002-07-01,M5_SortBootstrap_ANN,161.0,135.7064425451517,104.64240218500645,177.49206691587327
2002-08-01,M5_SortBootstrap_ANN,175.6,142.58369260883728,108.24894354804027,188.92027036816938
2002-09-01,M5_SortBootstrap_ANN,187.9,152.73517011845917,115.0567650504885,197.808399054131
2002-10-01,M5_SortBootstrap_ANN,151.2,158.70100314403993,119.99119142271009,207.81270486423466
2002-11-01,M5_SortBootstrap_ANN,147.2,142.7916466145327,110.48950003098491,185.85045837991728
2002-12-01,M5_SortBootstrap_ANN,135.3,136.77447977589657,105.24121159638588,179.01958277419502
2003-01-01,M5_SortBootstrap_ANN,133.5,127.79224967257372,99.13692094245154,165.31437472878793
2003-02-01,M5_SortBootstrap_ANN,75.7,124.37809077670616,96.81206089696818,164.10343139022703
2003-03-01,M5_SortBootstrap_ANN,100.7,91.59259441827376,70.5044791908365,118.21854811330358
2003-04-01,M5_SortBootstrap_ANN,97.9,94.66336806952748,72.7017294786099,125.56510337087306
2003-05-01,M5_SortBootstrap_ANN,86.8,93.62522310786291,69.61092468363,122.75403882572662
2003-06-01,M5_SortBootstrap_ANN,118.7,85.00367832161999,64.59717255582481,112.89715068804762
2003-07-01,M5_SortBootstrap_ANN,128.3,97.47229446058046,70.00770425301988,132.04977627051568
2003-08-01,M5_SortBootstrap_ANN,115.4,106.10813872192436,76.28059308260522,142.04769530208662
2003-09-01,M5_SortBootstrap_ANN,78.5,99.50578749360085,75.3431719597251,132.19610805769656
2003-10-01,M5_SortBootstrap_ANN,97.8,81.3100723971946,61.575694379206034,106.39199799052399
2003-11-01,M5_SortBootstrap_ANN,82.9,85.49486456470733,64.86904296531596,114.06803336510161
2003-12-01,M5_SortBootstrap_ANN,72.2,78.62155845929479,59.11280845893386,103.87525821812744
2004-01-01,M5_SortBootstrap_ANN,60.6,70.746528581688,52.46351845647793,93.20757266944628
2004-02-01,M5_SortBootstrap_ANN,74.6,61.636734560553094,47.0246218557991,81.57319689252927
2004-03-01,M5_SortBootstrap_ANN,74.8,65.68885048557146,49.630630528700365,88.678532219968
2004-04-01,M5_SortBootstrap_ANN,59.2,65.20727480406151,48.87539387298548,86.55685569505451
2004-05-01,M5_SortBootstrap_ANN,72.8,56.24201036125556,42.42292605732494,73.59951808194398
2004-06-01,M5_SortBootstrap_ANN,66.5,60.678037791999024,45.83694116987722,82.49573210450338
2004-07-01,M5_SortBootstrap_ANN,83.8,57.93982648257264,44.2729956678442,78.51376256236492
2004-08-01,M5_SortBootstrap_ANN,69.7,65.66492845018624,49.631289778795335,87.17039685662766
2004-09-01,M5_SortBootstrap_ANN,48.8,61.10954048134768,45.96488527549194,81.60816717537138
2004-10-01,M5_SortBootstrap_ANN,74.2,48.440917066525394,35.3065747961111,64.2019485747075
2004-11-01,M5_SortBootstrap_ANN,70.1,58.66320215262787,43.758738271464054,80.32016623903758
2004-12-01,M5_SortBootstrap_ANN,28.9,59.51943811957674,44.67195954357972,80.63837232792748
2005-01-01,M5_SortBootstrap_ANN,48.1,36.80686086219012,25.307500513130325,49.92699362830028
2005-02-01,M5_SortBootstrap_ANN,43.5,41.26605235019621,30.823501291936214,55.31603765808884
2005-03-01,M5_SortBootstrap_ANN,39.6,40.322106062768704,29.760350727047935,53.74583785524846
2005-04-01,M5_SortBootstrap_ANN,38.7,36.90092635597864,27.399906129357745,49.37577294439188
2005-05-01,M5_SortBootstrap_ANN,61.9,35.2260827476911,26.003380264943775,47.34282870997554
2005-06-01,M5_SortBootstrap_ANN,56.8,46.633459769739424,32.83277446206283,65.35467077425754
2005-07-01,M5_SortBootstrap_ANN,62.4,46.60301310853206,34.420303890110944,64.573028641934
2005-08-01,M5_SortBootstrap_ANN,60.5,50.25933186767389,37.15507841254628,69.93810715919021
2005-09-01,M5_SortBootstrap_ANN,37.2,50.46675506481406,36.40733126853616,68.11493083736859
2005-10-01,M5_SortBootstrap_ANN,13.2,38.20903815202388,27.40943990231671,51.754376431405014
2005-11-01,M5_SortBootstrap_ANN,27.5,21.715236507432685,13.601035990326478,31.88603582413274
2005-12-01,M5_SortBootstrap_ANN,59.3,25.52315806238584,18.678184037043426,34.69726137195938
2006-01-01,M5_SortBootstrap_ANN,20.9,41.94920270392198,27.711706106333963,62.021083272050795
2006-02-01,M5_SortBootstrap_ANN,5.7,24.980378743662868,17.10296208457179,35.05683491058156
2006-03-01,M5_SortBootstrap_ANN,17.3,11.975224926487247,7.282466992024773,18.454839811639886
2006-04-01,M5_SortBootstrap_ANN,50.3,16.29835774939392,10.993940336860904,26.95659437097242
2006-05-01,M5_SortBootstrap_ANN,37.2,31.967529640885466,18.996032987268133,50.77303540366399
2006-06-01,M5_SortBootstrap_ANN,24.5,31.620122358715662,20.458936365891738,49.3506580427678
2006-07-01,M5_SortBootstrap_ANN,22.2,24.703283546623666,15.668708227462009,38.73529834716256
2006-08-01,M5_SortBootstrap_ANN,20.8,22.377440579900355,14.381512887018145,37.022203815970535
2006-09-01,M5_SortBootstrap_ANN,23.7,21.518930788736498,13.213200206375152,31.849514625450304
2006-10-01,M5_SortBootstrap_ANN,14.9,22.73571197697879,14.593453739053528,35.33072878055463
2006-11-01,M5_SortBootstrap_ANN,35.7,17.24105019521044,10.751587664317713,26.15823172119946
2006-12-01,M5_SortBootstrap_ANN,22.3,27.27182657739711,17.606187548247952,41.46410798975937
2007-01-01,M5_SortBootstrap_ANN,29.3,22.6098490567152,14.716271414687318,36.57301858187962
2007-02-01,M5_SortBootstrap_ANN,18.4,26.169772274820673,17.414815631453603,38.77530655789932
2007-03-01,M5_SortBootstrap_ANN,7.2,20.221870032227784,13.381599994180483,28.948461794407052
2007-04-01,M5_SortBootstrap_ANN,5.4,11.554902413657814,7.082991126484735,17.776204827838814
2007-05-01,M5_SortBootstrap_ANN,19.5,8.34313167940306,5.350298060649459,13.89543478272803
2007-06-01,M5_SortBootstrap_ANN,21.3,15.41442764618558,9.091896494564311,26.331273518236507
2007-07-01,M5_SortBootstrap_ANN,15.1,18.574840785974448,11.590685115804275,30.58379979217979
2007-08-01,M5_SortBootstrap_ANN,9.8,15.232502283383727,9.052523496319274,24.640482736074926
2007-09-01,M5_SortBootstrap_ANN,4.0,11.599232761498937,7.1375013530833105,19.532793364352408
2007-10-01,M5_SortBootstrap_ANN,1.5,6.836669292870898,4.169787437646126,11.286283149902609
2007-11-01,M5_SortBootstrap_ANN,2.8,3.7658922913111557,1.920702773772534,6.5709592549178435
2007-12-01,M5_SortBootstrap_ANN,17.3,3.8981258011781605,2.177309961091587,6.646499971711946
2008-01-01,M5_SortBootstrap_ANN,4.1,10.562180838708075,5.39581790681223,16.765603979812123
2008-02-01,M5_SortBootstrap_ANN,2.9,5.742453220357175,3.204791797195014,10.354077570557578
2008-03-01,M5_SortBootstrap_ANN,15.5,4.120598091711622,2.4301732785797263,6.858498029870938
2008-04-01,M5_SortBootstrap_ANN,3.6,10.036548547990787,5.445778028083331,17.937379498489552
2008-05-01,M5_SortBootstrap_ANN,4.6,5.376896247990841,2.927738391761785,9.75160669655163
2008-06-01,M5_SortBootstrap_ANN,5.2,5.052796842729346,2.5157428890839126,9.33757268967557
2008-07-01,M5_SortBootstrap_ANN,0.6,5.467420320769018,3.0155951861633135,9.75322189907912
2008-08-01,M5_SortBootstrap_ANN,0.3,2.135593499635385,0.7887053029462714,4.145200872884077
2008-09-01,M5_SortBootstrap_ANN,1.2,1.1434590960563993,0.2931249461291979,2.4811228161317604
2008-10-01,M5_SortBootstrap_ANN,4.2,1.5931232303915501,0.6775743277592776,3.370629325130394
2008-11-01,M5_SortBootstrap_ANN,6.6,3.1536056690342233,1.4735260806387545,6.077707184415551
2008-12-01,M5_SortBootstrap_ANN,1.0,4.69320092046068,2.307997515653274,7.899375459760899
2009-01-01,M5_SortBootstrap_ANN,1.3,1.9032972973776197,0.6217340208022797,3.997369611602279
2009-02-01,M5_SortBootstrap_ANN,1.2,1.6175851185811476,0.4485769527004906,3.6724081523713323
2009-03-01,M5_SortBootstrap_ANN,0.6,1.5591238080240228,0.5535460007840423,3.0998132712800244
2009-04-01,M5_SortBootstrap_ANN,1.2,1.074790459142978,0.14517775012054213,2.559200433277731
2009-05-01,M5_SortBootstrap_ANN,2.9,1.336872917270374,0.3570489068001508,3.0810595051513276
2009-06-01,M5_SortBootstrap_ANN,6.3,2.357739713186138,0.8850836306815353,4.714948426590257
2009-07-01,M5_SortBootstrap_ANN,5.5,4.32155047662105,2.319738365077469,7.415263098685431
2009-08-01,M5_SortBootstrap_ANN,0.0,4.766027502730276,2.476456119110794,8.365603802738647
2009-09-01,M5_SortBootstrap_ANN,7.1,1.006934907299038,0.12271119493252128,2.431128614338478
2009-10-01,M5_SortBootstrap_ANN,7.7,4.315757527387421,2.1268222653506674,7.899175168571343
2009-11-01,M5_SortBootstrap_ANN,6.9,6.26271952193948,3.3955418537970097,10.120945261358907
2009-12-01,M5_SortBootstrap_ANN,16.3,6.7677400651438715,3.8109886445495498,12.07498132492276
2010-01-01,M5_SortBootstrap_ANN,19.5,10.800954497525229,6.832235618711919,18.038076287287577
2010-02-01,M5_SortBootstrap_ANN,28.5,15.74167334108429,10.264274625520311,23.92715535451375
2010-03-01,M5_SortBootstrap_ANN,24.0,20.98817212849991,13.248762106159488,34.9291293149919
2010-04-01,M5_SortBootstrap_ANN,10.4,23.2417500775724,14.835457345509875,36.99167712588167
2010-05-01,M5_SortBootstrap_ANN,13.9,16.90460966314492,9.790481930415577,27.574633511222856
2010-06-01,M5_SortBootstrap_ANN,18.8,17.814652596035206,10.723210432903123,28.218014648938208
2010-07-01,M5_SortBootstrap_ANN,25.2,21.507500471246132,12.820573276797441,34.42882272360695
2010-08-01,M5_SortBootstrap_ANN,29.6,25.79621609835194,16.350357169075128,41.27796494397997
2010-09-01,M5_SortBootstrap_ANN,36.4,29.746238451444103,18.73833822021125,46.36285330147087
2010-10-01,M5_SortBootstrap_ANN,33.6,35.915776828895694,23.038334923121397,57.082092694591424
2010-11-01,M5_SortBootstrap_ANN,34.4,36.202894140693346,22.704463544378672,59.13441741701517
2010-12-01,M5_SortBootstrap_ANN,24.5,38.04720300737965,23.549278150580037,60.23114103395859
2011-01-01,M5_SortBootstrap_ANN,27.3,33.875687354394714,21.709007612850495,53.46499663287332
2011-02-01,M5_SortBootstrap_ANN,48.3,33.5314475505102,21.557702845316868,53.365884430186526
2011-03-01,M5_SortBootstrap_ANN,78.6,43.32349492425664,29.470958488024372,61.822747653757396
2011-04-01,M5_SortBootstrap_ANN,76.1,58.716697697963376,41.32614891083271,86.33927350157676
2011-05-01,M5_SortBootstrap_ANN,58.2,66.39758605186915,47.253439410017464,94.72845396472812
2011-06-01,M5_SortBootstrap_ANN,56.1,63.395907702466545,44.14234794212317,92.4395253813642
2011-07-01,M5_SortBootstrap_ANN,64.5,62.37546397532178,44.042041266482954,88.86067752054845
2011-08-01,M5_SortBootstrap_ANN,65.8,67.56003991662207,48.31934746972943,97.49476774045604
2011-09-01,M5_SortBootstrap_ANN,120.1,69.78207660271198,49.899056022397545,97.1537737694424
2011-10-01,M5_SortBootstrap_ANN,125.7,92.39248408052272,66.48831901485083,125.42272549736337
2011-11-01,M5_SortBootstrap_ANN,139.1,107.05616168784465,75.61369052624255,145.5067525271022
2011-12-01,M5_SortBootstrap_ANN,109.3,122.66926308164501,89.626972875324,167.90904206291071
2012-01-01,M5_SortBootstrap_ANN,94.4,117.25624345801134,84.7214970178254,164.32190944009653
2012-02-01,M5_SortBootstrap_ANN,47.8,113.30364863075687,80.74835258903616,159.78400246348508
2012-03-01,M5_SortBootstrap_ANN,86.6,79.50617685310557,55.44244218103658,109.66632191228815
2012-04-01,M5_SortBootstrap_ANN,85.9,93.59746024396473,67.58749906956271,127.94411908309121
2012-05-01,M5_SortBootstrap_ANN,96.5,95.28352730350083,69.5795518487971,132.374141967834
2012-06-01,M5_SortBootstrap_ANN,92.0,101.34336030275423,74.297960400788,143.34720146090535
2012-07-01,M5_SortBootstrap_ANN,100.1,98.96711783625192,72.43195036099671,138.44436353448427
2012-08-01,M5_SortBootstrap_ANN,94.8,102.79950719175955,73.6512960772852,140.22677650445482
2012-09-01,M5_SortBootstrap_ANN,93.7,99.07329834787352,72.19495616402293,134.9056975646802
2012-10-01,M5_SortBootstrap_ANN,76.5,97.42566985428542,69.88450706096017,132.7120973398911
2012-11-01,M5_SortBootstrap_ANN,87.6,87.70270603962939,65.76697049564363,117.08139182230374
2012-12-01,M5_SortBootstrap_ANN,56.8,90.94096406558408,66.80595779603041,122.17922335700597
2013-01-01,M5_SortBootstrap_ANN,96.1,74.60627218411894,54.47384456369667,100.51737241738702
2013-02-01,M5_SortBootstrap_ANN,60.9,89.28904766334814,64.30225392186054,120.85677633240276
2013-03-01,M5_SortBootstrap_ANN,78.3,73.69245912131805,53.535185486642185,100.86099705160218
2013-04-01,M5_SortBootstrap_ANN,107.3,78.65739771959935,56.10641657315573,107.21298025448793
2013-05-01,M5_SortBootstrap_ANN,120.2,90.55331819151898,64.50177877014005,125.52552508832441
2013-06-01,M5_SortBootstrap_ANN,76.7,102.15144628783563,70.98564094991382,140.491087344468
2013-07-01,M5_SortBootstrap_ANN,86.2,84.25820239883842,62.084269781210345,115.19507758647116
2013-08-01,M5_SortBootstrap_ANN,91.8,86.64567763007648,63.0861957637737,117.33071006905166
2013-09-01,M5_SortBootstrap_ANN,54.5,89.15764807773236,63.938454530339015,121.42230358217284
2013-10-01,M5_SortBootstrap_ANN,114.4,67.78057033857375,50.96886457960416,91.34084004284712
2013-11-01,M5_SortBootstrap_ANN,113.9,91.08598450121166,65.04445038851333,122.93237292655498
2013-12-01,M5_SortBootstrap_ANN,124.2,98.16368222175832,69.13027651395187,134.50184088479477
2014-01-01,M5_SortBootstrap_ANN,117.0,106.56055788686346,76.98112771929614,144.34526791882055
2014-02-01,M5_SortBootstrap_ANN,146.1,105.01843803385982,77.19775237968913,144.427718642529
2014-03-01,M5_SortBootstrap_ANN,128.7,121.98226754516816,89.34563532906755,167.03374737080298
2014-04-01,M5_SortBootstrap_ANN,112.5,117.58972743867976,87.36762646951927,153.7924352101489
2014-05-01,M5_SortBootstrap_ANN,112.5,108.3527110790625,78.90742732073801,148.03438259544248
2014-06-01,M5_SortBootstrap_ANN,102.9,106.48496365577105,79.7488874654409,143.1694587614423
2014-07-01,M5_SortBootstrap_ANN,100.2,102.04955941410574,75.68624568846788,134.97958328517737
2014-08-01,M5_SortBootstrap_ANN,106.9,98.67646587781809,73.6458217226973,133.22504944904952
2014-09-01,M5_SortBootstrap_ANN,130.0,100.04541998211073,73.62156656263087,132.68306648677333
2014-10-01,M5_SortBootstrap_ANN,90.0,111.37499571517006,82.60085888175277,149.38283754129296
2014-11-01,M5_SortBootstrap_ANN,103.6,92.96339467649342,70.88275412015157,122.23753922143572
2014-12-01,M5_SortBootstrap_ANN,112.9,95.82702156662543,72.32847346720798,129.74556955703812
2015-01-01,M5_SortBootstrap_ANN,93.0,101.23047425745372,75.24406949371094,133.94094365943977
2015-02-01,M5_SortBootstrap_ANN,66.7,91.31863363297566,68.7294349367947,121.72136864611795
2015-03-01,M5_SortBootstrap_ANN,54.5,75.100476661314,57.08547703108718,99.59509074679436
2015-04-01,M5_SortBootstrap_ANN,75.3,63.23428478250513,48.72771362082903,82.92479246757868
2015-05-01,M5_SortBootstrap_ANN,88.8,70.07392415488194,52.52378695843142,95.24431758354186
2015-06-01,M5_SortBootstrap_ANN,66.5,77.37126378884717,56.403778615469925,104.83544685199965
2015-07-01,M5_SortBootstrap_ANN,65.8,67.36159420619948,49.39596908881706,90.48811701351106
2015-08-01,M5_SortBootstrap_ANN,64.4,63.78598966385965,48.40299920932723,85.06740817480944
2015-09-01,M5_SortBootstrap_ANN,78.6,62.21917022635374,46.36232609898332,85.50688694826167
2015-10-01,M5_SortBootstrap_ANN,63.6,67.94988598420376,50.61902679429995,92.29910202240248
2015-11-01,M5_SortBootstrap_ANN,62.2,60.97711275471329,46.2310229930112,80.68255206578026
2015-12-01,M5_SortBootstrap_ANN,58.0,58.64770191478893,44.14078953253846,78.07446272994434
2016-01-01,M5_SortBootstrap_ANN,57.0,54.941945301363674,41.179399314780724,74.2700278934538
2016-02-01,M5_SortBootstrap_ANN,56.4,54.05449635134538,40.15670670863716,71.5741376157658
2016-03-01,M5_SortBootstrap_ANN,54.1,52.27295919326182,39.459727132907446,69.59073511006895
2016-04-01,M5_SortBootstrap_ANN,37.9,50.2705067463767,38.307191368988015,66.51949133275868
2016-05-01,M5_SortBootstrap_ANN,51.5,40.38418220447037,30.55283532421672,53.47120236003012
2016-06-01,M5_SortBootstrap_ANN,20.5,44.24720800191796,33.13236582562425,59.1849756381975
2016-07-01,M5_SortBootstrap_ANN,32.4,28.252721794919232,20.558130158851725,37.92220562683679
2016-08-01,M5_SortBootstrap_ANN,50.2,30.362470334682484,22.907651230796784,40.88665691851706
2016-09-01,M5_SortBootstrap_ANN,44.6,38.55338040663127,27.588779938772948,53.64796166915622
2016-10-01,M5_SortBootstrap_ANN,33.4,38.223484432919776,27.867381057399673,53.70994535216883
2016-11-01,M5_SortBootstrap_ANN,21.4,31.572390190248385,23.500876771712154,42.93000006130434
2016-12-01,M5_SortBootstrap_ANN,18.5,24.24433257218516,17.684781280704215,32.5618563526634
2017-01-01,M5_SortBootstrap_ANN,26.1,20.472102025364016,15.026589875306374,27.650408957240273
2017-02-01,M5_SortBootstrap_ANN,26.4,22.837710627684785,16.653670426444016,32.51112369144028
2017-03-01,M5_SortBootstrap_ANN,17.7,23.616095771057694,16.90771456275718,33.49960723097431
2017-04-01,M5_SortBootstrap_ANN,32.3,18.55810128099483,13.552935465116791,25.02720401194291
2017-05-01,M5_SortBootstrap_ANN,18.9,24.725703705431023,17.078871952284157,35.55803880898882
2017-06-01,M5_SortBootstrap_ANN,19.2,19.07205500505455,13.361043390404857,26.658404749510435
2017-07-01,M5_SortBootstrap_ANN,17.8,17.989966653090406,12.969670122606015,25.331544285591075
2017-08-01,M5_SortBootstrap_ANN,32.6,16.647164083670592,12.053342773859017,23.74531043113362
2017-09-01,M5_SortBootstrap_ANN,43.7,24.057167717586513,16.695813537055706,34.59724076512983
2017-10-01,M5_SortBootstrap_ANN,13.2,31.310516757688397,21.728719547177246,43.4807536989893
2017-11-01,M5_SortBootstrap_ANN,5.7,16.489640932896325,10.951127511385117,23.319186101191413
2017-12-01,M5_SortBootstrap_ANN,8.2,9.602881020182535,6.0290297332682545,14.539802197877735
2018-01-01,M5_SortBootstrap_ANN,6.8,9.425365865681485,6.521122172126374,13.577663632170854
2018-02-01,M5_SortBootstrap_ANN,10.7,8.129761171478862,5.37136237243692,11.983222712982315
2018-03-01,M5_SortBootstrap_ANN,2.5,9.663442335705772,6.463764502944579,15.254281710613895
2018-04-01,M5_SortBootstrap_ANN,8.9,4.695132065668979,2.8396875324182225,7.367858275104174
2018-05-01,M5_SortBootstrap_ANN,13.1,7.270256037868407,4.567096935339175,12.059301541090372
2018-06-01,M5_SortBootstrap_ANN,15.6,9.917616877422562,5.950407788060693,16.6444311645836
2018-07-01,M5_SortBootstrap_ANN,1.6,12.364236107592738,7.786773176876608,19.434855970809583
2018-08-01,M5_SortBootstrap_ANN,8.7,3.735414045254971,1.936623466844444,6.375265054982249
2018-09-01,M5_SortBootstrap_ANN,3.3,7.023150210993611,4.101391961454374,12.298866460315324
2018-10-01,M5_SortBootstrap_ANN,4.9,4.480026556728046,2.469147623392182,7.2870030413703315
2018-11-01,M5_SortBootstrap_ANN,4.9,5.035687029997241,2.8270633566237535,8.882523720058341
2018-12-01,M5_SortBootstrap_ANN,3.1,4.953997813564481,2.902672599910317,8.71595314737888
2019-01-01,M5_SortBootstrap_ANN,7.7,3.7974448431277876,2.172491801474594,6.477077218961481
2019-02-01,M5_SortBootstrap_ANN,0.8,5.936187459389347,3.322749334437577,10.561252804480153
2019-03-01,M5_SortBootstrap_ANN,9.4,2.1006931366763486,0.9486477795646759,3.6910581011010395
2019-04-01,M5_SortBootstrap_ANN,9.1,6.056151258816207,3.1922995386836837,10.568174070449048
2019-05-01,M5_SortBootstrap_ANN,9.9,7.229228005947572,4.28320823405985,11.74265930044259
2019-06-01,M5_SortBootstrap_ANN,1.2,8.320919261975613,4.889252529130205,13.214238580216156
2019-07-01,M5_SortBootstrap_ANN,0.9,2.850468325373288,1.4712421048584052,5.239290751221367
2019-08-01,M5_SortBootstrap_ANN,0.5,1.9233853938802596,0.7272573800202082,3.8191453842784435
2019-09-01,M5_SortBootstrap_ANN,1.1,1.255134062090935,0.3510339879588686,2.5664652109240698
2019-10-01,M5_SortBootstrap_ANN,0.4,1.4618408076049128,0.4435730709138203,3.19566910437696
2019-11-01,M5_SortBootstrap_ANN,0.5,0.9034443754408485,0.1609281068331226,2.199225142761049
2019-12-01,M5_SortBootstrap_ANN,1.5,0.7891657026993384,0.12403527209959789,2.007556776046649
2020-01-01,M5_SortBootstrap_ANN,6.2,1.3325913364455166,0.33818363598030515,3.1420287769070683
2020-02-01,M5_SortBootstrap_ANN,0.2,3.5812519436649444,1.7279670968647567,6.267679808847922
2020-03-01,M5_SortBootstrap_ANN,1.5,0.896044180139907,0.18008417518500935,2.178207261113867
2020-04-01,M5_SortBootstrap_ANN,5.2,1.506656045141515,0.4976079512043287,3.1534857493011215
2020-05-01,M5_SortBootstrap_ANN,0.2,3.507491602264345,1.8595516352124588,5.913884892225694
2020-06-01,M5_SortBootstrap_ANN,5.8,1.0533530228197145,0.10503364067816658,2.8716572211497744
2020-07-01,M5_SortBootstrap_ANN,6.1,3.5100446455436662,1.7887497780649109,6.183181574809708
2020-08-01,M5_SortBootstrap_ANN,7.5,4.9366777730344396,2.656930980770382,8.503122932263869
2020-09-01,M5_SortBootstrap_ANN,0.6,6.213345045750576,3.381831002431804,10.78747335576601
2020-10-01,M5_SortBootstrap_ANN,14.6,1.9556258963367363,0.6418020945296878,4.403742706250026
2020-11-01,M5_SortBootstrap_ANN,34.5,7.701257753298842,4.613500637483371,13.102625662943247
2020-12-01,M5_SortBootstrap_ANN,23.1,16.796980841685176,9.741811319748088,28.92647659351014
2021-01-01,M5_SortBootstrap_ANN,10.4,18.404389411785644,10.810363778864446,30.116916625542636
2021-02-01,M5_SortBootstrap_ANN,8.2,14.235831852276359,8.44730515415484,23.252590545887667
2021-03-01,M5_SortBootstrap_ANN,17.2,12.901324173556546,7.19808723371165,21.92566223785274
2021-04-01,M5_SortBootstrap_ANN,24.5,17.92504801853043,11.000643666554435,29.323953430022677
2021-05-01,M5_SortBootstrap_ANN,21.2,23.411811075728302,14.012273942489548,38.96939651356104
2021-06-01,M5_SortBootstrap_ANN,25.0,24.11151347840081,14.218417469674355,38.03342964961999
2021-07-01,M5_SortBootstrap_ANN,34.3,27.510404609706548,17.305410103470848,42.42506571394213
2021-08-01,M5_SortBootstrap_ANN,22.0,34.12188456445004,21.230083253550447,54.02846736602996
2021-09-01,M5_SortBootstrap_ANN,51.3,30.02287580505646,17.756978622209434,47.853880743380635
2021-10-01,M5_SortBootstrap_ANN,37.4,42.03501199273523,24.989813501432643,65.3780757596494
2021-11-01,M5_SortBootstrap_ANN,34.8,42.931982698370355,26.593542951182272,67.70214528984079
2021-12-01,M5_SortBootstrap_ANN,67.5,42.56939518174458,25.54591143991239,66.15457252098386
2022-01-01,M5_SortBootstrap_ANN,55.3,56.84736117442333,37.426538104820864,88.74386128404092
2022-02-01,M5_SortBootstrap_ANN,60.9,59.55096744520182,40.1497599272069,90.30493988720389
2022-03-01,M5_SortBootstrap_ANN,78.6,62.63951420808055,41.77608525366017,92.10161814481512
2022-04-01,M5_SortBootstrap_ANN,84.0,73.5764961214524,50.19392807347831,108.12021310118013
2022-05-01,M5_SortBootstrap_ANN,96.5,81.41794289363352,56.12666221801868,117.55788806943875
2022-06-01,M5_SortBootstrap_ANN,70.3,92.51427430970277,64.87341559854244,138.40350922281556
2022-07-01,M5_SortBootstrap_ANN,91.4,84.76891961358614,59.86652144525321,124.77847794477547
2022-08-01,M5_SortBootstrap_ANN,74.6,93.7403149025044,65.08667132665842,132.91192470281936
2022-09-01,M5_SortBootstrap_ANN,96.0,90.28724266009877,64.87071358767531,126.3864356334928
2022-10-01,M5_SortBootstrap_ANN,95.5,99.57391863626032,69.93316133060931,146.2406302028459
2022-11-01,M5_SortBootstrap_ANN,80.5,102.93212710338351,75.48487174907119,143.38965309205238
2022-12-01,M5_SortBootstrap_ANN,112.8,97.01189184027898,70.1921405489584,136.2421583072961
2023-01-01,M5_SortBootstrap_ANN,144.4,109.18174110356594,77.96336761421581,152.0388838314233
1998-06-01,M6_OOT_Adaptive_EnbPI,90.5,99.12013002218578,44.24305974507504,228.86677032672145
1998-07-01,M6_OOT_Adaptive_EnbPI,96.7,102.8777186139596,46.01095807036082,237.84894528547187
1998-08-01,M6_OOT_Adaptive_EnbPI,121.1,96.30569246079847,43.05270296249843,222.81891523714225
1998-09-01,M6_OOT_Adaptive_EnbPI,132.0,117.1256107884384,52.40520912098642,270.336267008348
1998-10-01,M6_OOT_Adaptive_EnbPI,78.5,125.02984228630335,56.05626950106648,288.8862382650602
1998-11-01,M6_OOT_Adaptive_EnbPI,97.3,117.38741449309491,52.66262046335445,271.64409884485525
1998-12-01,M6_OOT_Adaptive_EnbPI,119.2,128.58635474728985,57.74135655276376,297.4476733332354
1999-01-01,M6_OOT_Adaptive_EnbPI,86.0,124.67647197551481,55.93116943074874,288.25064135155316
1999-02-01,M6_OOT_Adaptive_EnbPI,98.0,112.22735229699754,50.38833292243867,260.0891082060641
1999-03-01,M6_OOT_Adaptive_EnbPI,103.5,124.25829102968821,55.89133603271538,288.04825949213273
1999-04-01,M6_OOT_Adaptive_EnbPI,93.6,123.21579001198819,55.43715460448072,285.74069632909897
1999-05-01,M6_OOT_Adaptive_EnbPI,149.6,112.13967044076509,50.444145444480114,260.3726753268057
1999-06-01,M6_OOT_Adaptive_EnbPI,207.2,136.3310913684968,61.47582350760324,316.4214090318751
1999-07-01,M6_OOT_Adaptive_EnbPI,173.5,152.1512927775622,68.60861405636727,352.66103420532124
1999-08-01,M6_OOT_Adaptive_EnbPI,142.3,148.38013709087073,66.85676623488716,343.76040716779266
1999-09-01,M6_OOT_Adaptive_EnbPI,106.3,154.35950140455222,69.68790408224764,358.1445915485439
1999-10-01,M6_OOT_Adaptive_EnbPI,168.7,138.14904445178715,62.430470430659,321.27169117993554
1999-11-01,M6_OOT_Adaptive_EnbPI,188.3,160.80728077188533,72.77131979370957,373.81052606230264
1999-12-01,M6_OOT_Adaptive_EnbPI,116.8,174.76941122741434,79.13305204950346,406.1326292879108
2000-01-01,M6_OOT_Adaptive_EnbPI,133.1,133.64904574616295,60.442226423702934,311.17000417919724
2000-02-01,M6_OOT_Adaptive_EnbPI,165.7,153.24284214002344,69.3931056144131,356.6468066489324
2000-03-01,M6_OOT_Adaptive_EnbPI,217.7,166.32982126733276,75.36402755564997,386.98331682836346
2000-04-01,M6_OOT_Adaptive_EnbPI,191.5,172.95156099554262,78.32130328850621,402.00837095837846
2000-05-01,M6_OOT_Adaptive_EnbPI,165.9,170.69315888887485,77.31005379926451,396.87050770606294
2000-06-01,M6_OOT_Adaptive_EnbPI,188.0,161.38534980768878,73.1631907261199,375.8015077979685
2000-07-01,M6_OOT_Adaptive_EnbPI,244.3,176.93972604651415,80.25581747721955,411.83707244798444
2000-08-01,M6_OOT_Adaptive_EnbPI,180.5,215.65689821142573,97.92776575871905,501.6230794010474
2000-09-01,M6_OOT_Adaptive_EnbPI,156.0,196.62785636802423,89.21763526989001,457.3694507589353
2000-10-01,M6_OOT_Adaptive_EnbPI,141.6,166.74108444314734,75.623891185272,388.30360802005504
2000-11-01,M6_OOT_Adaptive_EnbPI,158.1,158.655309722403,71.91206414664013,369.4448991221763
2000-12-01,M6_OOT_Adaptive_EnbPI,143.3,161.71072452661264,73.31073597412073,376.55114210267976
2001-01-01,M6_OOT_Adaptive_EnbPI,142.6,164.43842821161977,74.60221704078404,383.1127801396456
2001-02-01,M6_OOT_Adaptive_EnbPI,121.5,157.04666135879384,71.18341409404229,365.74284105552897
2001-03-01,M6_OOT_Adaptive_EnbPI,165.8,138.39257732713995,62.68305000172439,322.5549741978931
2001-04-01,M6_OOT_Adaptive_EnbPI,161.7,157.90484624648803,71.55542343835491,367.6329118639652
2001-05-01,M6_OOT_Adaptive_EnbPI,142.1,164.02306613519832,74.39397707954575,382.0547737268937
2001-06-01,M6_OOT_Adaptive_EnbPI,202.9,148.7937816947456,67.49316834537353,346.9937803877049
2001-07-01,M6_OOT_Adaptive_EnbPI,123.0,167.45507462261398,75.97447013843953,390.084797271251
2001-08-01,M6_OOT_Adaptive_EnbPI,161.5,135.08492571907982,61.194503284024215,314.9921031541102
2001-09-01,M6_OOT_Adaptive_EnbPI,238.2,148.90423703240057,67.41915215596323,346.61772575065106
2001-10-01,M6_OOT_Adaptive_EnbPI,194.1,188.0911661506353,85.25434633891736,437.23313744220616
2001-11-01,M6_OOT_Adaptive_EnbPI,176.6,160.0383463981887,72.44133571328477,372.1339733434133
2001-12-01,M6_OOT_Adaptive_EnbPI,213.4,156.466601734397,70.7827018678176,363.7069392886786
2002-01-01,M6_OOT_Adaptive_EnbPI,184.6,179.93160950954706,81.43617721658892,417.8341354813277
2002-02-01,M6_OOT_Adaptive_EnbPI,170.2,168.3489824448048,76.1681913842672,391.0690383321558
2002-03-01,M6_OOT_Adaptive_EnbPI,147.1,160.22361296664928,72.45422598497939,372.1994650484344
2002-04-01,M6_OOT_Adaptive_EnbPI,186.9,152.1514679227282,68.75274805308592,353.39333693875
2002-05-01,M6_OOT_Adaptive_EnbPI,187.5,161.19151615003665,72.86833782320382,374.30344632960913
2002-06-01,M6_OOT_Adaptive_EnbPI,128.8,178.70727282676762,80.82026379594595,414.7048593094283
2002-07-01,M6_OOT_Adaptive_EnbPI,161.0,151.61127922369016,68.56577167100873,352.4433645602763
2002-08-01,M6_OOT_Adaptive_EnbPI,175.6,157.04274756658842,71.05794837073441,365.1053863659919
2002-09-01,M6_OOT_Adaptive_EnbPI,187.9,168.55435999583403,76.25731669889535,391.5218580208188
2002-10-01,M6_OOT_Adaptive_EnbPI,151.2,161.6141941815335,73.10144210712957,375.48778110266056
2002-11-01,M6_OOT_Adaptive_EnbPI,147.2,157.30765521171222,71.14459521864715,365.5456136892749
2002-12-01,M6_OOT_Adaptive_EnbPI,135.3,155.26101473268034,70.2109193195253,360.8018791878434
2003-01-01,M6_OOT_Adaptive_EnbPI,133.5,143.29968652100496,64.78155607061088,333.2168705259478
2003-02-01,M6_OOT_Adaptive_EnbPI,75.7,139.25698535905764,62.93863817975998,323.8535430690033
2003-03-01,M6_OOT_Adaptive_EnbPI,100.7,105.29166616219206,47.53174734066421,245.57563132045496
2003-04-01,M6_OOT_Adaptive_EnbPI,97.9,108.46875866566018,48.98555874326429,252.96202237496846
2003-05-01,M6_OOT_Adaptive_EnbPI,86.8,106.99301580930192,48.32424904746829,249.60210099001125
2003-06-01,M6_OOT_Adaptive_EnbPI,118.7,93.7469898599115,42.312821269536194,219.05979248674936
2003-07-01,M6_OOT_Adaptive_EnbPI,128.3,115.0191017695662,52.04194409642693,268.4906235342185
2003-08-01,M6_OOT_Adaptive_EnbPI,115.4,115.54556565829797,52.25972847485954,269.59712234265436
2003-09-01,M6_OOT_Adaptive_EnbPI,78.5,99.90708207210717,45.124403289487404,233.3446194210113
2003-10-01,M6_OOT_Adaptive_EnbPI,97.8,88.93159150443358,40.15543590141319,208.0987476388809
2003-11-01,M6_OOT_Adaptive_EnbPI,82.9,94.18050304022195,42.541178748449454,220.22001013015173
2003-12-01,M6_OOT_Adaptive_EnbPI,72.2,83.65976252250759,37.75398732668025,195.8976889330833
2004-01-01,M6_OOT_Adaptive_EnbPI,60.6,75.5199150391885,34.033036219302026,176.99262330719407
2004-02-01,M6_OOT_Adaptive_EnbPI,74.6,71.71134723352976,32.31353731469747,168.25635166666234
2004-03-01,M6_OOT_Adaptive_EnbPI,74.8,77.19674196957688,34.81942809613209,180.9880507154337
2004-04-01,M6_OOT_Adaptive_EnbPI,59.2,70.88179391510823,31.935081632317363,166.33352889758586
2004-05-01,M6_OOT_Adaptive_EnbPI,72.8,58.88958672769921,26.448422017269845,138.45741413657404
2004-06-01,M6_OOT_Adaptive_EnbPI,66.5,68.3601236012873,30.776959635947346,160.4494493404138
2004-07-01,M6_OOT_Adaptive_EnbPI,83.8,64.97645021427621,29.220065527366714,152.53932516895821
2004-08-01,M6_OOT_Adaptive_EnbPI,69.7,68.75839157578521,30.906448020309515,161.1073419956823
2004-09-01,M6_OOT_Adaptive_EnbPI,48.8,64.47724480358576,28.944484346957132,151.13917769306883
2004-10-01,M6_OOT_Adaptive_EnbPI,74.2,55.88430716890095,25.012933189243164,131.16411473114422
2004-11-01,M6_OOT_Adaptive_EnbPI,70.1,65.3173503527055,29.282971659801504,152.85893285194877
2004-12-01,M6_OOT_Adaptive_EnbPI,28.9,62.05847026660219,27.812606533183835,145.38843716131555
2005-01-01,M6_OOT_Adaptive_EnbPI,48.1,39.774386188511976,17.65347144269095,93.77283941610189
2005-02-01,M6_OOT_Adaptive_EnbPI,43.5,48.71169514392779,21.717333384513438,114.42013482193705
2005-03-01,M6_OOT_Adaptive_EnbPI,39.6,45.13421158205188,20.082139531848096,106.11219252342336
2005-04-01,M6_OOT_Adaptive_EnbPI,38.7,36.74759943697892,16.2578927498466,86.68231174912991
2005-05-01,M6_OOT_Adaptive_EnbPI,61.9,45.80355450194381,20.412171301131394,107.78898753547212
2005-06-01,M6_OOT_Adaptive_EnbPI,56.8,56.30757968496582,25.197794434405868,132.10334071682158
2005-07-01,M6_OOT_Adaptive_EnbPI,62.4,38.230950970214934,16.950545469447682,90.20147788223068
2005-08-01,M6_OOT_Adaptive_EnbPI,60.5,50.52827089623179,22.562711077901323,118.71525193338485
2005-09-01,M6_OOT_Adaptive_EnbPI,37.2,44.323178279253355,19.71325066245616,104.2379759365173
2005-10-01,M6_OOT_Adaptive_EnbPI,13.2,42.652800878743,18.973549556099798,100.47977069391655
2005-11-01,M6_OOT_Adaptive_EnbPI,27.5,25.16762144088158,10.936250801535158,61.697038276519
2005-12-01,M6_OOT_Adaptive_EnbPI,59.3,26.86064053244775,11.709336684211316,65.75779369990116
2006-01-01,M6_OOT_Adaptive_EnbPI,20.9,35.51592440114697,15.633642440396763,86.37082808526097
2006-02-01,M6_OOT_Adaptive_EnbPI,5.7,25.980474017604667,11.303365401183601,63.625365561923175
2006-03-01,M6_OOT_Adaptive_EnbPI,17.3,18.749585008307786,7.7740842776203145,46.87556585154546
2006-04-01,M6_OOT_Adaptive_EnbPI,50.3,22.349049034894556,9.366899469102773,55.5667210965054
2006-05-01,M6_OOT_Adaptive_EnbPI,37.2,20.719694739636076,8.622958650031183,51.5074270954254
2006-06-01,M6_OOT_Adaptive_EnbPI,24.5,17.339274448395802,7.111675076410309,43.26114703246839
2006-07-01,M6_OOT_Adaptive_EnbPI,22.2,20.493608312647677,8.495570706603026,50.81233804894295
2006-08-01,M6_OOT_Adaptive_EnbPI,20.8,25.681904610389534,10.782012269108572,63.288247799508255
2006-09-01,M6_OOT_Adaptive_EnbPI,23.7,28.92423345246403,12.225751225165043,71.16597238889065
2006-10-01,M6_OOT_Adaptive_EnbPI,14.9,19.57485298421283,8.090488386685719,48.60201675855324
2006-11-01,M6_OOT_Adaptive_EnbPI,35.7,16.35868650412499,6.6702442790307,40.85249120695362
2006-12-01,M6_OOT_Adaptive_EnbPI,22.3,21.52874724167163,8.920882194014565,53.13303927299278
2007-01-01,M6_OOT_Adaptive_EnbPI,29.3,20.17354499593145,8.31496254871584,49.82685426708449
2007-02-01,M6_OOT_Adaptive_EnbPI,18.4,21.730919372293496,9.004455258627685,53.58905355684307
2007-03-01,M6_OOT_Adaptive_EnbPI,7.2,21.03495282701992,8.69588954355248,51.905372645629065
2007-04-01,M6_OOT_Adaptive_EnbPI,5.4,16.03199823147941,5.715255530064552,39.610961487232665
2007-05-01,M6_OOT_Adaptive_EnbPI,19.5,10.298654975802853,3.213565581997006,24.61043660758427
2007-06-01,M6_OOT_Adaptive_EnbPI,21.3,11.795021126735902,3.7632378737707075,27.951395021418676
2007-07-01,M6_OOT_Adaptive_EnbPI,15.1,12.772910413393117,4.120191892800011,30.12099416453673
2007-08-01,M6_OOT_Adaptive_EnbPI,9.8,19.69767534612191,6.691896815835965,45.752051667529095
2007-09-01,M6_OOT_Adaptive_EnbPI,4.0,14.617754287511977,4.820874333987679,34.37980606454738
2007-10-01,M6_OOT_Adaptive_EnbPI,1.5,11.343337568531515,3.6156072544965623,27.802472482579688
2007-11-01,M6_OOT_Adaptive_EnbPI,2.8,5.67710542531499,1.507662818948718,15.211123677563236
2007-12-01,M6_OOT_Adaptive_EnbPI,17.3,6.972410840215664,2.003942725281893,18.419391902248
2008-01-01,M6_OOT_Adaptive_EnbPI,4.1,7.528714750847792,2.207312735713436,19.734104696368863
2008-02-01,M6_OOT_Adaptive_EnbPI,2.9,7.223648821341563,2.0991211798496145,19.034685827243674
2008-03-01,M6_OOT_Adaptive_EnbPI,15.5,7.827113354566679,2.3354057813130304,20.562179423465274
2008-04-01,M6_OOT_Adaptive_EnbPI,3.6,8.123707236249713,2.4395900685301966,21.235692765280625
2008-05-01,M6_OOT_Adaptive_EnbPI,4.6,4.981091429981453,1.2568089186339857,13.589444888743415
2008-06-01,M6_OOT_Adaptive_EnbPI,5.2,4.136403516265434,0.9371854846787473,11.523196197355137
2008-07-01,M6_OOT_Adaptive_EnbPI,0.6,4.539626497150282,1.0843758353221236,12.474728022285253
2008-08-01,M6_OOT_Adaptive_EnbPI,0.3,4.658686604629333,1.0007714194532378,12.674089279633352
2008-09-01,M6_OOT_Adaptive_EnbPI,1.2,2.161747292560929,0.11886531227453738,6.646782647518947
2008-10-01,M6_OOT_Adaptive_EnbPI,4.2,2.4482400887290017,0.21964285918450152,7.335537574958822
2008-11-01,M6_OOT_Adaptive_EnbPI,6.6,2.3863163017576636,0.1963667193775805,7.176458926238398
2008-12-01,M6_OOT_Adaptive_EnbPI,1.0,4.103020366539236,0.8026746783073164,11.32021521980997
2009-01-01,M6_OOT_Adaptive_EnbPI,1.3,2.4219960777925165,0.17514677865071182,6.8964078627858045
2009-02-01,M6_OOT_Adaptive_EnbPI,1.2,1.6747279251088987,0.0,5.177097496851936
2009-03-01,M6_OOT_Adaptive_EnbPI,0.6,3.3804554587802684,0.504849939437553,9.11185080023045
2009-04-01,M6_OOT_Adaptive_EnbPI,1.2,3.705453697942578,0.6227489810121742,9.904074321426407
2009-05-01,M6_OOT_Adaptive_EnbPI,2.9,1.7648303927825033,0.0,5.4064710616844485
2009-06-01,M6_OOT_Adaptive_EnbPI,6.3,3.4544413788687836,0.5338602339683343,9.306785698573634
2009-07-01,M6_OOT_Adaptive_EnbPI,5.5,3.1449240774322558,0.4232428364655553,8.56349124100403
2009-08-01,M6_OOT_Adaptive_EnbPI,0.0,4.4068432257423895,0.938781697385467,11.501239242140414
2009-09-01,M6_OOT_Adaptive_EnbPI,7.1,2.4609288587762106,0.19827745388721246,7.051111301235945
2009-10-01,M6_OOT_Adaptive_EnbPI,7.7,2.9738401321894896,0.3738887467677046,8.294037068484153
2009-11-01,M6_OOT_Adaptive_EnbPI,6.9,9.501393636172795,2.6254753573723644,23.525495562554273
2009-12-01,M6_OOT_Adaptive_EnbPI,16.3,8.206615615594144,2.3037966145404973,20.448249379087702
2010-01-01,M6_OOT_Adaptive_EnbPI,19.5,13.259679560745745,4.116595566708762,32.21694114090234
2010-02-01,M6_OOT_Adaptive_EnbPI,28.5,14.281257815319218,4.483448741873267,34.598552149221874
2010-03-01,M6_OOT_Adaptive_EnbPI,24.0,31.68529210995076,10.73253111710788,75.1675982535128
2010-04-01,M6_OOT_Adaptive_EnbPI,10.4,31.577395061844086,10.900926571972139,74.76506197637279
2010-05-01,M6_OOT_Adaptive_EnbPI,13.9,20.97857439698098,6.914117493657649,50.34794303115383
2010-06-01,M6_OOT_Adaptive_EnbPI,18.8,26.054745127105182,8.75641419236808,62.301031421321994
2010-07-01,M6_OOT_Adaptive_EnbPI,25.2,32.02830237160515,10.944936498221844,76.50048180520191
2010-08-01,M6_OOT_Adaptive_EnbPI,29.6,26.60400397813279,8.980108266540185,63.75239104369315
2010-09-01,M6_OOT_Adaptive_EnbPI,36.4,40.904155840590576,14.148605912025573,97.28635397382662
2010-10-01,M6_OOT_Adaptive_EnbPI,33.6,47.85380759513479,16.675297958613758,113.67989872085032
2010-11-01,M6_OOT_Adaptive_EnbPI,34.4,43.542200799955914,15.412804770065339,103.67160474842316
2010-12-01,M6_OOT_Adaptive_EnbPI,24.5,43.935418419969544,15.573929938311714,104.6991701256991
2011-01-01,M6_OOT_Adaptive_EnbPI,27.3,40.633428096604476,14.392698244012712,97.16594111614666
2011-02-01,M6_OOT_Adaptive_EnbPI,48.3,40.674766060090796,14.446069458860118,97.50631259949246
2011-03-01,M6_OOT_Adaptive_EnbPI,78.6,51.93034241077656,18.616575168239866,124.10344400566233
2011-04-01,M6_OOT_Adaptive_EnbPI,76.1,64.88051434546023,23.37897201790356,154.4753230163909
2011-05-01,M6_OOT_Adaptive_EnbPI,58.2,80.04399000323384,28.993788843125433,190.2834554896611
2011-06-01,M6_OOT_Adaptive_EnbPI,56.1,74.63961472584076,27.03635347307943,177.80003755808812
2011-07-01,M6_OOT_Adaptive_EnbPI,64.5,71.86466963124664,26.0683044299979,171.62636716877572
2011-08-01,M6_OOT_Adaptive_EnbPI,65.8,77.56718775927804,28.20677628740731,185.26433363216964
2011-09-01,M6_OOT_Adaptive_EnbPI,120.1,77.19296641042364,28.10527144637758,184.61699304966947
2011-10-01,M6_OOT_Adaptive_EnbPI,125.7,95.1273927463685,34.75618001408172,227.03273384287817
2011-11-01,M6_OOT_Adaptive_EnbPI,139.1,117.80752102581911,43.18029224398267,280.75696672309635
2011-12-01,M6_OOT_Adaptive_EnbPI,109.3,141.50893733906736,51.94158546760203,336.6315496621629
2012-01-01,M6_OOT_Adaptive_EnbPI,94.4,131.108077942956,48.07112100511257,311.94791197280193
2012-02-01,M6_OOT_Adaptive_EnbPI,47.8,111.81996309287148,41.002169086925534,266.8661266514051
2012-03-01,M6_OOT_Adaptive_EnbPI,86.6,84.04370647774324,30.74291165513342,201.43837350640777
2012-04-01,M6_OOT_Adaptive_EnbPI,85.9,87.57452914262115,32.045053378908754,209.74269843727097
2012-05-01,M6_OOT_Adaptive_EnbPI,96.5,93.83415315893141,34.392082332153215,224.71072433953307
2012-06-01,M6_OOT_Adaptive_EnbPI,92.0,109.83562934820536,40.39769883708499,263.01115658627106
2012-07-01,M6_OOT_Adaptive_EnbPI,100.1,127.47814870225793,47.01566001119079,305.2167774999997
2012-08-01,M6_OOT_Adaptive_EnbPI,94.8,102.21740436083546,37.61150961109925,245.24241434493302
2012-09-01,M6_OOT_Adaptive_EnbPI,93.7,92.08489720708164,33.80523611945548,220.96815043555068
2012-10-01,M6_OOT_Adaptive_EnbPI,76.5,90.67031674311787,33.28098354444257,217.62476342224866
2012-11-01,M6_OOT_Adaptive_EnbPI,87.6,84.79188995625849,31.101036568228118,203.72229206141193
2012-12-01,M6_OOT_Adaptive_EnbPI,56.8,100.95078302819344,37.15009457840773,242.29976970841398
2013-01-01,M6_OOT_Adaptive_EnbPI,96.1,85.69434911964912,31.484795719693196,206.16969131970353
2013-02-01,M6_OOT_Adaptive_EnbPI,60.9,93.62357404473276,34.47279413200646,225.22545864187384
2013-03-01,M6_OOT_Adaptive_EnbPI,78.3,81.1038296806419,29.8233205979901,195.57374079969063
2013-04-01,M6_OOT_Adaptive_EnbPI,107.3,73.75552524767076,27.074460431880905,178.04306223215883
2013-05-01,M6_OOT_Adaptive_EnbPI,120.2,79.4653064324286,29.193890159934135,191.55958874269535
2013-06-01,M6_OOT_Adaptive_EnbPI,76.7,95.49355764225164,35.16972397754633,229.67008382030633
2013-07-01,M6_OOT_Adaptive_EnbPI,86.2,76.55704373190366,28.087331549392022,184.5025825127255
2013-08-01,M6_OOT_Adaptive_EnbPI,91.8,80.26429277302134,29.450229567433777,193.19437679502047
2013-09-01,M6_OOT_Adaptive_EnbPI,54.5,85.90706636634708,31.563508255947696,206.67167544727968
2013-10-01,M6_OOT_Adaptive_EnbPI,114.4,63.81886014312718,23.325605040652018,154.13497855803976
2013-11-01,M6_OOT_Adaptive_EnbPI,113.9,89.35084407829635,32.85787303745063,214.92640342996165
2013-12-01,M6_OOT_Adaptive_EnbPI,124.2,96.80906310969198,35.622948346872974,232.56049302903799
2014-01-01,M6_OOT_Adaptive_EnbPI,117.0,95.7698880267489,35.20443673017038,229.89146216320958
2014-02-01,M6_OOT_Adaptive_EnbPI,146.1,103.91700020710228,38.241504328584014,249.2601650576224
2014-03-01,M6_OOT_Adaptive_EnbPI,128.7,100.1431092766386,36.811069129732,240.1376567569355
2014-04-01,M6_OOT_Adaptive_EnbPI,112.5,108.28494086505992,39.830392300795275,259.39319570940637
2014-05-01,M6_OOT_Adaptive_EnbPI,112.5,101.01274379485089,37.12894516651587,242.16489069698224
2014-06-01,M6_OOT_Adaptive_EnbPI,102.9,107.03717737161168,39.336347348542155,256.24245586361803
2014-07-01,M6_OOT_Adaptive_EnbPI,100.2,114.07308722213624,41.974103502933694,273.06457575617634
2014-08-01,M6_OOT_Adaptive_EnbPI,106.9,106.56565173083655,39.192211489268516,255.32323870949205
2014-09-01,M6_OOT_Adaptive_EnbPI,130.0,103.44783357402946,38.05057795214643,248.04254439555396
2014-10-01,M6_OOT_Adaptive_EnbPI,90.0,112.85919358306516,41.55382229446696,270.3842594329079
2014-11-01,M6_OOT_Adaptive_EnbPI,103.6,98.45384256997717,36.16508353432395,236.0179252507735
2014-12-01,M6_OOT_Adaptive_EnbPI,112.9,93.34461309521284,34.276291260024266,223.97227423882984
2015-01-01,M6_OOT_Adaptive_EnbPI,93.0,111.28753424084424,40.99896553900631,266.845696230993
2015-02-01,M6_OOT_Adaptive_EnbPI,66.7,97.60996112213296,35.92258461160641,234.47140399823897
2015-03-01,M6_OOT_Adaptive_EnbPI,54.5,83.49621868200589,30.68240717301047,201.05251007069393
2015-04-01,M6_OOT_Adaptive_EnbPI,75.3,74.72159714731012,27.422458237266103,180.2623958103559
2015-05-01,M6_OOT_Adaptive_EnbPI,88.8,80.32823484195175,29.53541499001339,193.7376413380095
2015-06-01,M6_OOT_Adaptive_EnbPI,66.5,82.74608554937397,30.42177373672775,199.39033712652008
2015-07-01,M6_OOT_Adaptive_EnbPI,65.8,73.37224729802472,26.949290542108034,177.2447993263206
2015-08-01,M6_OOT_Adaptive_EnbPI,64.4,71.06534915890164,26.106557847141563,171.8703258714856
2015-09-01,M6_OOT_Adaptive_EnbPI,78.6,67.41349966301055,24.739071094946034,163.14926723283196
2015-10-01,M6_OOT_Adaptive_EnbPI,63.6,66.89287156536454,24.513902568252767,161.71326946413814
2015-11-01,M6_OOT_Adaptive_EnbPI,62.2,60.78721581573033,22.22863703392469,147.13913578586187
2015-12-01,M6_OOT_Adaptive_EnbPI,58.0,60.57549003816114,22.14281251945278,146.5917954755137
2016-01-01,M6_OOT_Adaptive_EnbPI,57.0,55.79927527906336,20.361276387819967,135.23016360163624
2016-02-01,M6_OOT_Adaptive_EnbPI,56.4,56.62652077147851,20.68337482460327,137.2843256255796
2016-03-01,M6_OOT_Adaptive_EnbPI,54.1,53.82006232528201,19.620790538845085,130.50776281812946
2016-04-01,M6_OOT_Adaptive_EnbPI,37.9,53.17716786523067,19.37254021412493,128.92456236995443
2016-05-01,M6_OOT_Adaptive_EnbPI,51.5,41.536656523557184,15.017223077784099,101.14880799794366
2016-06-01,M6_OOT_Adaptive_EnbPI,20.5,45.38062025889285,16.445921977367853,110.26024316193752
2016-07-01,M6_OOT_Adaptive_EnbPI,32.4,32.846850319696614,11.743141214134711,80.26856190064461
2016-08-01,M6_OOT_Adaptive_EnbPI,50.2,38.32817581650329,13.806730336880166,93.42896854930652
2016-09-01,M6_OOT_Adaptive_EnbPI,44.6,39.338282369776714,14.182734064238092,95.82690809012915
2016-10-01,M6_OOT_Adaptive_EnbPI,33.4,38.93254328824105,14.033776554766057,94.87694117257925
2016-11-01,M6_OOT_Adaptive_EnbPI,21.4,28.92254606671049,10.274872793438885,70.9047746656945
2016-12-01,M6_OOT_Adaptive_EnbPI,18.5,33.65633134638415,12.067342306859622,82.33613347735646
2017-01-01,M6_OOT_Adaptive_EnbPI,26.1,26.687492341250074,9.455581599964239,65.67979787600832
2017-02-01,M6_OOT_Adaptive_EnbPI,26.4,24.027091919913328,8.443868934737218,59.22766555023069
2017-03-01,M6_OOT_Adaptive_EnbPI,17.7,23.23186230816639,8.139844035965517,57.28876635026267
2017-04-01,M6_OOT_Adaptive_EnbPI,32.3,22.068876081168238,7.697082682947441,54.46508435378205
2017-05-01,M6_OOT_Adaptive_EnbPI,18.9,26.679371152751997,9.418198733029149,65.44139105115357
2017-06-01,M6_OOT_Adaptive_EnbPI,19.2,16.686429337616858,5.666592251639862,41.51576247682195
2017-07-01,M6_OOT_Adaptive_EnbPI,17.8,14.949144246911832,5.0174577651481576,37.37594912069439
2017-08-01,M6_OOT_Adaptive_EnbPI,32.6,16.536733289951027,5.619945498961715,41.2182758176234
2017-09-01,M6_OOT_Adaptive_EnbPI,43.7,22.737488327378163,7.952543034315392,56.09426628227538
2017-10-01,M6_OOT_Adaptive_EnbPI,13.2,23.669557243504556,8.298547874665996,58.30088985439471
2017-11-01,M6_OOT_Adaptive_EnbPI,5.7,17.600085360808336,6.0188032536431955,43.76196544494462
2017-12-01,M6_OOT_Adaptive_EnbPI,8.2,16.469759867230938,5.507588047156987,41.30914594276305
2018-01-01,M6_OOT_Adaptive_EnbPI,6.8,12.673862757738265,4.096367180113039,32.1340799753775
2018-02-01,M6_OOT_Adaptive_EnbPI,10.7,9.164930788964305,2.787266812768955,23.622951413715892
2018-03-01,M6_OOT_Adaptive_EnbPI,2.5,8.35238195643115,2.527502705945213,21.49642118811485
2018-04-01,M6_OOT_Adaptive_EnbPI,8.9,11.299582913423732,3.589295368662264,28.535496307236087
2018-05-01,M6_OOT_Adaptive_EnbPI,13.1,9.454192211106017,2.899124646806834,24.093739312051575
2018-06-01,M6_OOT_Adaptive_EnbPI,15.6,5.928187300255618,1.5797323576482518,15.602478028165603
2018-07-01,M6_OOT_Adaptive_EnbPI,1.6,10.022327286094947,3.1105266513812717,25.467753793917723
2018-08-01,M6_OOT_Adaptive_EnbPI,8.7,2.1094872486410434,0.15596367959041155,6.515508921264735
2018-09-01,M6_OOT_Adaptive_EnbPI,3.3,9.767878993364855,2.8897113151279177,24.849360666888234
2018-10-01,M6_OOT_Adaptive_EnbPI,4.9,4.512826444295655,0.9994208821898709,12.2872975193878
2018-11-01,M6_OOT_Adaptive_EnbPI,4.9,5.835843469890928,1.4801588824482055,15.482077015394594
2018-12-01,M6_OOT_Adaptive_EnbPI,3.1,6.872294842144823,1.8619961412680612,18.01960441001201
2019-01-01,M6_OOT_Adaptive_EnbPI,7.7,5.824308005462217,1.4794598057066262,15.477431249844681
2019-02-01,M6_OOT_Adaptive_EnbPI,0.8,5.586132521343756,1.3863065928391651,14.858374769399628
2019-03-01,M6_OOT_Adaptive_EnbPI,9.4,3.772002425382535,0.725115722439609,10.598060123764991
2019-04-01,M6_OOT_Adaptive_EnbPI,9.1,4.4966305404881535,0.9843227950031257,12.340725368184282
2019-05-01,M6_OOT_Adaptive_EnbPI,9.9,6.755924970447873,1.7967135036226591,17.80247854798421
2019-06-01,M6_OOT_Adaptive_EnbPI,1.2,8.327309725750228,2.374442181098846,21.425101999096945
2019-07-01,M6_OOT_Adaptive_EnbPI,0.9,4.089436027731552,0.8529667105697145,11.314077757579236
2019-08-01,M6_OOT_Adaptive_EnbPI,0.5,5.039737924516109,1.2045784977298433,13.650749465102788
2019-09-01,M6_OOT_Adaptive_EnbPI,1.1,3.150476258407692,0.5244532730145242,9.130951360238575
2019-10-01,M6_OOT_Adaptive_EnbPI,0.4,2.6313329857139367,0.33675187029780335,7.883557415909044
2019-11-01,M6_OOT_Adaptive_EnbPI,0.5,2.576152603381012,0.344416188766612,7.753067755582332
2019-12-01,M6_OOT_Adaptive_EnbPI,1.5,2.03604319372203,0.14513552325476356,6.455614495068553
2020-01-01,M6_OOT_Adaptive_EnbPI,6.2,1.5501253200880059,0.0,5.2637125185816585
2020-02-01,M6_OOT_Adaptive_EnbPI,0.2,1.4744082655997333,0.0,5.033630511359771
2020-03-01,M6_OOT_Adaptive_EnbPI,1.5,0.405785968023872,0.0,2.4606449708752174
2020-04-01,M6_OOT_Adaptive_EnbPI,5.2,2.343036015601023,0.26384531245845455,7.218955609538643
2020-05-01,M6_OOT_Adaptive_EnbPI,0.2,3.3198259922587994,0.6281102717153026,9.513959655277587
2020-06-01,M6_OOT_Adaptive_EnbPI,5.8,2.5663700858592695,0.34756323917512805,7.763384517589499
2020-07-01,M6_OOT_Adaptive_EnbPI,6.1,4.610195578762535,1.1112811674013523,12.729944656258759
2020-08-01,M6_OOT_Adaptive_EnbPI,7.5,4.459009088833086,1.056200070430518,12.371744893625337
2020-09-01,M6_OOT_Adaptive_EnbPI,0.6,5.559996385859687,1.4970445230961409,15.08471906005824
2020-10-01,M6_OOT_Adaptive_EnbPI,14.6,4.808674578891187,1.2058554188965527,13.340723071920124
2020-11-01,M6_OOT_Adaptive_EnbPI,34.5,6.637502376253952,1.8233979013466102,17.76325586062726
2020-12-01,M6_OOT_Adaptive_EnbPI,23.1,14.272089249089603,4.5930354961390485,36.523230448561634
2021-01-01,M6_OOT_Adaptive_EnbPI,10.4,22.61812579424333,7.64998983302509,57.03209404023538
2021-02-01,M6_OOT_Adaptive_EnbPI,8.2,19.497929959001997,6.531472530068001,49.528050386563706
2021-03-01,M6_OOT_Adaptive_EnbPI,17.2,17.589615776035593,5.855641049988213,44.99395072119733
2021-04-01,M6_OOT_Adaptive_EnbPI,24.5,28.454350400622932,9.862680251315773,71.87685812838757
2021-05-01,M6_OOT_Adaptive_EnbPI,21.2,27.200787467073507,9.39114411849451,68.71335970451918
2021-06-01,M6_OOT_Adaptive_EnbPI,25.0,26.768236274277577,9.242657998329957,67.71717813027503
2021-07-01,M6_OOT_Adaptive_EnbPI,34.3,32.948831600763775,11.513813009842526,82.95417652590845
2021-08-01,M6_OOT_Adaptive_EnbPI,22.0,51.59519786833866,18.41508190296524,129.2542408188843
2021-09-01,M6_OOT_Adaptive_EnbPI,51.3,33.61519274685699,11.822650588804057,85.02614328788401
2021-10-01,M6_OOT_Adaptive_EnbPI,37.4,36.91152621169306,13.017886136424508,93.04488354523352
2021-11-01,M6_OOT_Adaptive_EnbPI,34.8,42.06413379743084,14.937677861389222,105.92461358785896
2021-12-01,M6_OOT_Adaptive_EnbPI,67.5,50.33076040282662,18.01817507792732,126.59142448725436
2022-01-01,M6_OOT_Adaptive_EnbPI,55.3,71.03390396547228,25.684858360609923,178.02659306267694
2022-02-01,M6_OOT_Adaptive_EnbPI,60.9,64.0562978070352,23.133700383380663,160.91107703272476
2022-03-01,M6_OOT_Adaptive_EnbPI,78.6,65.77413779951631,23.78298108549781,165.2670496397578
2022-04-01,M6_OOT_Adaptive_EnbPI,84.0,77.69896407213169,28.19766298901005,194.88479952475973
2022-05-01,M6_OOT_Adaptive_EnbPI,96.5,83.81228232167479,30.49593497037315,210.30372351508524
2022-06-01,M6_OOT_Adaptive_EnbPI,70.3,97.86153883376433,35.715515291726845,245.32147288895104
2022-07-01,M6_OOT_Adaptive_EnbPI,91.4,95.21005521139872,34.77334956589299,239.0005579447128
2022-08-01,M6_OOT_Adaptive_EnbPI,74.6,92.28299809022766,33.68635473063283,231.70799602050909
2022-09-01,M6_OOT_Adaptive_EnbPI,96.0,99.02901293051237,36.19667674267841,248.54954680685898
2022-10-01,M6_OOT_Adaptive_EnbPI,95.5,101.42232357631525,37.10263383096816,254.6275408807159
2022-11-01,M6_OOT_Adaptive_EnbPI,80.5,98.65879560392929,36.118847777987334,248.0273984708271
2022-12-01,M6_OOT_Adaptive_EnbPI,112.8,104.6981493736758,38.36679238620553,263.1086801161878
2023-01-01,M6_OOT_Adaptive_EnbPI,144.4,109.52237596866212,40.17346295487508,275.2294893153462
