date,method,truth,point,lower,upper
2025-01-02,M1_DistPred_ANN,46.571590423583984,47.02535157723275,46.21028913747872,47.73469728729928
2025-01-03,M1_DistPred_ANN,47.039588928222656,46.56727084228015,45.47584787158664,47.52123913637774
2025-01-06,M1_DistPred_ANN,48.51557540893555,47.06199315217146,46.120927651479796,47.75005549309907
2025-01-07,M1_DistPred_ANN,49.05556869506836,48.359137368076496,47.57102862978867,49.44584948913378
2025-01-08,M1_DistPred_ANN,48.323577880859375,49.02359063405132,48.046078773198175,50.433537744065355
2025-01-09,M1_DistPred_ANN,47.77157974243164,48.52045835456761,47.78411910089267,49.36703350267022
2025-01-10,M1_DistPred_ANN,47.75958251953125,47.88396434732127,46.85847470198533,48.63785044030889
2025-01-13,M1_DistPred_ANN,46.65559005737305,47.76214446007014,46.81638550492918,48.54536656329448
2025-01-14,M1_DistPred_ANN,46.94358825683594,46.83566742091848,45.44432347082325,48.07603534876589
2025-01-15,M1_DistPred_ANN,46.58359146118164,47.0865193358647,46.03425218956199,48.00105853327123
2025-01-16,M1_DistPred_ANN,47.531585693359375,46.686667690701334,45.47679612243222,47.73955786524934
2025-01-17,M1_DistPred_ANN,47.762733459472656,47.423978502350984,46.55086111329951,48.083870440249434
2025-01-20,M1_DistPred_ANN,48.24936294555664,47.680043642734326,47.01577235545716,48.30473625902449
2025-01-21,M1_DistPred_ANN,48.34668731689453,48.25478306848281,47.52593340396842,49.11200054379701
2025-01-22,M1_DistPred_ANN,48.97930908203125,48.546224021259015,47.708955575817804,49.553825042840025
2025-02-03,M1_DistPred_ANN,46.88679885864258,49.18587367288993,48.20622140366301,50.55299885117405
2025-02-04,M1_DistPred_ANN,47.16661071777344,47.13450425184608,45.91136074927518,48.163988121996915
2025-02-05,M1_DistPred_ANN,47.88439178466797,47.263383629820744,46.168023400636905,48.16900801698688
2025-02-06,M1_DistPred_ANN,48.09120178222656,47.97383534395923,47.19137247348871,48.69680099005333
2025-02-07,M1_DistPred_ANN,48.31018829345703,48.26816937890651,47.612091529760036,49.034651561200015
2025-02-10,M1_DistPred_ANN,47.762733459472656,48.45288365649006,47.71283114072949,49.33775069924661
2025-02-11,M1_DistPred_ANN,48.054710388183594,47.89285945460434,46.97143341457097,48.59038394372578
2025-02-12,M1_DistPred_ANN,47.981712341308594,48.11625298236387,47.166591639785466,48.87844341460801
2025-02-13,M1_DistPred_ANN,47.774898529052734,48.10618867111269,47.28366378002031,48.80697891454374
2025-02-14,M1_DistPred_ANN,47.20310592651367,47.89504912450569,47.030490840608124,48.548679495696845
2025-02-17,M1_DistPred_ANN,47.9208869934082,47.16384053901779,45.98318576144485,48.172206238796406
2025-02-18,M1_DistPred_ANN,48.09120178222656,47.81078066004652,46.879347887128624,48.49128552269653
2025-02-19,M1_DistPred_ANN,48.00605010986328,48.12492529995224,47.563870584807155,48.77401581692728
2025-02-20,M1_DistPred_ANN,47.82356262207031,48.17386573459687,47.428697489082026,48.90927302914538
2025-02-21,M1_DistPred_ANN,48.16419982910156,47.923752087012126,46.95530845651378,48.690789671268256
2025-02-24,M1_DistPred_ANN,47.738399505615234,48.31854730036766,47.494616219055104,49.129896859356215
2025-02-25,M1_DistPred_ANN,47.11794662475586,47.81265405818772,46.94692606176233,48.47832591728981
2025-02-26,M1_DistPred_ANN,47.37342834472656,47.260996532396874,46.30098724662365,48.08506834601212
2025-02-27,M1_DistPred_ANN,46.838134765625,47.35232324684782,46.36850611523048,48.11921553914425
2025-03-03,M1_DistPred_ANN,45.7553825378418,46.82412143831404,45.78965122599484,47.712242963442044
2025-03-04,M1_DistPred_ANN,45.45124053955078,45.8705109620283,44.362352442328806,47.17580229018972
2025-03-05,M1_DistPred_ANN,46.04736328125,45.39614748953311,43.76677932900779,46.81966160229609
2025-03-06,M1_DistPred_ANN,45.767547607421875,45.95099599556152,44.6802081448154,46.89832502121893
2025-03-07,M1_DistPred_ANN,45.34174728393555,45.85271334565644,44.70826290548272,46.688254187420775
2025-03-10,M1_DistPred_ANN,45.074100494384766,45.57956171815826,44.61770206492061,46.333761290749045
2025-03-11,M1_DistPred_ANN,44.283329010009766,45.04849360188437,43.84880313184749,46.05789917930271
2025-03-12,M1_DistPred_ANN,44.47798156738281,44.43308512332741,43.0484530527272,45.60856332285573
2025-03-13,M1_DistPred_ANN,44.06434631347656,44.388677623801826,43.207745282319635,45.40103684128256
2025-03-14,M1_DistPred_ANN,43.91835403442383,44.10481645242906,42.89422568520088,45.090436433360296
2025-03-17,M1_DistPred_ANN,44.29549789428711,44.00512158463496,42.798271015584305,44.88041328677508
2025-03-18,M1_DistPred_ANN,44.47798156738281,44.19193653632019,43.29248865162807,44.81181912265262
2025-03-19,M1_DistPred_ANN,43.93052291870117,44.479240527198286,43.89536478688021,45.09267741404821
2025-03-20,M1_DistPred_ANN,44.87944793701172,43.851322378060516,43.04728381625375,44.47969985788594
2025-03-21,M1_DistPred_ANN,44.51447296142578,44.90705510945794,44.028949689013814,46.04722088081574
2025-03-24,M1_DistPred_ANN,44.46581268310547,44.659091841773176,43.908426918968736,45.623589656775124
2025-03-25,M1_DistPred_ANN,44.92810821533203,44.53202404429179,43.86003149659179,45.393155488022316
2025-03-26,M1_DistPred_ANN,44.8916130065918,44.804913435614274,44.08738306739329,45.748313358535064
2025-03-27,M1_DistPred_ANN,44.04001235961914,44.978077397577465,44.16009169143263,46.11054179685593
2025-03-28,M1_DistPred_ANN,43.602046966552734,44.11397478214458,43.48100079764765,44.74465927940117
2025-03-31,M1_DistPred_ANN,42.03266143798828,43.593610971592994,42.86079519631998,44.19476875570982
2025-04-01,M1_DistPred_ANN,42.89643096923828,42.20488074350467,40.82611372289223,43.400208568456385
2025-04-02,M1_DistPred_ANN,42.82343673706055,42.770694246821144,41.73834384527301,43.53621836135366
2025-04-07,M1_DistPred_ANN,38.54109573364258,42.93188211783383,42.291946257773574,43.53012755555303
2025-04-08,M1_DistPred_ANN,37.288021087646484,39.197441989398634,36.62707446480487,41.42708133075701
2025-04-09,M1_DistPred_ANN,35.57265090942383,37.57524344797971,34.50147403494685,40.31360440686538
2025-04-10,M1_DistPred_ANN,39.12504959106445,35.90008085121077,32.60596419061336,38.85846324384278
2025-04-11,M1_DistPred_ANN,40.03748321533203,38.53476712456493,36.63797024231841,39.77917898149828
2025-04-14,M1_DistPred_ANN,39.83066177368164,39.93095182878078,38.53254423183463,41.578039141677124
2025-04-15,M1_DistPred_ANN,40.23213577270508,39.93600210482926,38.50911427760765,41.66658594873354
2025-04-16,M1_DistPred_ANN,39.50218963623047,40.50464885930271,38.86699677537384,42.83228210152963
2025-04-17,M1_DistPred_ANN,39.0642204284668,39.78879174203508,38.318549854629644,41.56290745203943
2025-04-18,M1_DistPred_ANN,39.14937973022461,38.916405063393476,37.31479389505971,40.33436791993911
2025-04-21,M1_DistPred_ANN,38.589759826660156,39.11106016308936,37.65430236513507,40.501915836431934
2025-04-22,M1_DistPred_ANN,37.944969177246094,38.752538492170984,37.41808217388093,39.96138928849909
2025-04-23,M1_DistPred_ANN,39.62384796142578,38.44834254630193,37.372642487619714,39.62767043062477
2025-04-24,M1_DistPred_ANN,39.392696380615234,39.52334854097155,38.16743186361836,41.352134639278354
2025-04-25,M1_DistPred_ANN,40.32946014404297,39.44223348025067,38.231043785064,41.046411863040724
2025-04-28,M1_DistPred_ANN,40.67009735107422,40.14266236618551,38.66765101412891,42.19377349991618
2025-04-29,M1_DistPred_ANN,40.82825469970703,40.817631913169706,39.13073618861773,43.31995049211664
2025-04-30,M1_DistPred_ANN,41.02290725708008,40.8794370281789,39.32995532766382,43.08970821811861
2025-05-02,M1_DistPred_ANN,42.21514892578125,40.9339646531606,39.44348159566311,42.92281660226037
2025-05-05,M1_DistPred_ANN,41.838008880615234,42.29472629384723,40.26194508887704,45.32315227289239
2025-05-06,M1_DistPred_ANN,41.60686111450195,41.99996990741226,40.22457823092009,44.4821443468527
2025-05-07,M1_DistPred_ANN,41.44871139526367,41.89669083664004,40.12342369694881,44.309450725602
2025-05-08,M1_DistPred_ANN,41.99616622924805,41.54250220528931,40.15152076875458,43.294409845454766
2025-05-09,M1_DistPred_ANN,42.519290924072266,41.83354138491201,40.179539570193356,43.6498342576095
2025-05-12,M1_DistPred_ANN,42.99375915527344,42.194786524186,40.667714101927594,44.07310863370778
2025-05-13,M1_DistPred_ANN,43.516883850097656,43.11615433633059,41.349250712782684,45.50287934591653
2025-05-14,M1_DistPred_ANN,44.5023078918457,43.59525673554694,41.729076015089866,46.14516529200299
2025-05-15,M1_DistPred_ANN,44.40498352050781,44.26914347975119,42.54398352071535,46.739915158593746
2025-05-16,M1_DistPred_ANN,44.526641845703125,44.15833054804587,42.64545850574092,46.00338146674516
2025-05-19,M1_DistPred_ANN,43.90618896484375,44.33341176270117,42.95385608641497,46.06542426698267
2025-05-20,M1_DistPred_ANN,43.99135208129883,44.2133174541126,42.61880542509156,45.87017059253542
2025-05-21,M1_DistPred_ANN,44.67263412475586,44.168360285718705,42.78798366849334,45.44685778949502
2025-05-22,M1_DistPred_ANN,44.186004638671875,44.874362017442856,43.652146385975605,46.1799375782532
2025-05-23,M1_DistPred_ANN,44.003517150878906,44.55571884275742,43.645400088475874,45.36327029739883
2025-05-26,M1_DistPred_ANN,43.95485305786133,44.305892777723,43.23452220248482,45.127818920092025
2025-05-27,M1_DistPred_ANN,43.565547943115234,44.18253706217401,42.968303165124965,45.11553463175341
2025-05-28,M1_DistPred_ANN,43.63854217529297,43.816493950832594,42.473644432613554,44.9018601370906
2025-05-29,M1_DistPred_ANN,43.73586654663086,43.95335463581544,42.690440509707194,44.9102571401345
2025-06-02,M1_DistPred_ANN,42.799102783203125,43.94512604964712,42.63576667800371,44.927868149964084
2025-06-03,M1_DistPred_ANN,43.103248596191406,43.14627855868596,41.47393973645007,44.50259217763584
2025-06-04,M1_DistPred_ANN,44.11301040649414,43.118204830198366,41.50524194853169,44.456432239252145
2025-06-05,M1_DistPred_ANN,44.19816589355469,44.1350697154106,42.86149877263829,44.96474298343474
2025-06-06,M1_DistPred_ANN,44.27116394042969,44.48168670976464,43.403245367296755,45.260523355336296
2025-06-09,M1_DistPred_ANN,44.69696044921875,44.541904383234744,43.47690880273677,45.2887786900417
2025-06-10,M1_DistPred_ANN,45.901371002197266,44.98795695617602,44.10385887056387,45.82415620802692
2025-06-11,M1_DistPred_ANN,45.901371002197266,46.21366746801239,45.156360479943935,47.65433933063801
2025-06-12,M1_DistPred_ANN,45.901371002197266,46.26390996522267,45.34597992823695,47.456705516150926
2025-06-13,M1_DistPred_ANN,45.901371002197266,46.31828328644178,45.45027551092565,47.36762129742959
2025-06-16,M1_DistPred_ANN,45.901371002197266,46.30263222944369,45.416265335034005,47.2676202780261
2025-06-17,M1_DistPred_ANN,45.901371002197266,46.22124392366278,45.43540803385532,47.027167182780715
2025-06-18,M1_DistPred_ANN,46.2979736328125,46.20302187393039,45.54632568439145,46.826142222228945
2025-06-19,M1_DistPred_ANN,45.84054183959961,46.374143632057034,45.59804889473622,47.018724168203384
2025-06-20,M1_DistPred_ANN,45.77241134643555,46.097670359535364,45.152649926442884,46.85754953487963
2025-06-23,M1_DistPred_ANN,45.392845153808594,46.07213601609973,45.10305801998907,46.829335783959
2025-06-24,M1_DistPred_ANN,46.22011184692383,45.60224479885595,44.45764520399333,46.568436752103445
2025-06-25,M1_DistPred_ANN,46.891666412353516,46.21863431912794,45.19643442581371,46.95685614129258
2025-06-26,M1_DistPred_ANN,46.9500617980957,46.94956360384082,46.1695985526099,47.76473231673852
2025-06-27,M1_DistPred_ANN,46.99872589111328,47.1067617465718,46.30939590086618,47.982178269721764
2025-06-30,M1_DistPred_ANN,47.06685256958008,47.17995103424066,46.33456020295567,48.04744697002143
2025-07-01,M1_DistPred_ANN,47.33936309814453,47.21582120115621,46.453564958397905,47.932576959371566
2025-07-02,M1_DistPred_ANN,47.349098205566406,47.487990292725605,46.638826878550496,48.28164563674468
2025-07-03,M1_DistPred_ANN,48.001182556152344,47.43806330676143,46.603684903518825,48.1688035233155
2025-07-04,M1_DistPred_ANN,47.55348205566406,48.09031712501601,47.36080007210651,48.98308392046137
2025-07-07,M1_DistPred_ANN,47.27123260498047,47.809725616337296,47.14523470218197,48.48342347086753
2025-07-08,M1_DistPred_ANN,47.0571174621582,47.435285129623864,46.46802979890449,48.13866805991987
2025-07-09,M1_DistPred_ANN,47.54374694824219,47.26565237427828,46.33282358297571,48.032644859168926
2025-07-10,M1_DistPred_ANN,48.08877182006836,47.79557379355479,46.98413677894303,48.512906053018554
2025-07-11,M1_DistPred_ANN,48.29315948486328,48.38763504167631,47.694615794208104,49.19568939238859
2025-07-14,M1_DistPred_ANN,48.01091384887695,48.455579386422365,47.87002048452361,49.06161028902963
2025-07-15,M1_DistPred_ANN,48.66299819946289,48.27048357441344,47.561625777107274,48.81004931084172
2025-07-16,M1_DistPred_ANN,49.052303314208984,48.8584688324046,48.21268141736169,49.54784221708276
2025-07-17,M1_DistPred_ANN,49.34428024291992,49.232393507252304,48.559546822585546,50.00166789026036
2025-07-18,M1_DistPred_ANN,50.074222564697266,49.49972599491521,48.828177026950335,50.25910356415707
2025-07-21,M1_DistPred_ANN,49.888004302978516,50.225780991183875,49.42207739743824,51.32710649383013
2025-07-22,M1_DistPred_ANN,49.54496383666992,50.08832491777093,49.432193040369754,50.85073491207099
2025-07-23,M1_DistPred_ANN,49.69198226928711,49.727130576546664,48.91861996687554,50.31197114724094
2025-07-24,M1_DistPred_ANN,49.98601531982422,49.865302010573295,49.1629918634634,50.4206132657768
2025-07-25,M1_DistPred_ANN,49.888004302978516,50.224431068135125,49.62999424261749,50.815462613677695
2025-07-28,M1_DistPred_ANN,50.03501892089844,50.170020502471935,49.6027032693737,50.6678292982968
2025-07-29,M1_DistPred_ANN,49.44694900512695,50.17605672790487,49.54717320763557,50.69011856615609
2025-07-30,M1_DistPred_ANN,49.98601531982422,49.7556100780951,48.922534427808095,50.474293015981125
2025-07-31,M1_DistPred_ANN,50.52507781982422,50.1622222884256,49.336537770704574,50.76498495707393
2025-08-01,M1_DistPred_ANN,50.08402633666992,50.62913269862908,50.00888483199619,51.236100124845194
2025-08-04,M1_DistPred_ANN,49.78998947143555,50.11318129707295,49.237915673976225,50.8654231450442
2025-08-05,M1_DistPred_ANN,50.42707061767578,49.95672718625831,48.931639548236085,50.83621713838784
2025-08-06,M1_DistPred_ANN,49.98601531982422,50.52466474300471,49.61788166775921,51.16519211704277
2025-08-07,M1_DistPred_ANN,51.40718460083008,50.23561382872771,49.36133113272841,50.954492768072804
2025-08-08,M1_DistPred_ANN,51.40718460083008,51.441347656484794,50.73760295191983,52.29605192473155
2025-08-11,M1_DistPred_ANN,51.799232482910156,51.645869910354335,50.918336257614484,52.548145516129914
2025-08-12,M1_DistPred_ANN,51.848243713378906,51.88547489381095,51.20609239879242,52.698640946180795
2025-08-13,M1_DistPred_ANN,52.28929138183594,52.030715979433545,51.308401904132694,52.809964659402596
2025-08-14,M1_DistPred_ANN,52.09326934814453,52.39865034261917,51.75083457171086,53.17850203972688
2025-08-15,M1_DistPred_ANN,52.09326934814453,52.40871511059127,51.750761829517664,53.124072621375944
2025-08-18,M1_DistPred_ANN,52.24028396606445,52.42044774076796,51.82969349143639,53.03722272064825
2025-08-19,M1_DistPred_ANN,52.142276763916016,52.44461171463102,51.820941529252906,53.02197086483718
2025-08-20,M1_DistPred_ANN,50.672096252441406,52.275281842808596,51.56790708894755,52.891150080462076
2025-08-21,M1_DistPred_ANN,50.96613311767578,51.10444271160962,49.58841475076964,52.410210216938175
2025-08-22,M1_DistPred_ANN,50.72110366821289,51.18158083346894,49.83672861670081,52.33449607542905
2025-08-25,M1_DistPred_ANN,51.652217864990234,50.94599699228536,49.57298725463134,52.14567096096673
2025-08-26,M1_DistPred_ANN,51.70122146606445,51.7271590800438,50.722577458070255,52.456156637675
2025-08-27,M1_DistPred_ANN,51.946250915527344,51.91180365113419,51.04438743741923,52.555619119451414
2025-08-28,M1_DistPred_ANN,51.45619201660156,52.10842340281866,51.20861477592341,52.883332292991525
2025-08-29,M1_DistPred_ANN,51.45619201660156,51.5960410401648,50.4366684666859,52.476113143644376
2025-09-01,M1_DistPred_ANN,50.96613311767578,51.47964033783036,50.349370931595864,52.37126557282472
2025-09-02,M1_DistPred_ANN,50.96613311767578,51.10796219089268,49.803395380572354,52.17037927176906
2025-09-03,M1_DistPred_ANN,50.91712951660156,51.01168830298112,49.81701019493692,52.03393997777593
2025-09-04,M1_DistPred_ANN,51.26016616821289,50.9523303809291,49.79343775356604,51.92473207508822
2025-09-05,M1_DistPred_ANN,51.799232482910156,51.46237354434718,50.627539810233834,52.15192964642888
2025-09-08,M1_DistPred_ANN,52.28929138183594,51.807733605023024,51.035172188535576,52.534974866971965
2025-09-09,M1_DistPred_ANN,52.8283576965332,52.362343447142464,51.56384565273725,53.28093005308065
2025-09-10,M1_DistPred_ANN,53.857479095458984,52.99086284834291,52.03387554644361,54.256087110916674
2025-09-11,M1_DistPred_ANN,54.347537994384766,54.12955200030771,52.79118352930922,56.1321339596551
2025-09-12,M1_DistPred_ANN,54.88660430908203,54.436591394513826,53.22474674276557,56.19555466028959
2025-09-15,M1_DistPred_ANN,54.88660430908203,55.24161856009017,53.821639498363226,57.36570984149983
2025-09-16,M1_DistPred_ANN,55.6216926574707,55.334899180393506,54.05999192897134,57.14704229105179
2025-09-17,M1_DistPred_ANN,55.22964096069336,55.91870788491954,54.62128424522903,57.81999606076764
2025-09-18,M1_DistPred_ANN,55.817718505859375,55.650882219964956,54.62451974256969,57.00909649642342
2025-09-19,M1_DistPred_ANN,55.866722106933594,56.00553306665141,54.99943319274207,57.302603007878155
2025-09-22,M1_DistPred_ANN,56.25877380371094,56.0888733289135,55.141508280071264,57.249307274305785
2025-09-23,M1_DistPred_ANN,57.28789520263672,56.39832585098038,55.463499454630444,57.53305052857194
2025-09-24,M1_DistPred_ANN,57.238887786865234,57.42138167985212,56.19014476331137,59.04697962978836
2025-09-25,M1_DistPred_ANN,57.04286575317383,57.41157621533965,56.40427243676826,58.67747206838249
2025-09-26,M1_DistPred_ANN,56.111751556396484,57.11268795738317,56.207687253270585,57.92889066913599
2025-09-30,M1_DistPred_ANN,56.650814056396484,56.28261335765821,55.01675493742152,57.34204105210831
2025-10-01,M1_DistPred_ANN,56.94485092163086,56.67052199765054,55.40005489685645,57.65364367176711
2025-10-02,M1_DistPred_ANN,58.02298355102539,57.21594669344159,56.03232661604431,58.14677901089897
2025-10-03,M1_DistPred_ANN,58.856082916259766,58.10667920032298,57.1377407712388,59.191368085971376
2025-10-07,M1_DistPred_ANN,60.4732780456543,58.94281928899617,57.8580950723804,60.27927660552932
2025-10-08,M1_DistPred_ANN,59.9342155456543,59.13462202805647,57.072170602444906,61.81926407791821
2025-10-09,M1_DistPred_ANN,60.37526321411133,60.266688390721086,59.151473028161874,61.65934382997705
2025-10-13,M1_DistPred_ANN,59.78719711303711,59.791775445237164,58.025013341940834,61.73015709523148
2025-10-14,M1_DistPred_ANN,59.49315643310547,60.224339328906865,59.001949641199275,61.269642519462494
2025-10-15,M1_DistPred_ANN,60.571285247802734,59.91808081580225,58.571800583467045,60.887666960454204
2025-10-16,M1_DistPred_ANN,61.747432708740234,61.13822174280222,60.26733847285266,62.11873786873674
2025-10-17,M1_DistPred_ANN,60.81631851196289,62.171071785879796,61.140998874065914,63.53141464505139
2025-10-20,M1_DistPred_ANN,61.84543991088867,61.429896522414566,60.38556956590261,62.22007612105058
2025-10-21,M1_DistPred_ANN,61.943450927734375,62.161325088862135,61.21931823200971,63.071234407116634
2025-10-22,M1_DistPred_ANN,61.45339584350586,62.20057032391467,61.11694261815975,63.074387105136616
2025-10-23,M1_DistPred_ANN,61.1103515625,61.123648494607,59.335622795783145,62.76262006327625
2025-10-27,M1_DistPred_ANN,62.531524658203125,61.50294423672105,60.09862272934847,62.7287344688768
2025-10-28,M1_DistPred_ANN,62.09046936035156,62.83871503454516,61.67905785398925,63.74624706514282
2025-10-29,M1_DistPred_ANN,63.11959457397461,62.13076901972217,60.17947388391753,63.86029401034959
2025-10-30,M1_DistPred_ANN,63.11959457397461,62.522960165843116,60.76794865693409,64.04426519602922
2025-10-31,M1_DistPred_ANN,63.46263885498047,63.533030915267624,62.304472543390695,64.42297692044917
2025-11-03,M1_DistPred_ANN,62.87456512451172,63.273198081898016,61.350814378674116,64.99195298145635
2025-11-04,M1_DistPred_ANN,62.67854309082031,62.85241550522345,60.61511744050404,64.87499092462821
2025-11-05,M1_DistPred_ANN,61.89445114135742,62.9169134794284,60.840521738139444,64.84007541265805
2025-11-06,M1_DistPred_ANN,62.041465759277344,62.25829454403236,60.36679822358837,63.928878317168916
2025-11-07,M1_DistPred_ANN,61.30637741088867,62.34136661000348,59.80682586202888,64.68786040609612
2025-11-10,M1_DistPred_ANN,62.09046936035156,61.63587083761294,59.497782685130616,63.50245454702042
2025-11-11,M1_DistPred_ANN,61.649417877197266,62.18305245853131,59.72069305605437,64.42438238561891
2025-11-12,M1_DistPred_ANN,61.943450927734375,61.8435155850424,59.869165812796744,63.49584650540527
2025-11-13,M1_DistPred_ANN,61.649417877197266,62.380220473462344,59.986274273910915,64.31450925470001
2025-11-14,M1_DistPred_ANN,60.4732780456543,62.11453881562637,60.42005134144718,63.420518364080124
2025-11-17,M1_DistPred_ANN,60.66930389404297,60.996747085243214,58.854806354345456,62.7926527630723
2025-11-18,M1_DistPred_ANN,59.248130798339844,60.97927873210647,59.04204736309204,62.61968927773693
2025-11-19,M1_DistPred_ANN,58.856082916259766,59.74739822955914,57.244151691541134,61.90244572400987
2025-11-20,M1_DistPred_ANN,60.66930389404297,59.156119417353175,56.58247774555679,61.38062800632153
2025-11-21,M1_DistPred_ANN,58.660057067871094,60.62860305300435,58.934753752170856,61.82184970517617
2025-11-24,M1_DistPred_ANN,58.366024017333984,59.16451845031699,57.16051089620824,60.84011569614939
2025-11-25,M1_DistPred_ANN,59.150115966796875,58.62085174733977,56.522182295799226,60.38289687740098
2025-11-26,M1_DistPred_ANN,60.13023376464844,59.07662585961996,57.3832672779216,60.4090648418338
2025-11-27,M1_DistPred_ANN,60.66930389404297,60.33301666419037,59.19249730246783,61.455384195036984
2025-11-28,M1_DistPred_ANN,61.1103515625,60.75690676053176,59.58367776522102,62.069713576291434
2025-12-01,M1_DistPred_ANN,60.277252197265625,61.31244385310948,60.06272078070054,63.015559405034736
2025-12-02,M1_DistPred_ANN,60.4732780456543,60.58699742030657,59.38486763227097,61.790370862116546
2025-12-03,M1_DistPred_ANN,61.061344146728516,60.699270082577264,59.56252558947567,61.99033075893298
2025-12-04,M1_DistPred_ANN,60.96333694458008,61.13284346608545,60.10109691507815,62.40701140492508
2025-12-05,M1_DistPred_ANN,61.50239944458008,61.16973738984776,60.14908405923707,62.45137011911363
2025-12-08,M1_DistPred_ANN,62.43351364135742,61.66757738160533,60.465287448204215,63.27795080804444
2025-12-09,M1_DistPred_ANN,62.33549880981445,62.6733934383808,61.20053293337318,64.70199667514579
2025-12-10,M1_DistPred_ANN,62.77655792236328,62.31843747434771,61.17025943716579,63.80065739126191
2025-12-11,M1_DistPred_ANN,62.09046936035156,62.804921925423706,61.48261766172223,64.56191733604572
2025-12-12,M1_DistPred_ANN,62.18848419189453,62.08360082999627,61.0641640804682,63.14963466810032
2025-12-15,M1_DistPred_ANN,61.55140686035156,62.114702256368226,61.077383041758466,63.183158858508925
2025-12-16,M1_DistPred_ANN,61.01234436035156,61.60072660179974,60.46058130460939,62.50512250065716
2025-12-17,M1_DistPred_ANN,60.66930389404297,61.33403983155002,60.21894701785141,62.16546784993944
2025-12-18,M1_DistPred_ANN,60.66930389404297,60.95012724532704,59.404512764153054,62.07783321915289
2025-12-19,M1_DistPred_ANN,61.25736999511719,60.92239148638799,59.50288554913002,61.99978314984137
2025-12-22,M1_DistPred_ANN,62.13947677612305,61.27079328739861,60.12415349181651,62.27248360090868
2025-12-23,M1_DistPred_ANN,62.43351364135742,61.99820042503563,60.90913165105836,63.19953206230844
2025-12-24,M1_DistPred_ANN,62.580528259277344,62.372333150855155,61.17759639899286,63.68188226028789
2025-12-26,M1_DistPred_ANN,63.11959457397461,62.42535414576404,61.358654328296964,63.60370707246196
2025-12-29,M1_DistPred_ANN,63.95269775390625,63.20417824596726,61.85215713804314,64.91262959781301
2025-12-30,M1_DistPred_ANN,63.85468673706055,64.43966667918876,62.74966151315231,66.852096789212
2025-12-31,M1_DistPred_ANN,64.29573822021484,63.4080021358264,61.523484832244826,65.70930434961983
2026-01-02,M1_DistPred_ANN,65.618896484375,63.91606229719381,61.93043698423607,66.38455481040529
2026-01-05,M1_DistPred_ANN,68.11819458007812,65.7862750710151,64.2157845080879,68.12620630912187
2026-01-06,M1_DistPred_ANN,69.00030517578125,68.1893358921826,65.79050081732869,71.93762048909288
2026-01-07,M1_DistPred_ANN,68.46123504638672,69.56290908958375,66.07136044846101,74.57149094564802
2026-01-08,M1_DistPred_ANN,68.70626831054688,67.83114018930284,65.26299843763904,71.37117084190592
2026-01-09,M1_DistPred_ANN,68.46123504638672,67.8599821145077,65.61459363771195,70.80005563144776
2026-01-12,M1_DistPred_ANN,68.9512939453125,69.03186303366569,67.7751174184388,70.60684992646061
2026-01-13,M1_DistPred_ANN,69.2943344116211,69.29591140460522,68.20978229469159,70.56648451766492
2026-01-14,M1_DistPred_ANN,69.34334564208984,69.48677741853328,68.37227905829329,70.82166189902942
2026-01-15,M1_DistPred_ANN,69.2453384399414,69.18030687972421,67.2206724161303,71.28851947136948
2026-01-16,M1_DistPred_ANN,70.56848907470703,69.80999083915914,68.41798388361174,71.05016997362199
2026-01-19,M1_DistPred_ANN,71.15656280517578,70.96369148429272,69.63707015133184,72.39720505862209
2026-01-20,M1_DistPred_ANN,71.15656280517578,71.51701451572382,70.11991738540192,73.03847331975221
2026-01-21,M1_DistPred_ANN,70.42147064208984,70.72435350857835,68.39881968174049,72.92821002048099
2026-01-22,M1_DistPred_ANN,71.36573028564453,69.98496728588769,67.45627636857424,72.20943197022736
2026-01-23,M1_DistPred_ANN,71.81300354003906,70.66468894915576,68.09572944018987,72.79279851954693
2026-01-26,M1_DistPred_ANN,71.81300354003906,71.5391504159383,69.27777411308307,73.6415917049102
2026-01-27,M1_DistPred_ANN,72.60816955566406,72.3876005641508,70.87060544496396,73.60637723839896
2026-01-28,M1_DistPred_ANN,73.75120544433594,73.10050948368232,71.65988610392976,74.50065689918736
2026-01-29,M1_DistPred_ANN,73.3039321899414,74.23616573957094,72.85039454476362,75.78823130260655
2026-01-30,M1_DistPred_ANN,72.160888671875,73.92248396290402,72.39209208651354,75.17779848078185
2026-02-02,M1_DistPred_ANN,71.06754302978516,72.75769052444583,70.8733206979254,74.33765712241902
2026-02-03,M1_DistPred_ANN,72.5087661743164,70.87949177196823,67.78222434148061,73.71041396317045
2026-02-04,M1_DistPred_ANN,72.45907592773438,72.38253249908973,69.47985529410967,74.96944659321369
2026-02-05,M1_DistPred_ANN,71.56451416015625,71.86080687932967,69.48553829337362,74.00485785288828
2026-02-06,M1_DistPred_ANN,71.46512603759766,72.16053610029336,68.91844493069505,75.12534161117505
2026-02-09,M1_DistPred_ANN,73.50271606445312,72.10748319626431,68.84211092318826,75.07705515861234
2026-02-10,M1_DistPred_ANN,75.04335021972656,73.10459430079669,70.84213571723926,75.11959148444694
2026-02-11,M1_DistPred_ANN,76.73306274414062,75.41304624582008,73.83660948107811,77.11115910324601
2026-02-23,M1_DistPred_ANN,76.93185424804688,77.23789192503209,75.53541676359316,79.66829111503682
2026-02-24,M1_DistPred_ANN,78.91976165771484,77.87771815226348,76.11190388875134,80.22804193208451
2026-02-25,M1_DistPred_ANN,80.6094741821289,77.89667589284979,74.88818803206661,81.8618373948887
2026-02-26,M1_DistPred_ANN,80.65917205810547,81.33430502443282,78.87629446678363,84.91563658635042
2026-03-02,M1_DistPred_ANN,79.864013671875,81.68741551910841,79.54567414100265,84.84397682970882
2026-03-03,M1_DistPred_ANN,78.27368927001953,79.71217292781294,77.17750197317866,82.72050589691924
2026-03-04,M1_DistPred_ANN,75.14273834228516,78.94817561851237,77.1782058947883,80.41360744035448
2026-03-05,M1_DistPred_ANN,76.93185424804688,76.25708056889958,72.9559645316093,79.10220116870755
2026-03-06,M1_DistPred_ANN,76.38517761230469,77.30537279015108,74.823057591291,79.44509557898691
2026-03-09,M1_DistPred_ANN,73.15483856201172,76.98103906511024,74.61224701990383,79.01478345141398
2026-03-10,M1_DistPred_ANN,74.74515533447266,74.17616764412467,70.36271405778993,77.4610203578316
2026-03-11,M1_DistPred_ANN,77.72701263427734,74.97574622001895,71.5777566233071,77.78492459060986
2026-03-12,M1_DistPred_ANN,76.1366958618164,77.59640065254158,75.12635310256648,79.46411365556634
2026-03-13,M1_DistPred_ANN,75.4906234741211,76.65971310866546,72.90527396182847,79.5090816087381
2026-03-16,M1_DistPred_ANN,75.14273834228516,75.90542743325352,72.46136765087812,78.53296912360351
2026-03-17,M1_DistPred_ANN,76.18639373779297,75.40221822569745,71.82400286114623,77.95755951003795
2026-03-18,M1_DistPred_ANN,77.32943725585938,76.13965883758459,72.84568212194354,78.35439057747446
2026-03-19,M1_DistPred_ANN,75.54032135009766,76.9361562898978,73.63879784777238,79.73363124759423
2026-03-20,M1_DistPred_ANN,75.44092559814453,75.8268251747987,73.14905728547882,77.77887147434085
2026-03-23,M1_DistPred_ANN,73.80091094970703,76.04834024512631,71.81640379985055,79.27870900755056
2026-03-24,M1_DistPred_ANN,73.95000457763672,73.665417392879,69.99003750196096,76.68606476375888
2026-03-25,M1_DistPred_ANN,75.7391128540039,74.61136111851354,70.72353501122235,77.89914479884551
2026-03-26,M1_DistPred_ANN,75.34153747558594,75.68895087387973,73.06261381258045,77.57002387249919
2026-03-27,M1_DistPred_ANN,74.54637145996094,74.9123716987644,72.03957792780577,77.39443368606813
2026-03-30,M1_DistPred_ANN,73.4530258178711,75.48768003246053,72.27712082151209,78.08182621445337
2026-03-31,M1_DistPred_ANN,71.91239929199219,74.02760354725957,70.31948614806886,77.35745707307682
2026-04-01,M1_DistPred_ANN,74.99364471435547,71.91950215097098,68.44045974053948,74.86517905059803
2026-04-02,M1_DistPred_ANN,73.50271606445312,74.34071045608597,71.08108861621213,76.93300276671773
2026-04-07,M1_DistPred_ANN,74.84455871582031,74.12641034965874,70.61749736128259,76.91189403966084
2026-04-08,M1_DistPred_ANN,78.72096252441406,75.20820828563896,73.20359885720319,77.32069400078761
2026-04-09,M1_DistPred_ANN,78.67127227783203,77.01518676093242,73.40033948120542,81.9660618163781
2026-04-10,M1_DistPred_ANN,80.2615966796875,79.08790511080376,76.34765773739683,82.968077059383
2026-04-13,M1_DistPred_ANN,80.11249542236328,80.30664270288608,77.48239051245045,84.33351864590244
2026-04-14,M1_DistPred_ANN,82.59738159179688,80.38638021502426,77.8024819773531,83.99008373973842
2026-04-15,M1_DistPred_ANN,83.64102935791016,83.16031779282596,79.4463301999866,88.88534040675528
2026-04-16,M1_DistPred_ANN,84.48588562011719,81.73378282007248,77.71550472965167,87.52942882842315
2026-04-17,M1_DistPred_ANN,83.64102935791016,84.28837132574726,81.47034582612501,88.30779069870201
2026-04-20,M1_DistPred_ANN,84.03861236572266,84.27730856499588,81.6588832486768,87.95754983080663
2026-04-21,M1_DistPred_ANN,85.4798355102539,83.8330187839458,80.15473879758225,88.63611583363006
2026-04-22,M1_DistPred_ANN,85.82772064208984,84.24822095170789,80.88589107310561,88.56215908571616
2026-04-23,M1_DistPred_ANN,85.82772064208984,84.37581878754894,81.50314054786332,87.79691582766274
2026-04-24,M1_DistPred_ANN,89.40594482421875,85.95276986055595,83.93854462424613,88.03154773420104
2026-04-27,M1_DistPred_ANN,92.4375,89.51154243811406,86.62557245033982,93.4774061879195
2026-04-28,M1_DistPred_ANN,91.44355010986328,92.1849542727522,88.75198181542295,97.2854763235636
2026-04-29,M1_DistPred_ANN,90.20111083984375,90.04794540319567,86.2031897476016,95.00778564247022
2026-04-30,M1_DistPred_ANN,89.95262145996094,90.86497689456623,88.47545510349333,93.13959215734904
2026-05-04,M1_DistPred_ANN,94.02782440185547,90.10615276954773,86.5243582814621,92.66156741621616
2026-05-05,M1_DistPred_ANN,94.02782440185547,91.79136071490854,88.05252789459469,96.18927882176581
2026-05-06,M1_DistPred_ANN,95.17086791992188,92.56291763873574,89.26606613552501,96.48244382781473
2026-05-07,M1_DistPred_ANN,97.10906982421875,93.56747109451908,90.23190108670565,97.50242057930225
2026-05-08,M1_DistPred_ANN,96.4133071899414,95.66734968670517,91.86799014593048,100.43211118992183
2026-05-11,M1_DistPred_ANN,96.31391143798828,95.87871493561006,92.45810729921658,99.52535431061983
2026-05-12,M1_DistPred_ANN,96.26421356201172,96.46832838150146,92.80333172092195,99.92561365659367
2026-05-13,M1_DistPred_ANN,94.92237854003906,97.92959340422458,95.21036671065711,100.1610557704129
2026-05-14,M1_DistPred_ANN,95.46905517578125,95.64363368040979,91.0699712417698,99.66179753791779
2026-05-15,M1_DistPred_ANN,94.82298278808594,96.61073805008417,93.3692238401043,99.24065340193546
2026-05-18,M1_DistPred_ANN,94.32601165771484,96.0348659906506,92.4912009838395,98.97272900545804
2026-05-19,M1_DistPred_ANN,92.53689575195312,95.12785002066038,90.8924107980479,98.75139882993524
2026-05-20,M1_DistPred_ANN,91.94052124023438,94.13156576914737,88.45531117612795,99.19469237657178
2026-05-21,M1_DistPred_ANN,95.270263671875,92.73633619344125,86.33422292699976,98.45480744438004
2026-05-22,M1_DistPred_ANN,96.71149444580078,94.59374332539078,89.61455961530021,98.47329187353529
2026-05-25,M1_DistPred_ANN,100.19032287597656,97.51945055001792,94.54893059810018,99.81337512927979
2026-05-26,M1_DistPred_ANN,99.49455261230469,101.48158501685761,98.78683676573131,104.87931197793297
2026-05-27,M1_DistPred_ANN,101.92974090576172,99.32575904056054,95.87414631621351,103.04472134899746
2026-05-28,M1_DistPred_ANN,99.89213562011719,101.34245777177979,96.49320259392303,106.8881631152821
2026-05-29,M1_DistPred_ANN,104.76250457763672,99.93964433992647,95.18954020791351,103.6116645034906
2026-06-01,M1_DistPred_ANN,104.86189270019531,102.93902573290482,98.86150047649717,108.0387447815757
2026-06-02,M1_DistPred_ANN,105.06068420410156,103.51608341439483,100.06789457013512,107.68166458473272
2026-06-03,M1_DistPred_ANN,106.9491958618164,105.17541013384948,101.40580184161892,109.80652830230817
2026-06-04,M1_DistPred_ANN,105.45826721191406,106.55298760183273,102.44378615181493,111.84010721461114
2026-06-05,M1_DistPred_ANN,103.52006530761719,105.15551304766318,101.01024182599555,108.66916857550072
2026-06-08,M1_DistPred_ANN,100.33941650390625,104.09870848888345,99.2473314646998,108.56783140164355
2026-06-09,M1_DistPred_ANN,102.87399291992188,102.59715738502848,96.31280910296093,108.33366476567157
2026-06-10,M1_DistPred_ANN,99.64364624023438,103.7090958526119,100.24406248203293,106.50888110730735
2026-06-11,M1_DistPred_ANN,99.2460708618164,101.82765940794522,95.75283938107368,107.30370999333671
2026-06-12,M1_DistPred_ANN,101.33336639404297,101.81146427897505,96.48775269960211,106.5528246885619
2026-06-15,M1_DistPred_ANN,104.61341094970703,101.8997057377284,96.46251829196103,106.34029799381373
2026-06-16,M1_DistPred_ANN,105.25947570800781,103.71682804839872,99.37670975428502,107.91686797692685
2026-06-17,M1_DistPred_ANN,105.35887145996094,105.8419453476107,102.74175663948218,108.76929359690874
2026-06-18,M1_DistPred_ANN,106.65100860595703,105.23624870573495,100.6087112039413,109.6836146896224
2026-06-22,M1_DistPred_ANN,110.47772216796875,105.11694739922449,100.76714660172814,109.26881943085316
2026-06-23,M1_DistPred_ANN,109.43407440185547,111.42060885112838,107.50665967456642,116.74827175378769
2026-06-24,M1_DistPred_ANN,106.50191497802734,110.76471346723442,107.69501803701164,114.59752087054362
2026-06-25,M1_DistPred_ANN,106.5516128540039,107.74801140117047,103.03803946258772,111.48573824663231
2026-06-26,M1_DistPred_ANN,102.47640991210938,106.27504015709187,100.47304114304032,110.96926735278583
2026-06-29,M1_DistPred_ANN,103.81824493408203,104.90189836203854,98.66108976690829,110.45244118141734
2026-06-30,M1_DistPred_ANN,107.14798736572266,104.99820298108851,99.58359530344903,109.73392455546491
2026-07-01,M1_DistPred_ANN,108.68860626220703,107.16436997844083,103.78582921850153,109.86433411726777
2026-07-02,M1_DistPred_ANN,108.14193725585938,108.1508682312295,104.52701071229384,111.99937318951235
2026-07-03,M1_DistPred_ANN,107.69465637207031,109.06006066924853,106.63857494278918,111.54245029663748
2026-07-06,M1_DistPred_ANN,107.59526062011719,108.39162784918827,105.08047044951184,110.70124282563998
2026-07-07,M1_DistPred_ANN,105.55765533447266,106.89931036001718,101.88208965795434,111.34992031376984
2026-07-08,M1_DistPred_ANN,105.4085693359375,106.61233344241944,100.73710610195948,111.6255976464552
2026-07-09,M1_DistPred_ANN,105.16008758544922,105.5202183722496,101.20576389358435,109.10536544639265
2026-07-10,M1_DistPred_ANN,105.16008758544922,106.03502791115905,100.37257749851423,110.86248522718232
2026-07-13,M1_DistPred_ANN,105.35887145996094,106.27832044725179,101.13550801233025,110.45346972143057
2026-07-14,M1_DistPred_ANN,103.76854705810547,105.96357803214316,101.35296946779093,109.80112580869151
2026-07-15,M1_DistPred_ANN,105.65705871582031,105.01145789299147,100.33355475580781,109.24107429386908
2026-07-16,M1_DistPred_ANN,105.75645446777344,105.1515663898746,100.19431927027887,109.16160831980267
2026-07-17,M1_DistPred_ANN,99.54425811767578,106.95144418407564,104.2093886067889,109.61275297442839
2026-07-20,M1_DistPred_ANN,98.5999984741211,102.05310766509196,95.92102292032448,107.69152411304535
2026-07-21,M1_DistPred_ANN,102.5,98.56426824028613,92.93928901196843,103.44909353405922
2026-07-22,M1_DistPred_ANN,103.8499984741211,102.3645188599161,98.629154010291,104.93186229576861
2026-07-23,M1_DistPred_ANN,103.9000015258789,103.44757211836034,99.6133521487712,107.28099202563097
2026-07-24,M1_DistPred_ANN,101.69999694824219,102.81380606391214,99.44181549570402,106.04861162794813
2026-07-27,M1_DistPred_ANN,101.44999694824219,102.18282640037896,98.86572278874813,104.59048569083458
2026-07-28,M1_DistPred_ANN,97.1500015258789,101.911243191831,97.9911048437826,104.56703550665293
2026-07-29,M1_DistPred_ANN,93.69999694824219,99.88227366501657,94.05657914014088,105.17337223548313
2026-07-30,M1_DistPred_ANN,93.5,94.00685827254074,88.3779868255621,99.0428427826306
2026-07-31,M1_DistPred_ANN,102.8499984741211,92.84180454090452,87.22866144590613,97.88506172546548
2025-01-02,M2_DistPred_Minusformer,46.571590423583984,47.374449371944515,46.24448896766895,48.421087969230705
2025-01-03,M2_DistPred_Minusformer,47.039588928222656,47.248439508424,45.859801230916545,48.42871226496634
2025-01-06,M2_DistPred_Minusformer,48.51557540893555,47.266957253332016,46.1765206155313,48.276338115996275
2025-01-07,M2_DistPred_Minusformer,49.05556869506836,48.086257079573436,45.57835140854577,50.106044068980346
2025-01-08,M2_DistPred_Minusformer,48.323577880859375,48.5793081509578,45.55798511607794,51.01276871343565
2025-01-09,M2_DistPred_Minusformer,47.77157974243164,48.32623219176008,46.675058196391284,49.73777500136473
2025-01-10,M2_DistPred_Minusformer,47.75958251953125,48.12506231465119,46.98538456384741,49.17757363020885
2025-01-13,M2_DistPred_Minusformer,46.65559005737305,48.21524492789178,46.691660397169166,49.55375433495991
2025-01-14,M2_DistPred_Minusformer,46.94358825683594,47.88800668672587,45.8598073486294,49.55893662602597
2025-01-15,M2_DistPred_Minusformer,46.58359146118164,47.71670601589436,46.30429671297985,48.917136125611634
2025-01-16,M2_DistPred_Minusformer,47.531585693359375,47.33623283137083,46.375759411938226,48.266178344665164
2025-01-17,M2_DistPred_Minusformer,47.762733459472656,47.54028909394412,46.667408086505645,48.39385500269231
2025-01-20,M2_DistPred_Minusformer,48.24936294555664,47.66383941035173,46.90872842458194,48.383806685312976
2025-01-21,M2_DistPred_Minusformer,48.34668731689453,47.999704216906544,46.45243663673215,49.33936837336434
2025-01-22,M2_DistPred_Minusformer,48.97930908203125,48.13779510721315,46.54401788172846,49.54019809205844
2025-02-03,M2_DistPred_Minusformer,46.88679885864258,48.603619943607754,46.41775049192269,50.408858451253785
2025-02-04,M2_DistPred_Minusformer,47.16661071777344,47.872187386267235,46.38246929759481,49.13765209902693
2025-02-05,M2_DistPred_Minusformer,47.88439178466797,47.8399949980814,46.24456138114181,49.16333464481553
2025-02-06,M2_DistPred_Minusformer,48.09120178222656,47.91115384239454,46.63035334136844,49.10271651839762
2025-02-07,M2_DistPred_Minusformer,48.31018829345703,48.1689713723242,46.17814264921552,49.840845544064805
2025-02-10,M2_DistPred_Minusformer,47.762733459472656,48.257579336371734,46.65595345607689,49.58657805706875
2025-02-11,M2_DistPred_Minusformer,48.054710388183594,47.95768111477757,47.06259199989684,48.818161595693184
2025-02-12,M2_DistPred_Minusformer,47.981712341308594,48.078083094725066,46.96482031169971,49.13079110564579
2025-02-13,M2_DistPred_Minusformer,47.774898529052734,48.12678770349486,46.85975098594346,49.299603678181086
2025-02-14,M2_DistPred_Minusformer,47.20310592651367,48.02800593307216,46.86765944027297,49.10702418297108
2025-02-17,M2_DistPred_Minusformer,47.9208869934082,47.775883367639544,46.52793024733745,48.93859460344451
2025-02-18,M2_DistPred_Minusformer,48.09120178222656,47.951967978067366,46.661017614877785,49.13466018352776
2025-02-19,M2_DistPred_Minusformer,48.00605010986328,47.97746183087366,46.94499177860618,48.98370122686761
2025-02-20,M2_DistPred_Minusformer,47.82356262207031,47.97964291716258,46.96332231219382,48.96355372940489
2025-02-21,M2_DistPred_Minusformer,48.16419982910156,47.93578854914551,46.86247941480107,48.959659489512966
2025-02-24,M2_DistPred_Minusformer,47.738399505615234,48.18198217257426,46.7092491423996,49.43325102583429
2025-02-25,M2_DistPred_Minusformer,47.11794662475586,48.00247380751091,46.76467902526754,49.145986881775926
2025-02-26,M2_DistPred_Minusformer,47.37342834472656,47.72715586152894,46.51106094125995,48.856420168188016
2025-02-27,M2_DistPred_Minusformer,46.838134765625,47.66748036817779,46.575501249212046,48.67462128317543
2025-03-03,M2_DistPred_Minusformer,45.7553825378418,47.39809135644751,46.20579379790309,48.45621063223077
2025-03-04,M2_DistPred_Minusformer,45.45124053955078,46.98210863445898,44.90395811871287,48.69805094361016
2025-03-05,M2_DistPred_Minusformer,46.04736328125,46.535863352218904,44.71014025329044,48.123449075328125
2025-03-06,M2_DistPred_Minusformer,45.767547607421875,46.52301212182722,44.929587515056205,47.850826409488384
2025-03-07,M2_DistPred_Minusformer,45.34174728393555,46.26821508559214,44.9080214015681,47.459098260173576
2025-03-10,M2_DistPred_Minusformer,45.074100494384766,46.015691399855804,44.57402474449615,47.238366331043125
2025-03-11,M2_DistPred_Minusformer,44.283329010009766,45.65122261561775,44.63384438273377,46.63454449343029
2025-03-12,M2_DistPred_Minusformer,44.47798156738281,45.29982339605578,43.440231673028734,46.93619154039263
2025-03-13,M2_DistPred_Minusformer,44.06434631347656,45.112164298045435,43.36365140897369,46.622383354634515
2025-03-14,M2_DistPred_Minusformer,43.91835403442383,44.64086242106934,43.42758280325454,45.76721572055423
2025-03-17,M2_DistPred_Minusformer,44.29549789428711,44.36710330330305,43.13630288544188,45.5127894660686
2025-03-18,M2_DistPred_Minusformer,44.47798156738281,44.3019024192393,43.14020230398208,45.38116342361684
2025-03-19,M2_DistPred_Minusformer,43.93052291870117,44.387984934888586,43.012768109281204,45.55553489797085
2025-03-20,M2_DistPred_Minusformer,44.87944793701172,44.033442139560016,43.12141769383605,44.917341254158025
2025-03-21,M2_DistPred_Minusformer,44.51447296142578,44.49259734313632,42.482458447216764,46.14378503761434
2025-03-24,M2_DistPred_Minusformer,44.46581268310547,44.31387023877535,42.61766896554037,45.786164897848096
2025-03-25,M2_DistPred_Minusformer,44.92810821533203,44.297152173969295,42.54187268795996,45.769174148395905
2025-03-26,M2_DistPred_Minusformer,44.8916130065918,44.49557865635732,42.53903993083465,46.10280770077499
2025-03-27,M2_DistPred_Minusformer,44.04001235961914,44.63132193258894,42.12390701193459,46.637682864558585
2025-03-28,M2_DistPred_Minusformer,43.602046966552734,44.08643107539193,42.88603161839539,45.16718669823669
2025-03-31,M2_DistPred_Minusformer,42.03266143798828,43.761506504518366,42.82403498937295,44.67477255792072
2025-04-01,M2_DistPred_Minusformer,42.89643096923828,43.141769594128384,41.694522929287544,44.37024233267408
2025-04-02,M2_DistPred_Minusformer,42.82343673706055,43.04648399508385,41.85699157726307,44.155320792775804
2025-04-07,M2_DistPred_Minusformer,38.54109573364258,42.828182425260444,41.87647951763833,43.75243191900905
2025-04-08,M2_DistPred_Minusformer,37.288021087646484,41.341508534914425,38.24055272662403,43.91622766882672
2025-04-09,M2_DistPred_Minusformer,35.57265090942383,40.31501808260394,35.91431293414022,43.9611066572352
2025-04-10,M2_DistPred_Minusformer,39.12504959106445,38.94677993264847,33.71852407874626,43.39273016765751
2025-04-11,M2_DistPred_Minusformer,40.03748321533203,39.127301725268794,36.202789827329745,41.62399123025383
2025-04-14,M2_DistPred_Minusformer,39.83066177368164,39.103216553843154,36.996320540897365,41.089779825441134
2025-04-15,M2_DistPred_Minusformer,40.23213577270508,39.229076448726374,36.550980618561816,41.53028241208011
2025-04-16,M2_DistPred_Minusformer,39.50218963623047,39.39842579780866,36.127509274875955,42.38421759831975
2025-04-17,M2_DistPred_Minusformer,39.0642204284668,39.22218260402796,36.07042351770431,42.02830766309373
2025-04-18,M2_DistPred_Minusformer,39.14937973022461,39.03990830336696,36.163388569375556,41.46789657537979
2025-04-21,M2_DistPred_Minusformer,38.589759826660156,38.82579715681276,36.34134677362219,41.07303694564738
2025-04-22,M2_DistPred_Minusformer,37.944969177246094,38.500936011890126,36.14551718072555,40.69057433082895
2025-04-23,M2_DistPred_Minusformer,39.62384796142578,38.32388475742603,35.41379169588041,40.7860032727391
2025-04-24,M2_DistPred_Minusformer,39.392696380615234,38.943647304759835,34.913681890838774,42.370179093485724
2025-04-25,M2_DistPred_Minusformer,40.32946014404297,38.91689378888274,35.04648048729317,42.27409444969039
2025-04-28,M2_DistPred_Minusformer,40.67009735107422,39.46994332654328,34.769995892475656,43.51160043155993
2025-04-29,M2_DistPred_Minusformer,40.82825469970703,39.74458006613325,35.275802702560696,43.58311724688272
2025-04-30,M2_DistPred_Minusformer,41.02290725708008,40.018831058486484,35.508654056120456,43.887396110134496
2025-05-02,M2_DistPred_Minusformer,42.21514892578125,40.086590510257,36.78602589114571,42.88637025835042
2025-05-05,M2_DistPred_Minusformer,41.838008880615234,40.92684025821054,36.11169927401541,45.071577947610635
2025-05-06,M2_DistPred_Minusformer,41.60686111450195,40.928861691332756,37.30808107139189,44.00661991130471
2025-05-07,M2_DistPred_Minusformer,41.44871139526367,40.72883015236139,38.02631348588481,43.27643975705599
2025-05-08,M2_DistPred_Minusformer,41.99616622924805,40.6708791038309,38.79968791708136,42.52628417883902
2025-05-09,M2_DistPred_Minusformer,42.519290924072266,41.0377006953495,39.20804359873107,42.7159649621277
2025-05-12,M2_DistPred_Minusformer,42.99375915527344,41.27392444712453,39.17155553452638,43.39427521384305
2025-05-13,M2_DistPred_Minusformer,43.516883850097656,42.068931162413094,38.130267773799204,45.49572923736944
2025-05-14,M2_DistPred_Minusformer,44.5023078918457,42.403375400536326,38.879474375810155,45.490862116329325
2025-05-15,M2_DistPred_Minusformer,44.40498352050781,43.15880438027278,38.84154309896929,47.01861562456091
2025-05-16,M2_DistPred_Minusformer,44.526641845703125,43.12262936220512,40.58091324633244,45.65359103228352
2025-05-19,M2_DistPred_Minusformer,43.90618896484375,43.4685033013175,40.90503922086614,46.01197806843415
2025-05-20,M2_DistPred_Minusformer,43.99135208129883,43.460371996928835,41.20482746420822,45.71605019129069
2025-05-21,M2_DistPred_Minusformer,44.67263412475586,43.76691610259807,42.052307173701784,45.423784299413036
2025-05-22,M2_DistPred_Minusformer,44.186004638671875,44.29573307609265,42.779741421529025,45.76295144970022
2025-05-23,M2_DistPred_Minusformer,44.003517150878906,44.42042429462395,43.414400573855424,45.43200995893336
2025-05-26,M2_DistPred_Minusformer,43.95485305786133,44.486040889862075,43.43229917024455,45.44689854237335
2025-05-27,M2_DistPred_Minusformer,43.565547943115234,44.46487605763694,43.360468612451356,45.478821306994426
2025-05-28,M2_DistPred_Minusformer,43.63854217529297,44.35905369186343,42.861922532780916,45.73179183749717
2025-05-29,M2_DistPred_Minusformer,43.73586654663086,44.33711361859957,42.68677182594218,45.88119634650638
2025-06-02,M2_DistPred_Minusformer,42.799102783203125,44.349500375146306,42.880438277459355,45.70626791436204
2025-06-03,M2_DistPred_Minusformer,43.103248596191406,44.160848504602136,42.06584461735006,45.92104591099107
2025-06-04,M2_DistPred_Minusformer,44.11301040649414,44.149502686872424,42.066444053507986,45.90061548297937
2025-06-05,M2_DistPred_Minusformer,44.19816589355469,44.338666379411194,42.907905101757606,45.6724395786353
2025-06-06,M2_DistPred_Minusformer,44.27116394042969,44.647786521780276,42.88670634960525,46.108946886119135
2025-06-09,M2_DistPred_Minusformer,44.69696044921875,44.71085102151259,43.09243520138495,46.08479905315457
2025-06-10,M2_DistPred_Minusformer,45.901371002197266,44.85990710941091,43.50223549287085,46.1266935706985
2025-06-11,M2_DistPred_Minusformer,45.901371002197266,45.58905984566714,43.391629101340875,47.463774320029756
2025-06-12,M2_DistPred_Minusformer,45.901371002197266,45.77735644261762,44.06878069037464,47.22875260687163
2025-06-13,M2_DistPred_Minusformer,45.901371002197266,45.99620546548008,44.21611024559338,47.48302622851006
2025-06-16,M2_DistPred_Minusformer,45.901371002197266,46.14599355349298,44.06035945888257,47.98084477107317
2025-06-17,M2_DistPred_Minusformer,45.901371002197266,46.22595366532051,44.21806092851668,47.98959158702706
2025-06-18,M2_DistPred_Minusformer,46.2979736328125,46.19375205131862,44.79633508753107,47.493888146541025
2025-06-19,M2_DistPred_Minusformer,45.84054183959961,46.44199037502666,44.97556358606177,47.774311123347225
2025-06-20,M2_DistPred_Minusformer,45.77241134643555,46.348906451424206,45.045564497148156,47.56302770970448
2025-06-23,M2_DistPred_Minusformer,45.392845153808594,46.293987847989165,45.25020943565711,47.31750730962497
2025-06-24,M2_DistPred_Minusformer,46.22011184692383,46.124228492356245,45.107789996076534,47.12799696703872
2025-06-25,M2_DistPred_Minusformer,46.891666412353516,46.37656099069524,45.282093782106244,47.43889664312286
2025-06-26,M2_DistPred_Minusformer,46.9500617980957,46.671016426139495,45.705710303017646,47.61639972243854
2025-06-27,M2_DistPred_Minusformer,46.99872589111328,46.80809950025439,45.73852582811443,47.85057361256009
2025-06-30,M2_DistPred_Minusformer,47.06685256958008,46.92526222825552,45.962348892096124,47.85934128299536
2025-07-01,M2_DistPred_Minusformer,47.33936309814453,47.05736384283669,46.24786066916475,47.80886432343413
2025-07-02,M2_DistPred_Minusformer,47.349098205566406,47.36415125915117,45.90644389828727,48.583587459182525
2025-07-03,M2_DistPred_Minusformer,48.001182556152344,47.49202626263604,45.98819131235892,48.742424776910575
2025-07-04,M2_DistPred_Minusformer,47.55348205566406,47.78871846105348,46.37522058128034,48.99229417795932
2025-07-07,M2_DistPred_Minusformer,47.27123260498047,47.680998104961475,46.63556941885244,48.678089854531194
2025-07-08,M2_DistPred_Minusformer,47.0571174621582,47.66892806239928,46.490828721886054,48.767809517987644
2025-07-09,M2_DistPred_Minusformer,47.54374694824219,47.71043976765995,46.21063153434897,48.95935132322694
2025-07-10,M2_DistPred_Minusformer,48.08877182006836,47.86499194184909,46.482467832261115,49.042373434257094
2025-07-11,M2_DistPred_Minusformer,48.29315948486328,48.1407721090181,46.77995829430885,49.30003617557024
2025-07-14,M2_DistPred_Minusformer,48.01091384887695,48.36407456340228,46.82314019385219,49.70559427152839
2025-07-15,M2_DistPred_Minusformer,48.66299819946289,48.30101204550899,47.450949540444,49.12401743908368
2025-07-16,M2_DistPred_Minusformer,49.052303314208984,48.72299527998245,47.56645700760685,49.712370576943215
2025-07-17,M2_DistPred_Minusformer,49.34428024291992,49.00537716030161,47.84710555862333,49.997679527364205
2025-07-18,M2_DistPred_Minusformer,50.074222564697266,49.28824549049452,47.9513509758267,50.464437720405854
2025-07-21,M2_DistPred_Minusformer,49.888004302978516,49.83013541833297,48.017405200290234,51.33033973802154
2025-07-22,M2_DistPred_Minusformer,49.54496383666992,49.943694618972835,48.383866919720525,51.278829890439376
2025-07-23,M2_DistPred_Minusformer,49.69198226928711,49.83976702441861,48.821020939485564,50.7786800189445
2025-07-24,M2_DistPred_Minusformer,49.98601531982422,49.933982182638964,48.99161465935967,50.81502587218685
2025-07-25,M2_DistPred_Minusformer,49.888004302978516,50.17335385401893,48.886331451131184,51.31190114972273
2025-07-28,M2_DistPred_Minusformer,50.03501892089844,50.23508897002739,49.02966308587821,51.27381060529845
2025-07-29,M2_DistPred_Minusformer,49.44694900512695,50.25360546377318,49.51806432170908,50.97549828761848
2025-07-30,M2_DistPred_Minusformer,49.98601531982422,50.11717589688186,49.4112105630001,50.76295584107108
2025-07-31,M2_DistPred_Minusformer,50.52507781982422,50.27501137723699,49.403713638554876,51.103125136225216
2025-08-01,M2_DistPred_Minusformer,50.08402633666992,50.53205521667047,49.812949912829936,51.23091026843474
2025-08-04,M2_DistPred_Minusformer,49.78998947143555,50.49587802768132,49.651875769395474,51.31205843543172
2025-08-05,M2_DistPred_Minusformer,50.42707061767578,50.504816926757236,49.4279105311171,51.430946353865345
2025-08-06,M2_DistPred_Minusformer,49.98601531982422,50.67174761741654,49.7801044886849,51.49505158871286
2025-08-07,M2_DistPred_Minusformer,51.40718460083008,50.6179225103824,49.341050867887276,51.74286307665141
2025-08-08,M2_DistPred_Minusformer,51.40718460083008,51.1938365464212,49.68121510099015,52.46843723113698
2025-08-11,M2_DistPred_Minusformer,51.799232482910156,51.34924053939194,50.058026179469465,52.46337684985486
2025-08-12,M2_DistPred_Minusformer,51.848243713378906,51.72305170848423,50.01473745534711,53.132733284712614
2025-08-13,M2_DistPred_Minusformer,52.28929138183594,51.85308742797204,50.595093831448615,52.90977545793189
2025-08-14,M2_DistPred_Minusformer,52.09326934814453,52.17050094265385,50.68899263618654,53.46795228981943
2025-08-15,M2_DistPred_Minusformer,52.09326934814453,52.17789485395885,51.145987275941344,53.14006803220891
2025-08-18,M2_DistPred_Minusformer,52.24028396606445,52.37641432860037,51.06894359378881,53.48294068151421
2025-08-19,M2_DistPred_Minusformer,52.142276763916016,52.509533780554385,51.33167378797422,53.51959650763912
2025-08-20,M2_DistPred_Minusformer,50.672096252441406,52.53620718536513,51.493912608905916,53.487991172388654
2025-08-21,M2_DistPred_Minusformer,50.96613311767578,52.162913528616556,50.30510715925187,53.690299154929
2025-08-22,M2_DistPred_Minusformer,50.72110366821289,52.02647270042424,50.48458567012835,53.345577595935225
2025-08-25,M2_DistPred_Minusformer,51.652217864990234,51.91749764294808,49.691269770163295,53.759219432772596
2025-08-26,M2_DistPred_Minusformer,51.70122146606445,52.072372834806345,50.528327240651485,53.36329290584947
2025-08-27,M2_DistPred_Minusformer,51.946250915527344,51.9771736487451,50.991959662984,52.93385355835327
2025-08-28,M2_DistPred_Minusformer,51.45619201660156,52.08939942861321,51.20750200859173,52.933393368450325
2025-08-29,M2_DistPred_Minusformer,51.45619201660156,52.073686678481856,50.57217653386384,53.33312267725709
2025-09-01,M2_DistPred_Minusformer,50.96613311767578,51.99913283602852,50.35597078085424,53.4492200980209
2025-09-02,M2_DistPred_Minusformer,50.96613311767578,51.77368501017345,50.22283818216596,53.10512575498622
2025-09-03,M2_DistPred_Minusformer,50.91712951660156,51.6386171585965,50.288755604694394,52.81221469689905
2025-09-04,M2_DistPred_Minusformer,51.26016616821289,51.44556405219188,50.48019282304708,52.38252290793837
2025-09-05,M2_DistPred_Minusformer,51.799232482910156,51.534404608098725,50.31407804425651,52.6726451473167
2025-09-08,M2_DistPred_Minusformer,52.28929138183594,51.80444590160602,50.405172261091174,52.99840430452366
2025-09-09,M2_DistPred_Minusformer,52.8283576965332,52.087778755658384,50.325554128229314,53.633459492327724
2025-09-10,M2_DistPred_Minusformer,53.857479095458984,52.58201580018282,50.11068778789116,54.59888132330959
2025-09-11,M2_DistPred_Minusformer,54.347537994384766,53.30764167994425,49.92054996822098,56.024766718730405
2025-09-12,M2_DistPred_Minusformer,54.88660430908203,53.76195331832102,50.44701925285214,56.43891351096404
2025-09-15,M2_DistPred_Minusformer,54.88660430908203,54.31218067637402,50.783288670718846,57.164585531658595
2025-09-16,M2_DistPred_Minusformer,55.6216926574707,54.64590676876228,51.201343934931515,57.41530934092575
2025-09-17,M2_DistPred_Minusformer,55.22964096069336,55.1198619728088,51.89236739319168,57.77503923702525
2025-09-18,M2_DistPred_Minusformer,55.817718505859375,55.10845144498622,52.8243481211263,57.12045714168332
2025-09-19,M2_DistPred_Minusformer,55.866722106933594,55.51316089157955,53.10519570669997,57.63301676997866
2025-09-22,M2_DistPred_Minusformer,56.25877380371094,55.729225460739016,53.746282973680195,57.412200467345556
2025-09-23,M2_DistPred_Minusformer,57.28789520263672,56.05760252579149,54.043031292528674,57.76793333106429
2025-09-24,M2_DistPred_Minusformer,57.238887786865234,56.735792700938234,54.015072392791694,59.05751809596724
2025-09-25,M2_DistPred_Minusformer,57.04286575317383,56.76116825876335,55.29552453410391,58.1894347686006
2025-09-26,M2_DistPred_Minusformer,56.111751556396484,56.93453887016815,55.822991305465976,57.99692762378472
2025-09-30,M2_DistPred_Minusformer,56.650814056396484,56.742083467443564,55.62587459920119,57.8051394301869
2025-10-01,M2_DistPred_Minusformer,56.94485092163086,56.905568814787834,55.77330958334391,58.01400153704718
2025-10-02,M2_DistPred_Minusformer,58.02298355102539,57.11861699476202,56.001448086593825,58.19207983617859
2025-10-03,M2_DistPred_Minusformer,58.856082916259766,57.68381958576122,56.60879986896689,58.750112091673174
2025-10-07,M2_DistPred_Minusformer,60.4732780456543,58.289048956337886,57.08888185082681,59.382540959249624
2025-10-08,M2_DistPred_Minusformer,59.9342155456543,58.20072483017093,55.23302209685129,60.881202122082875
2025-10-09,M2_DistPred_Minusformer,60.37526321411133,59.53745199154257,57.96964478738118,61.03868196221274
2025-10-13,M2_DistPred_Minusformer,59.78719711303711,59.39557803063336,56.593361039347016,61.92945846887878
2025-10-14,M2_DistPred_Minusformer,59.49315643310547,60.157288360786104,58.38037028444702,61.79710365517231
2025-10-15,M2_DistPred_Minusformer,60.571285247802734,60.254797446288734,58.348426816610946,61.981016708385575
2025-10-16,M2_DistPred_Minusformer,61.747432708740234,60.80588495188886,59.17870715270557,62.31038377977702
2025-10-17,M2_DistPred_Minusformer,60.81631851196289,61.7887787161128,58.859078870161206,64.20189504365905
2025-10-20,M2_DistPred_Minusformer,61.84543991088867,61.46855772195401,60.18675339877745,62.71338337596501
2025-10-21,M2_DistPred_Minusformer,61.943450927734375,62.007721423058136,60.59381245475164,63.32478517694691
2025-10-22,M2_DistPred_Minusformer,61.45339584350586,62.18237060097154,61.012248211475196,63.318943483104185
2025-10-23,M2_DistPred_Minusformer,61.1103515625,61.68818878361124,59.789119763219304,63.517991140102936
2025-10-27,M2_DistPred_Minusformer,62.531524658203125,62.31812956682691,60.3482382702904,64.02976039176436
2025-10-28,M2_DistPred_Minusformer,62.09046936035156,62.926556245195684,61.61279698315524,64.18528611583496
2025-10-29,M2_DistPred_Minusformer,63.11959457397461,62.56547835196483,60.293215436520406,64.74326530334233
2025-10-30,M2_DistPred_Minusformer,63.11959457397461,62.69137232072168,60.68473329618494,64.67470174470323
2025-10-31,M2_DistPred_Minusformer,63.46263885498047,63.64055796972878,62.49669065975622,64.76234118541578
2025-11-03,M2_DistPred_Minusformer,62.87456512451172,63.40617847219604,60.834192293644726,65.74451823053701
2025-11-04,M2_DistPred_Minusformer,62.67854309082031,63.6478917211218,61.156781065019224,65.90315112050861
2025-11-05,M2_DistPred_Minusformer,61.89445114135742,63.65044848577117,61.299982182750554,65.87533991199119
2025-11-06,M2_DistPred_Minusformer,62.041465759277344,63.50408077149614,61.30378105952526,65.44591585987143
2025-11-07,M2_DistPred_Minusformer,61.30637741088867,63.58774059708182,60.72517514385383,66.16251492582484
2025-11-10,M2_DistPred_Minusformer,62.09046936035156,63.15234746776085,60.87067704724622,65.06161464654564
2025-11-11,M2_DistPred_Minusformer,61.649417877197266,63.16096459924497,60.36281555906661,65.69921010087283
2025-11-12,M2_DistPred_Minusformer,61.943450927734375,62.97385606042593,60.4945901553113,65.14553458585847
2025-11-13,M2_DistPred_Minusformer,61.649417877197266,62.96942958360849,60.11724538100311,65.55299380101398
2025-11-14,M2_DistPred_Minusformer,60.4732780456543,62.90768568563787,60.49142844274457,64.94644039572516
2025-11-17,M2_DistPred_Minusformer,60.66930389404297,62.38495470485661,59.54017152184219,64.88420556074728
2025-11-18,M2_DistPred_Minusformer,59.248130798339844,62.18626461108096,59.85398561469509,64.16826437395812
2025-11-19,M2_DistPred_Minusformer,58.856082916259766,61.512668303380565,58.756370644202086,63.79869189663429
2025-11-20,M2_DistPred_Minusformer,60.66930389404297,60.91369083980289,58.28021574559337,63.14965410606351
2025-11-21,M2_DistPred_Minusformer,58.660057067871094,60.99106419542724,59.34010359329024,62.592472956710544
2025-11-24,M2_DistPred_Minusformer,58.366024017333984,60.15350954665326,58.44397183014075,61.817587989240266
2025-11-25,M2_DistPred_Minusformer,59.150115966796875,59.94528690903013,57.193834315974996,62.28146853681508
2025-11-26,M2_DistPred_Minusformer,60.13023376464844,59.723554201329144,57.88486664941176,61.455123404456245
2025-11-27,M2_DistPred_Minusformer,60.66930389404297,60.01133142826757,58.06456427362964,61.81724051712715
2025-11-28,M2_DistPred_Minusformer,61.1103515625,60.39951504190839,57.93918427990362,62.488065880009195
2025-12-01,M2_DistPred_Minusformer,60.277252197265625,60.65203214785564,57.93880479223624,63.01352461403421
2025-12-02,M2_DistPred_Minusformer,60.4732780456543,60.479575402079654,57.84511609478717,62.74404525740039
2025-12-03,M2_DistPred_Minusformer,61.061344146728516,60.52050079116765,57.706078321575035,62.983952150284324
2025-12-04,M2_DistPred_Minusformer,60.96333694458008,60.7517859715163,58.358276338972075,62.73590680595643
2025-12-05,M2_DistPred_Minusformer,61.50239944458008,60.79037806150902,58.082542842380604,63.172300618105915
2025-12-08,M2_DistPred_Minusformer,62.43351364135742,61.28385544814406,57.540060968824854,64.3664542391637
2025-12-09,M2_DistPred_Minusformer,62.33549880981445,61.95054920170784,57.55583286891928,65.5107414156193
2025-12-10,M2_DistPred_Minusformer,62.77655792236328,61.827724064251505,58.68748788667833,64.46819322995624
2025-12-11,M2_DistPred_Minusformer,62.09046936035156,62.07603318833515,59.24672150743332,64.56964881295117
2025-12-12,M2_DistPred_Minusformer,62.18848419189453,61.81942533146488,59.85494118083691,63.62787552213143
2025-12-15,M2_DistPred_Minusformer,61.55140686035156,61.82046923059869,60.2289775140296,63.35492960895894
2025-12-16,M2_DistPred_Minusformer,61.01234436035156,61.64383585325109,60.368768828303416,62.81683632864517
2025-12-17,M2_DistPred_Minusformer,60.66930389404297,61.33337540893216,60.11432835790157,62.53247575287858
2025-12-18,M2_DistPred_Minusformer,60.66930389404297,61.150791751724356,60.00229421314799,62.25410221632709
2025-12-19,M2_DistPred_Minusformer,61.25736999511719,61.04841677220116,59.870501631585945,62.166078744848825
2025-12-22,M2_DistPred_Minusformer,62.13947677612305,61.13569359920978,59.97263880865288,62.28100341427727
2025-12-23,M2_DistPred_Minusformer,62.43351364135742,61.53538309506597,60.3241995707141,62.66362558763038
2025-12-24,M2_DistPred_Minusformer,62.580528259277344,61.80364838870399,60.056528964246404,63.40378459939888
2025-12-26,M2_DistPred_Minusformer,63.11959457397461,61.95387015358899,60.46800763652134,63.39908671483121
2025-12-29,M2_DistPred_Minusformer,63.95269775390625,62.449898221686404,60.084496338320875,64.45976245598494
2025-12-30,M2_DistPred_Minusformer,63.85468673706055,63.344757530857954,59.99880383317507,66.13535024173825
2025-12-31,M2_DistPred_Minusformer,64.29573822021484,62.64881712846294,59.96698651839764,65.24518152302903
2026-01-02,M2_DistPred_Minusformer,65.618896484375,63.20683975394121,60.058683591548146,66.00492269662503
2026-01-05,M2_DistPred_Minusformer,68.11819458007812,64.94702145190493,60.38959642800227,68.63426033289755
2026-01-06,M2_DistPred_Minusformer,69.00030517578125,66.65755108323322,60.235693905711976,71.82315085548835
2026-01-07,M2_DistPred_Minusformer,68.46123504638672,67.91924377775742,60.312970539108434,74.42539175854297
2026-01-08,M2_DistPred_Minusformer,68.70626831054688,66.79832610129192,61.097552165776996,71.66264380160646
2026-01-09,M2_DistPred_Minusformer,68.46123504638672,67.01788773350174,62.48109443628156,70.95603638054543
2026-01-12,M2_DistPred_Minusformer,68.9512939453125,68.53914769078375,65.69816910317506,70.92628184641318
2026-01-13,M2_DistPred_Minusformer,69.2943344116211,68.8336196898525,66.58036951807807,70.91822530006334
2026-01-14,M2_DistPred_Minusformer,69.34334564208984,68.96594185903372,66.88644147117186,70.93458216144892
2026-01-15,M2_DistPred_Minusformer,69.2453384399414,68.80429725445939,66.57197931627029,71.02345896615928
2026-01-16,M2_DistPred_Minusformer,70.56848907470703,69.53705512848876,67.81513568773055,71.40160933173459
2026-01-19,M2_DistPred_Minusformer,71.15656280517578,70.34993666228975,68.57677240827795,72.26858945169646
2026-01-20,M2_DistPred_Minusformer,71.15656280517578,70.78376135792261,69.199910742186,72.37822940059942
2026-01-21,M2_DistPred_Minusformer,70.42147064208984,70.43641634830254,68.17870553194425,72.68627963963732
2026-01-22,M2_DistPred_Minusformer,71.36573028564453,70.57312596580064,68.413398793018,72.75593766259574
2026-01-23,M2_DistPred_Minusformer,71.81300354003906,70.93418349607556,68.45706617261669,73.45085070099731
2026-01-26,M2_DistPred_Minusformer,71.81300354003906,71.33846754202133,68.38286192498538,74.20705791824003
2026-01-27,M2_DistPred_Minusformer,72.60816955566406,72.52488926579089,69.6719429287688,74.94992683918805
2026-01-28,M2_DistPred_Minusformer,73.75120544433594,72.92184756369772,70.39522790141721,75.2383962836076
2026-01-29,M2_DistPred_Minusformer,73.3039321899414,73.64798196997266,71.47872880353285,75.65797997215725
2026-01-30,M2_DistPred_Minusformer,72.160888671875,73.83724574084945,72.25726651337348,75.34796089154408
2026-02-02,M2_DistPred_Minusformer,71.06754302978516,73.82564808189184,71.09387208465456,76.09871049486401
2026-02-03,M2_DistPred_Minusformer,72.5087661743164,72.87438535909229,68.80581602329738,76.34965525439328
2026-02-04,M2_DistPred_Minusformer,72.45907592773438,73.50655965833126,70.2287578921952,76.48036636928887
2026-02-05,M2_DistPred_Minusformer,71.56451416015625,72.92679745520141,70.20700849295159,75.46004371872297
2026-02-06,M2_DistPred_Minusformer,71.46512603759766,73.77151844037915,70.11573814847021,77.02410109757707
2026-02-09,M2_DistPred_Minusformer,73.50271606445312,73.63948598563665,69.54071073904294,77.42539286175561
2026-02-10,M2_DistPred_Minusformer,75.04335021972656,73.38472897250405,69.8644648645232,76.4559131510171
2026-02-11,M2_DistPred_Minusformer,76.73306274414062,75.02604908966546,71.94534659587556,77.64621005752868
2026-02-23,M2_DistPred_Minusformer,76.93185424804688,76.19490171305993,72.45784313578187,79.4388217294637
2026-02-24,M2_DistPred_Minusformer,78.91976165771484,76.93759228527846,73.12191138774354,80.25164738488647
2026-02-25,M2_DistPred_Minusformer,80.6094741821289,76.84129531239242,70.17805204514387,82.5328206848512
2026-02-26,M2_DistPred_Minusformer,80.65917205810547,79.7996211475916,73.74545362447195,84.70015515967073
2026-03-02,M2_DistPred_Minusformer,79.864013671875,80.29596457780197,75.23042671763461,84.47719632851124
2026-03-03,M2_DistPred_Minusformer,78.27368927001953,78.98738156942085,74.47607235210235,83.19251767430558
2026-03-04,M2_DistPred_Minusformer,75.14273834228516,79.52073166287406,76.99196330564622,81.86808723569865
2026-03-05,M2_DistPred_Minusformer,76.93185424804688,78.54659285847242,75.08914530537398,81.49327392394471
2026-03-06,M2_DistPred_Minusformer,76.38517761230469,78.85617485465967,74.83685581765668,82.36819980427971
2026-03-09,M2_DistPred_Minusformer,73.15483856201172,78.49783641081444,73.94399542653333,82.48207113476252
2026-03-10,M2_DistPred_Minusformer,74.74515533447266,77.0043715351379,72.50648320391016,80.9357998746218
2026-03-11,M2_DistPred_Minusformer,77.72701263427734,76.88442198529066,73.80919677770655,79.73110312632309
2026-03-12,M2_DistPred_Minusformer,76.1366958618164,77.67910343015612,75.64404139496888,79.64715093639197
2026-03-13,M2_DistPred_Minusformer,75.4906234741211,77.22426319632062,73.90185937372384,80.56361106953203
2026-03-16,M2_DistPred_Minusformer,75.14273834228516,77.12070818641999,72.98838511705854,80.81086038120068
2026-03-17,M2_DistPred_Minusformer,76.18639373779297,76.6396165345987,73.16753189078275,79.90916296462788
2026-03-18,M2_DistPred_Minusformer,77.32943725585938,76.95390216356006,72.47098518341065,80.73068063825121
2026-03-19,M2_DistPred_Minusformer,75.54032135009766,76.94861628609229,72.37917699949358,81.2677023754405
2026-03-20,M2_DistPred_Minusformer,75.44092559814453,76.50341348920716,73.25070986081381,79.50886439856079
2026-03-23,M2_DistPred_Minusformer,73.80091094970703,76.98400228213984,72.27623860915739,81.3646492099413
2026-03-24,M2_DistPred_Minusformer,73.95000457763672,75.82873690397469,72.02780055239174,79.25551366145595
2026-03-25,M2_DistPred_Minusformer,75.7391128540039,76.11136804430379,71.53863337864081,80.47555976963503
2026-03-26,M2_DistPred_Minusformer,75.34153747558594,75.98366162047073,72.4984073854861,79.25600779854305
2026-03-27,M2_DistPred_Minusformer,74.54637145996094,74.98656451799283,70.75638596898646,79.0497073342705
2026-03-30,M2_DistPred_Minusformer,73.4530258178711,75.79883401074815,71.66938376227623,79.80953168246843
2026-03-31,M2_DistPred_Minusformer,71.91239929199219,75.8417920224875,70.96755159378243,80.23206614511341
2026-04-01,M2_DistPred_Minusformer,74.99364471435547,74.34281024735807,69.3836287414377,78.7280876321526
2026-04-02,M2_DistPred_Minusformer,73.50271606445312,74.66403797030654,70.31125667691427,78.88001594703567
2026-04-07,M2_DistPred_Minusformer,74.84455871582031,74.52167190086006,70.67378691870731,78.39286658154906
2026-04-08,M2_DistPred_Minusformer,78.72096252441406,74.80067243112298,70.83274848502096,78.35231332529416
2026-04-09,M2_DistPred_Minusformer,78.67127227783203,75.26020296354697,68.1587025081811,81.4927595134166
2026-04-10,M2_DistPred_Minusformer,80.2615966796875,77.63647657371718,70.88611436414661,83.34422465910188
2026-04-13,M2_DistPred_Minusformer,80.11249542236328,78.58689138202273,71.63031094028733,84.48034085475649
2026-04-14,M2_DistPred_Minusformer,82.59738159179688,79.05479791143198,71.99502175695214,84.98352159561257
2026-04-15,M2_DistPred_Minusformer,83.64102935791016,80.77776513331234,70.51067850810469,89.2787104032118
2026-04-16,M2_DistPred_Minusformer,84.48588562011719,79.85611209347944,69.88142584500744,88.55534155934916
2026-04-17,M2_DistPred_Minusformer,83.64102935791016,82.88315817578639,73.9602940839052,90.35749969895939
2026-04-20,M2_DistPred_Minusformer,84.03861236572266,83.14099480411554,74.68769909028161,90.27104063416779
2026-04-21,M2_DistPred_Minusformer,85.4798355102539,82.11609890515442,75.45821704798085,88.31827779066536
2026-04-22,M2_DistPred_Minusformer,85.82772064208984,82.62391393656671,77.14622187472526,87.78909796480102
2026-04-23,M2_DistPred_Minusformer,85.82772064208984,83.29317157772248,78.22609914573654,88.20776222117867
2026-04-24,M2_DistPred_Minusformer,89.40594482421875,85.29040287727142,82.67236214547685,87.72676419189871
2026-04-27,M2_DistPred_Minusformer,92.4375,87.6666711259239,81.2641134388665,93.39538725190025
2026-04-28,M2_DistPred_Minusformer,91.44355010986328,89.65280847104502,83.68696342598479,94.67001232168647
2026-04-29,M2_DistPred_Minusformer,90.20111083984375,87.78746058829668,83.42803704552952,92.20177194817792
2026-04-30,M2_DistPred_Minusformer,89.95262145996094,90.23610195966806,87.43730133346529,92.90866785042928
2026-05-04,M2_DistPred_Minusformer,94.02782440185547,90.4695237589993,87.60254989190395,93.20548199113856
2026-05-05,M2_DistPred_Minusformer,94.02782440185547,90.16920564476482,84.90806888164077,95.22554329995032
2026-05-06,M2_DistPred_Minusformer,95.17086791992188,91.1078833144726,87.07676720277962,95.01049856535892
2026-05-07,M2_DistPred_Minusformer,97.10906982421875,92.11863769629268,87.97585938180535,96.34363792220861
2026-05-08,M2_DistPred_Minusformer,96.4133071899414,93.82792457750166,88.2933606079837,99.18035244398932
2026-05-11,M2_DistPred_Minusformer,96.31391143798828,95.13979292099512,91.01379762467421,99.04500346814369
2026-05-12,M2_DistPred_Minusformer,96.26421356201172,95.91732994197875,91.06818529931849,100.79915214972344
2026-05-13,M2_DistPred_Minusformer,94.92237854003906,97.82896718618615,93.37994530752475,102.00622263330293
2026-05-14,M2_DistPred_Minusformer,95.46905517578125,97.25033077724392,92.2201982411861,102.12182109189729
2026-05-15,M2_DistPred_Minusformer,94.82298278808594,98.29594806050245,93.65741866526923,102.37963587748942
2026-05-18,M2_DistPred_Minusformer,94.32601165771484,98.29677649431376,93.40959745507938,102.48372379314577
2026-05-19,M2_DistPred_Minusformer,92.53689575195312,98.37346242904385,91.83844039354709,103.79628879294218
2026-05-20,M2_DistPred_Minusformer,91.94052124023438,98.25906614353582,88.2211195940361,106.81606260597665
2026-05-21,M2_DistPred_Minusformer,95.270263671875,96.57369379268407,88.83469433762032,103.48437897142334
2026-05-22,M2_DistPred_Minusformer,96.71149444580078,96.03207301865875,90.88867340800431,100.9504656288668
2026-05-25,M2_DistPred_Minusformer,100.19032287597656,97.51695769781935,94.51484453932916,100.46089740050147
2026-05-26,M2_DistPred_Minusformer,99.49455261230469,100.01326039754507,95.22620965361142,104.18814186870615
2026-05-27,M2_DistPred_Minusformer,101.92974090576172,98.75543260545554,93.08748908472604,104.10891311764652
2026-05-28,M2_DistPred_Minusformer,99.89213562011719,100.02377030455024,93.00452130404348,106.35713281122746
2026-05-29,M2_DistPred_Minusformer,104.76250457763672,100.56179141167122,94.71311567722972,105.94109833264295
2026-06-01,M2_DistPred_Minusformer,104.86189270019531,101.59518440736825,93.1545269626244,108.98674727582792
2026-06-02,M2_DistPred_Minusformer,105.06068420410156,102.66287284729798,95.17085628716859,109.61000003971037
2026-06-03,M2_DistPred_Minusformer,106.9491958618164,104.24336021114574,94.77319446327536,112.56172185561594
2026-06-04,M2_DistPred_Minusformer,105.45826721191406,105.27004410152121,95.79796310349793,113.62954227613761
2026-06-05,M2_DistPred_Minusformer,103.52006530761719,105.94204908730806,98.95958310103329,112.10994666211819
2026-06-08,M2_DistPred_Minusformer,100.33941650390625,105.96270375562864,100.66034218228333,111.13840115015644
2026-06-09,M2_DistPred_Minusformer,102.87399291992188,105.85365683813761,100.0825346869924,111.449572278285
2026-06-10,M2_DistPred_Minusformer,99.64364624023438,105.1231426003672,101.81738443061508,108.34932277940652
2026-06-11,M2_DistPred_Minusformer,99.2460708618164,105.1944333861936,98.46790436753473,111.24990580203524
2026-06-12,M2_DistPred_Minusformer,101.33336639404297,104.44109419706437,97.4700438386654,110.71664148155087
2026-06-15,M2_DistPred_Minusformer,104.61341094970703,103.4392006425825,98.91734177363075,107.69277780443527
2026-06-16,M2_DistPred_Minusformer,105.25947570800781,103.20982051397984,98.48013883589803,108.02413399590152
2026-06-17,M2_DistPred_Minusformer,105.35887145996094,105.05689902992167,101.59340604067367,108.45710932718194
2026-06-18,M2_DistPred_Minusformer,106.65100860595703,104.51423089638868,98.56244573413467,110.31869060456312
2026-06-22,M2_DistPred_Minusformer,110.47772216796875,104.37375359864467,98.45742420032485,109.90460688731297
2026-06-23,M2_DistPred_Minusformer,109.43407440185547,109.06881133178233,101.13463711418933,115.83467976352532
2026-06-24,M2_DistPred_Minusformer,106.50191497802734,109.06102159210467,103.53848087093361,113.88140830397262
2026-06-25,M2_DistPred_Minusformer,106.5516128540039,107.81449991598464,102.11127356012345,113.27654027900735
2026-06-26,M2_DistPred_Minusformer,102.47640991210938,107.71313175978092,101.21450170379421,113.94819055731725
2026-06-29,M2_DistPred_Minusformer,103.81824493408203,108.31230261713277,100.69195786021353,115.08512870300478
2026-06-30,M2_DistPred_Minusformer,107.14798736572266,107.50140436443996,99.20744155278031,115.14374448845717
2026-07-01,M2_DistPred_Minusformer,108.68860626220703,107.81152989339648,101.82088719698054,112.94830170876197
2026-07-02,M2_DistPred_Minusformer,108.14193725585938,107.78416275999966,99.64808418070474,115.30830504404663
2026-07-03,M2_DistPred_Minusformer,107.69465637207031,108.91884278045147,104.38802297284076,113.12059849726549
2026-07-06,M2_DistPred_Minusformer,107.59526062011719,108.92724236852675,105.12284991444038,112.64497713231142
2026-07-07,M2_DistPred_Minusformer,105.55765533447266,108.50149672307197,103.4114240346031,113.61085303940587
2026-07-08,M2_DistPred_Minusformer,105.4085693359375,109.08338923647679,101.48554066132915,115.8483310108696
2026-07-09,M2_DistPred_Minusformer,105.16008758544922,107.72057983823771,102.88402328630458,112.2604416567756
2026-07-10,M2_DistPred_Minusformer,105.16008758544922,107.50851421438793,102.7758156327325,112.35151799444193
2026-07-13,M2_DistPred_Minusformer,105.35887145996094,107.21807530451453,102.23765195996116,112.21776180324042
2026-07-14,M2_DistPred_Minusformer,103.76854705810547,106.94010142310272,101.48950184151016,112.19693578097784
2026-07-15,M2_DistPred_Minusformer,105.65705871582031,106.60428930764402,101.26836152726891,111.7524818224624
2026-07-16,M2_DistPred_Minusformer,105.75645446777344,106.13180092585759,100.48985868644702,111.56902681168135
2026-07-17,M2_DistPred_Minusformer,99.54425811767578,106.17626144919734,102.20776318533031,109.89418749470576
2026-07-20,M2_DistPred_Minusformer,98.5999984741211,105.38794390714206,98.11325300809216,112.1201443547099
2026-07-21,M2_DistPred_Minusformer,102.5,102.93887438632315,94.08954569902035,110.38101801887159
2026-07-22,M2_DistPred_Minusformer,103.8499984741211,103.06559459437956,98.60537547326538,107.26022863158825
2026-07-23,M2_DistPred_Minusformer,103.9000015258789,103.3177339439757,97.32023089740395,108.99003770514494
2026-07-24,M2_DistPred_Minusformer,101.69999694824219,102.86648949622948,97.13522559253168,108.14610825147565
2026-07-27,M2_DistPred_Minusformer,101.44999694824219,102.90106073460963,99.73948684630723,106.00771043245963
2026-07-28,M2_DistPred_Minusformer,97.1500015258789,103.21578536332512,97.57254817776199,107.97455613514191
2026-07-29,M2_DistPred_Minusformer,93.69999694824219,103.36172938702832,94.62087274239148,111.11175274525878
2026-07-30,M2_DistPred_Minusformer,93.5,98.54231440369522,91.28097478968981,104.90054692609205
2026-07-31,M2_DistPred_Minusformer,102.8499984741211,96.77563447079977,91.3952998631814,101.6501929935469
2025-01-02,M3_Quantile_ANN,46.571590423583984,47.26068089498444,43.62991634466412,51.10019523320944
2025-01-03,M3_Quantile_ANN,47.039588928222656,46.74982818597236,43.568725993959475,50.086410714798006
2025-01-06,M3_Quantile_ANN,48.51557540893555,47.19835598856679,43.9068606215921,50.652753619471916
2025-01-07,M3_Quantile_ANN,49.05556869506836,48.54795202395521,46.12089025969422,51.02879492409542
2025-01-08,M3_Quantile_ANN,48.323577880859375,49.0444709100973,46.6345344058328,51.50871883540821
2025-01-09,M3_Quantile_ANN,47.77157974243164,48.413760025969154,44.3388404542411,52.77109936559327
2025-01-10,M3_Quantile_ANN,47.75958251953125,47.843023822894665,43.19774005768949,52.893633752414715
2025-01-13,M3_Quantile_ANN,46.65559005737305,47.84625306608891,42.829281813402226,53.34734016739141
2025-01-14,M3_Quantile_ANN,46.94358825683594,46.80783187039742,43.237042051235356,50.599364144067486
2025-01-15,M3_Quantile_ANN,46.58359146118164,47.08516842778409,43.517060405916624,50.86481060591844
2025-01-16,M3_Quantile_ANN,47.531585693359375,46.77544731759103,43.0510775060277,50.73857663810802
2025-01-17,M3_Quantile_ANN,47.762733459472656,47.47617762065426,44.232866268971875,50.87931414910825
2025-01-20,M3_Quantile_ANN,48.24936294555664,47.66641222585626,43.337034500347805,52.33786815555595
2025-01-21,M3_Quantile_ANN,48.34668731689453,48.313108758435256,43.017367603718185,54.143640429790885
2025-01-22,M3_Quantile_ANN,48.97930908203125,48.43679130313535,43.97244044434328,53.23760110886733
2025-02-03,M3_Quantile_ANN,46.88679885864258,49.02654694560981,45.86348472298757,52.30869283046936
2025-02-04,M3_Quantile_ANN,47.16661071777344,47.215549458258955,44.86894774066592,49.62979087810493
2025-02-05,M3_Quantile_ANN,47.88439178466797,47.32668326859526,44.889765853820556,49.83493584316938
2025-02-06,M3_Quantile_ANN,48.09120178222656,47.83256649276127,44.850533442520906,50.93487437069981
2025-02-07,M3_Quantile_ANN,48.31018829345703,48.23855419561422,45.81494125247839,50.72182860639787
2025-02-10,M3_Quantile_ANN,47.762733459472656,48.407004243375205,44.88432321430683,52.11813065755284
2025-02-11,M3_Quantile_ANN,48.054710388183594,47.85068983178129,43.99335012226716,51.96082297809208
2025-02-12,M3_Quantile_ANN,47.981712341308594,48.10563926842246,45.114972260750946,51.21612362959558
2025-02-13,M3_Quantile_ANN,47.774898529052734,48.16557828344516,44.48387615522565,52.058325108125715
2025-02-14,M3_Quantile_ANN,47.20310592651367,48.053970522593644,44.73057626670915,51.538543565997685
2025-02-17,M3_Quantile_ANN,47.9208869934082,47.37162687008608,44.91421648300657,49.90265515967338
2025-02-18,M3_Quantile_ANN,48.09120178222656,47.95449366437883,45.77906372429728,50.173442158404974
2025-02-19,M3_Quantile_ANN,48.00605010986328,47.98563577615521,45.517326565218674,50.52634108423633
2025-02-20,M3_Quantile_ANN,47.82356262207031,47.93763042386827,43.8162712740334,52.36114677355418
2025-02-21,M3_Quantile_ANN,48.16419982910156,47.8889371674098,43.210154214488774,52.97078287320717
2025-02-24,M3_Quantile_ANN,47.738399505615234,48.30284187464917,44.682428877823064,52.11472903056024
2025-02-25,M3_Quantile_ANN,47.11794662475586,47.86410483928802,44.66096493093816,51.21397402389315
2025-02-26,M3_Quantile_ANN,47.37342834472656,47.26715655756003,43.9567474679435,50.753344679101176
2025-02-27,M3_Quantile_ANN,46.838134765625,47.42036600962445,42.846090479943264,52.387054849347955
2025-03-03,M3_Quantile_ANN,45.7553825378418,47.03315332455496,43.38380681920093,50.909360641977614
2025-03-04,M3_Quantile_ANN,45.45124053955078,45.761101225266856,42.61599089916019,49.07036101162784
2025-03-05,M3_Quantile_ANN,46.04736328125,45.49333548077665,42.58378872130625,48.536207281808274
2025-03-06,M3_Quantile_ANN,45.767547607421875,46.042405674828935,42.42163592974524,49.89522152090695
2025-03-07,M3_Quantile_ANN,45.34174728393555,45.847853242676486,41.95255082789596,50.027183131001735
2025-03-10,M3_Quantile_ANN,45.074100494384766,45.61202761357652,40.61453593330327,51.13455642752572
2025-03-11,M3_Quantile_ANN,44.283329010009766,45.35503352548742,41.37764291750959,49.62885755867509
2025-03-12,M3_Quantile_ANN,44.47798156738281,44.39945607460107,41.30467438360049,47.662968630016174
2025-03-13,M3_Quantile_ANN,44.06434631347656,44.34535880765801,42.04483114540111,46.71962987738654
2025-03-14,M3_Quantile_ANN,43.91835403442383,44.14413941554442,40.22538856150548,48.37351142172052
2025-03-17,M3_Quantile_ANN,44.29549789428711,43.977930743624285,39.300222620331574,49.121455826669106
2025-03-18,M3_Quantile_ANN,44.47798156738281,44.27208742532381,39.872372023146724,49.05719135157775
2025-03-19,M3_Quantile_ANN,43.93052291870117,44.58928029251421,40.44810573610868,49.05392025574101
2025-03-20,M3_Quantile_ANN,44.87944793701172,43.905218987686716,38.85190184372762,49.51932560853235
2025-03-21,M3_Quantile_ANN,44.51447296142578,44.87812574952765,41.73630821315932,48.164261314855956
2025-03-24,M3_Quantile_ANN,44.46581268310547,44.75921885626916,41.89756467911172,47.7308239030864
2025-03-25,M3_Quantile_ANN,44.92810821533203,44.63067307619223,41.66558314306675,47.72180057667722
2025-03-26,M3_Quantile_ANN,44.8916130065918,44.91285372421989,42.199824847649545,47.71841037571822
2025-03-27,M3_Quantile_ANN,44.04001235961914,45.02247981605789,41.57626032572357,48.654417213098355
2025-03-28,M3_Quantile_ANN,43.602046966552734,44.01002706982867,40.271283964227116,48.00963856448226
2025-03-31,M3_Quantile_ANN,42.03266143798828,43.57552974218123,39.77120368378535,47.66281347276058
2025-04-01,M3_Quantile_ANN,42.89643096923828,42.06025867441172,39.66664202935531,44.54266014186829
2025-04-02,M3_Quantile_ANN,42.82343673706055,42.82446267689419,40.112810767207385,45.65036605772276
2025-04-07,M3_Quantile_ANN,38.54109573364258,42.782792998470505,39.935671140948486,45.76083186412452
2025-04-08,M3_Quantile_ANN,37.288021087646484,39.033333177904616,38.58851860478612,39.47382452533443
2025-04-09,M3_Quantile_ANN,35.57265090942383,37.41594728724866,37.155924218425994,37.674624476505166
2025-04-10,M3_Quantile_ANN,39.12504959106445,35.77145211923029,35.55580568556079,35.98699367831394
2025-04-11,M3_Quantile_ANN,40.03748321533203,38.64358738428574,38.38148044897147,38.904382763281326
2025-04-14,M3_Quantile_ANN,39.83066177368164,40.06559524119217,39.79089059728265,40.33851093846601
2025-04-15,M3_Quantile_ANN,40.23213577270508,40.06588069985078,39.77511843799971,40.35417536989854
2025-04-16,M3_Quantile_ANN,39.50218963623047,40.13980442660089,39.88243116868196,40.39606319929006
2025-04-17,M3_Quantile_ANN,39.0642204284668,38.993836629461526,38.749627364264654,39.23751607114083
2025-04-18,M3_Quantile_ANN,39.14937973022461,38.62383613797772,38.36723606955244,38.8792552921815
2025-04-21,M3_Quantile_ANN,38.589759826660156,39.07735318389854,38.83661251337208,39.317442162638756
2025-04-22,M3_Quantile_ANN,37.944969177246094,38.62610339129687,38.38650489677517,38.86504686673325
2025-04-23,M3_Quantile_ANN,39.62384796142578,38.0452323628808,37.81646223313466,38.27382014881684
2025-04-24,M3_Quantile_ANN,39.392696380615234,39.504616765313735,39.271105733202276,39.73811376606979
2025-04-25,M3_Quantile_ANN,40.32946014404297,39.3483131205275,39.095923646911494,39.59987365927971
2025-04-28,M3_Quantile_ANN,40.67009735107422,40.3905253095816,40.14731639771208,40.63349906839639
2025-04-29,M3_Quantile_ANN,40.82825469970703,40.92414857959529,40.69099623437375,41.15775790465118
2025-04-30,M3_Quantile_ANN,41.02290725708008,41.024740684544064,40.789709643301805,41.26013364116557
2025-05-02,M3_Quantile_ANN,42.21514892578125,40.965974404300475,40.73317113191738,41.19924228442947
2025-05-05,M3_Quantile_ANN,41.838008880615234,42.21980434947335,41.980117371117,42.45997862295933
2025-05-06,M3_Quantile_ANN,41.60686111450195,42.01949559265531,41.77898568679516,42.26040490265321
2025-05-07,M3_Quantile_ANN,41.44871139526367,41.90511478703235,41.66659393773941,42.144117686861115
2025-05-08,M3_Quantile_ANN,41.99616622924805,41.511628691739496,41.26148455454759,41.7614467303192
2025-05-09,M3_Quantile_ANN,42.519290924072266,41.69220352604673,41.441305029581216,41.942858822815325
2025-05-12,M3_Quantile_ANN,42.99375915527344,42.33015408238421,42.074461649253166,42.58533128616789
2025-05-13,M3_Quantile_ANN,43.516883850097656,43.406095365184285,43.16011401779399,43.65255396963408
2025-05-14,M3_Quantile_ANN,44.5023078918457,44.068768098233356,43.82472773114049,44.31375784793929
2025-05-15,M3_Quantile_ANN,44.40498352050781,44.876264899885335,44.62921248907695,45.124432589082296
2025-05-16,M3_Quantile_ANN,44.526641845703125,44.265059555414524,44.01517538902843,44.51565226538972
2025-05-19,M3_Quantile_ANN,43.90618896484375,44.53966786798282,44.286757422690584,44.793174675088515
2025-05-20,M3_Quantile_ANN,43.99135208129883,44.351690053386,44.089669678149676,44.61370304710788
2025-05-21,M3_Quantile_ANN,44.67263412475586,44.04899374947606,43.789447090854985,44.30859005785567
2025-05-22,M3_Quantile_ANN,44.186004638671875,45.09380749570382,44.8038227407557,45.38242917613644
2025-05-23,M3_Quantile_ANN,44.003517150878906,44.448973831042494,43.07089348666212,45.82970689096498
2025-05-26,M3_Quantile_ANN,43.95485305786133,44.226017259058814,42.678733927080515,45.78657356515399
2025-05-27,M3_Quantile_ANN,43.565547943115234,44.29462742269288,43.0918458394699,45.49637255698198
2025-05-28,M3_Quantile_ANN,43.63854217529297,43.99739413531768,42.84653871485019,45.14753644729858
2025-05-29,M3_Quantile_ANN,43.73586654663086,43.87926025398081,42.775356202970016,44.98211346806106
2025-06-02,M3_Quantile_ANN,42.799102783203125,44.041650739318925,43.001237543406646,45.07902457598655
2025-06-03,M3_Quantile_ANN,43.103248596191406,43.37490883232854,42.17728625495972,44.576291384483206
2025-06-04,M3_Quantile_ANN,44.11301040649414,43.12886725833148,42.0946092777881,44.161934277733124
2025-06-05,M3_Quantile_ANN,44.19816589355469,44.23063556035556,42.44340646783128,46.046062455072274
2025-06-06,M3_Quantile_ANN,44.27116394042969,44.42775646648679,41.305216202725546,47.71586356539624
2025-06-09,M3_Quantile_ANN,44.69696044921875,44.47292515087345,41.33272662174441,47.77817642265154
2025-06-10,M3_Quantile_ANN,45.901371002197266,44.988543955187126,42.23052160837954,47.85072614293947
2025-06-11,M3_Quantile_ANN,45.901371002197266,46.18715685724054,44.55526558891465,47.822210751855366
2025-06-12,M3_Quantile_ANN,45.901371002197266,46.3059698978362,44.83613881185641,47.77329304830944
2025-06-13,M3_Quantile_ANN,45.901371002197266,46.24362994560792,44.293253844171744,48.21944099013923
2025-06-16,M3_Quantile_ANN,45.901371002197266,46.36197530360926,44.45234425249891,48.29635766689655
2025-06-17,M3_Quantile_ANN,45.901371002197266,46.2090798713765,44.21431680285091,48.23725084132813
2025-06-18,M3_Quantile_ANN,46.2979736328125,46.07547118004977,43.86241003942668,48.33931959108702
2025-06-19,M3_Quantile_ANN,45.84054183959961,46.4609115629466,43.537484845909745,49.504793861338655
2025-06-20,M3_Quantile_ANN,45.77241134643555,46.10945978025085,43.310449227552716,49.02338406249158
2025-06-23,M3_Quantile_ANN,45.392845153808594,46.12501331342991,43.34491453128108,49.01536278987536
2025-06-24,M3_Quantile_ANN,46.22011184692383,45.75556788511863,43.69567430328675,47.86002425917147
2025-06-25,M3_Quantile_ANN,46.891666412353516,46.36617653217858,43.71764618997591,49.10677219677446
2025-06-26,M3_Quantile_ANN,46.9500617980957,46.89808113039904,43.86517171154284,50.06187295554673
2025-06-27,M3_Quantile_ANN,46.99872589111328,47.12751758023894,43.50469787811073,50.95919790446875
2025-06-30,M3_Quantile_ANN,47.06685256958008,47.16782126722918,43.02507197336711,51.60690342654524
2025-07-01,M3_Quantile_ANN,47.33936309814453,47.06511288809085,42.5054698562977,52.01245150742235
2025-07-02,M3_Quantile_ANN,47.349098205566406,47.35585447331565,42.97699180536597,52.074112825377
2025-07-03,M3_Quantile_ANN,48.001182556152344,47.38486510291168,42.33254801060749,52.92430265690086
2025-07-04,M3_Quantile_ANN,47.55348205566406,48.11927753026789,43.59950298437968,52.978339135462726
2025-07-07,M3_Quantile_ANN,47.27123260498047,47.7969260699405,44.10144166747739,51.703808800275695
2025-07-08,M3_Quantile_ANN,47.0571174621582,47.560538856236136,43.8744620410315,51.46575929215743
2025-07-09,M3_Quantile_ANN,47.54374694824219,47.18993335745922,43.34388874419908,51.29526910910002
2025-07-10,M3_Quantile_ANN,48.08877182006836,47.872613515718626,43.71837716109923,52.323643638400014
2025-07-11,M3_Quantile_ANN,48.29315948486328,48.46147344011119,44.95544391429526,52.146148447917184
2025-07-14,M3_Quantile_ANN,48.01091384887695,48.48633885013041,45.18227970501603,51.94786654055045
2025-07-15,M3_Quantile_ANN,48.66299819946289,48.133204846977755,41.82459832462479,55.285136138960816
2025-07-16,M3_Quantile_ANN,49.052303314208984,48.733388725059505,40.744056466197826,58.14213125997535
2025-07-17,M3_Quantile_ANN,49.34428024291992,49.2285342679905,41.01913169667649,58.91446390979971
2025-07-18,M3_Quantile_ANN,50.074222564697266,49.53588065219508,42.151114110902476,58.048094596216366
2025-07-21,M3_Quantile_ANN,49.888004302978516,50.20062757399789,43.943685021562324,57.18706781064625
2025-07-22,M3_Quantile_ANN,49.54496383666992,50.03022896023199,43.476443968304736,57.42551480632322
2025-07-23,M3_Quantile_ANN,49.69198226928711,49.67788470643678,41.9093254606205,58.74890364647853
2025-07-24,M3_Quantile_ANN,49.98601531982422,49.87128453291705,40.82112552894377,60.763206494688035
2025-07-25,M3_Quantile_ANN,49.888004302978516,50.17183438967558,41.36314837214855,60.68335996847649
2025-07-28,M3_Quantile_ANN,50.03501892089844,50.12599089823727,42.077345973359826,59.557634373602525
2025-07-29,M3_Quantile_ANN,49.44694900512695,50.191646299299556,42.30620628178314,59.40575743449413
2025-07-30,M3_Quantile_ANN,49.98601531982422,49.73873661201741,42.241668367121335,58.445955705343515
2025-07-31,M3_Quantile_ANN,50.52507781982422,50.203003219465494,41.46652361907998,60.63507559945657
2025-08-01,M3_Quantile_ANN,50.08402633666992,50.6331644540907,42.25595745191489,60.513273391762944
2025-08-04,M3_Quantile_ANN,49.78998947143555,50.28215640286477,41.78423956185231,60.375857128001705
2025-08-05,M3_Quantile_ANN,50.42707061767578,49.96088323216636,42.02769276034205,59.26514376845154
2025-08-06,M3_Quantile_ANN,49.98601531982422,50.55482944628497,41.04724756031776,62.12035681837207
2025-08-07,M3_Quantile_ANN,51.40718460083008,50.21105830143408,40.76810239948452,61.71019651268479
2025-08-08,M3_Quantile_ANN,51.40718460083008,51.41555099831217,42.72960313415856,61.67954551196149
2025-08-11,M3_Quantile_ANN,51.799232482910156,51.60358005836585,43.25686433536433,61.37682518515204
2025-08-12,M3_Quantile_ANN,51.848243713378906,51.97768438977363,45.405221668629714,59.34248649967954
2025-08-13,M3_Quantile_ANN,52.28929138183594,51.93261589731532,45.37157233665305,59.3023052548846
2025-08-14,M3_Quantile_ANN,52.09326934814453,52.44703898276432,44.500324141010374,61.643665643326145
2025-08-15,M3_Quantile_ANN,52.09326934814453,52.355006505102715,44.39962057038731,61.57027157223476
2025-08-18,M3_Quantile_ANN,52.24028396606445,52.48667323172522,45.870524195180685,59.906392897801226
2025-08-19,M3_Quantile_ANN,52.142276763916016,52.37766465504634,45.220702769772366,60.52307287825521
2025-08-20,M3_Quantile_ANN,50.672096252441406,52.38279529552428,44.649037746092155,61.31066927888037
2025-08-21,M3_Quantile_ANN,50.96613311767578,50.93311815140504,45.873945805561554,56.45135007610787
2025-08-22,M3_Quantile_ANN,50.72110366821289,51.20986576145729,44.84471871720182,58.36334564024456
2025-08-25,M3_Quantile_ANN,51.652217864990234,50.946011012922206,46.12131282235898,56.1796480198654
2025-08-26,M3_Quantile_ANN,51.70122146606445,51.83770822620313,46.365145147115065,57.83786226906556
2025-08-27,M3_Quantile_ANN,51.946250915527344,51.868467147215085,45.60829544389642,58.871239899687566
2025-08-28,M3_Quantile_ANN,51.45619201660156,52.126671794042146,45.58212307823099,59.486403222111456
2025-08-29,M3_Quantile_ANN,51.45619201660156,51.672838901888305,45.58814477279354,58.46588190766063
2025-09-01,M3_Quantile_ANN,50.96613311767578,51.49257825421458,44.518199202307684,59.445752227133596
2025-09-02,M3_Quantile_ANN,50.96613311767578,51.00297593074294,44.63178511755061,58.17586724987634
2025-09-03,M3_Quantile_ANN,50.91712951660156,51.003792862191254,44.488965606826675,58.35499829166404
2025-09-04,M3_Quantile_ANN,51.26016616821289,51.02266480460261,45.05749487947379,57.66238297389219
2025-09-05,M3_Quantile_ANN,51.799232482910156,51.44895193644585,45.681537153721045,57.81654713718193
2025-09-08,M3_Quantile_ANN,52.28929138183594,51.89749898015812,46.326113950063714,58.014442006318575
2025-09-09,M3_Quantile_ANN,52.8283576965332,52.36989232130161,47.75057937984624,57.324155586367645
2025-09-10,M3_Quantile_ANN,53.857479095458984,53.06758958545832,48.613180828935235,57.81220215770125
2025-09-11,M3_Quantile_ANN,54.347537994384766,53.959881090368036,51.14849680078698,56.83585466062583
2025-09-12,M3_Quantile_ANN,54.88660430908203,54.484300880755,52.20270444287493,56.78896113147262
2025-09-15,M3_Quantile_ANN,54.88660430908203,55.08925454269877,52.7860207367751,57.413157619262876
2025-09-16,M3_Quantile_ANN,55.6216926574707,55.30788029181905,52.939361819848095,57.70100437254837
2025-09-17,M3_Quantile_ANN,55.22964096069336,55.8931283705519,53.367052126065126,58.45204371691807
2025-09-18,M3_Quantile_ANN,55.817718505859375,55.62720030224231,52.22063748859597,59.14999431813784
2025-09-19,M3_Quantile_ANN,55.866722106933594,56.14465135797186,52.76503832761465,59.63306194681482
2025-09-22,M3_Quantile_ANN,56.25877380371094,56.11052591383327,52.519452397251776,59.840149841414686
2025-09-23,M3_Quantile_ANN,57.28789520263672,56.52803934206927,53.02840087286554,60.148353173145125
2025-09-24,M3_Quantile_ANN,57.238887786865234,57.58917625348631,55.22459059268182,59.96926555951206
2025-09-25,M3_Quantile_ANN,57.04286575317383,57.487046474807016,54.51766966822516,60.52455844263077
2025-09-26,M3_Quantile_ANN,56.111751556396484,57.23896941298446,54.33120804113524,60.221184134352555
2025-09-30,M3_Quantile_ANN,56.650814056396484,56.339543290059744,53.54911437746222,59.20996328172407
2025-10-01,M3_Quantile_ANN,56.94485092163086,56.76798382404874,53.737047655814905,59.893783895069525
2025-10-02,M3_Quantile_ANN,58.02298355102539,57.26537175714567,54.296926754465986,60.3153508518094
2025-10-03,M3_Quantile_ANN,58.856082916259766,58.13901583142552,54.6074313355634,61.796616184295836
2025-10-07,M3_Quantile_ANN,60.4732780456543,58.95836644234142,55.50720798651445,62.51800640461255
2025-10-08,M3_Quantile_ANN,59.9342155456543,59.08957152558757,55.95047958628289,62.318891693775555
2025-10-09,M3_Quantile_ANN,60.37526321411133,60.128578359104445,57.096204119029224,63.22722410314449
2025-10-13,M3_Quantile_ANN,59.78719711303711,59.811705463175095,55.89498778681745,63.89947661728215
2025-10-14,M3_Quantile_ANN,59.49315643310547,60.20464849287164,57.53854873742891,62.915518455753
2025-10-15,M3_Quantile_ANN,60.571285247802734,60.02492588198176,57.57226557778619,62.51078858125565
2025-10-16,M3_Quantile_ANN,61.747432708740234,61.092183419039635,58.732465493181515,63.47291844993957
2025-10-17,M3_Quantile_ANN,60.81631851196289,62.33371078985986,59.75281832612655,64.94526801499114
2025-10-20,M3_Quantile_ANN,61.84543991088867,61.075944376390325,56.81963087729801,65.5590373525618
2025-10-21,M3_Quantile_ANN,61.943450927734375,62.101280366734144,56.164629556342824,68.53658799701974
2025-10-22,M3_Quantile_ANN,61.45339584350586,62.224630255870885,55.70373017785561,69.37056928869356
2025-10-23,M3_Quantile_ANN,61.1103515625,61.19914680307606,52.932567012540844,70.61749010744036
2025-10-27,M3_Quantile_ANN,62.531524658203125,61.39331178709423,55.538088048834666,67.75232725753541
2025-10-28,M3_Quantile_ANN,62.09046936035156,63.062638348215835,57.31237908920717,69.24829262811653
2025-10-29,M3_Quantile_ANN,63.11959457397461,62.17071075955774,55.38105188114087,69.66874077088258
2025-10-30,M3_Quantile_ANN,63.11959457397461,62.63779557887762,56.483674233963235,69.33612127987212
2025-10-31,M3_Quantile_ANN,63.46263885498047,63.587578055439806,55.45390441690509,72.76844371716459
2025-11-03,M3_Quantile_ANN,62.87456512451172,63.08713120000725,54.573068362955134,72.7820394090794
2025-11-04,M3_Quantile_ANN,62.67854309082031,62.96160864574997,55.09713982761637,71.81392520836357
2025-11-05,M3_Quantile_ANN,61.89445114135742,63.17064792359511,55.57668056260883,71.65849205030891
2025-11-06,M3_Quantile_ANN,62.041465759277344,62.24807607332142,58.029714477918006,66.67555218893932
2025-11-07,M3_Quantile_ANN,61.30637741088867,62.39064818063667,57.47831993997115,67.6238760800244
2025-11-10,M3_Quantile_ANN,62.09046936035156,61.731162481214795,58.652648717110274,64.89754892122814
2025-11-11,M3_Quantile_ANN,61.649417877197266,62.42397182463838,57.82167564287754,67.30272293743226
2025-11-12,M3_Quantile_ANN,61.943450927734375,61.877389588955275,57.70375875673554,66.26753096043137
2025-11-13,M3_Quantile_ANN,61.649417877197266,62.39642142741753,56.37958441943607,68.94804296932286
2025-11-14,M3_Quantile_ANN,60.4732780456543,62.14035226387606,57.290756424582604,67.30254965226939
2025-11-17,M3_Quantile_ANN,60.66930389404297,60.99835146792447,56.6652656040113,65.57433229101846
2025-11-18,M3_Quantile_ANN,59.248130798339844,60.96325414051611,57.494792296890395,64.56188680036215
2025-11-19,M3_Quantile_ANN,58.856082916259766,59.69397824777358,57.20201578441391,62.23505486104029
2025-11-20,M3_Quantile_ANN,60.66930389404297,58.91377756574529,56.90967368862482,60.939833170626166
2025-11-21,M3_Quantile_ANN,58.660057067871094,60.72189922609029,57.25001582103251,64.32099335650746
2025-11-24,M3_Quantile_ANN,58.366024017333984,59.27476303750691,56.08076446582705,62.58031583764468
2025-11-25,M3_Quantile_ANN,59.150115966796875,58.55706168530571,55.41980216586439,61.79970829652384
2025-11-26,M3_Quantile_ANN,60.13023376464844,59.397036973993345,56.37566416838766,62.50660620961829
2025-11-27,M3_Quantile_ANN,60.66930389404297,60.574972495265015,57.865714697411526,63.32758635801734
2025-11-28,M3_Quantile_ANN,61.1103515625,61.14238729870963,59.060226980652885,63.229812570786514
2025-12-01,M3_Quantile_ANN,60.277252197265625,61.45313930897247,59.31424836548097,63.59961656098074
2025-12-02,M3_Quantile_ANN,60.4732780456543,60.67358074334986,57.84726456848783,63.55741407646778
2025-12-03,M3_Quantile_ANN,61.061344146728516,60.53297166261675,57.69070063669099,63.43635622845975
2025-12-04,M3_Quantile_ANN,60.96333694458008,61.28114786196298,58.43921142831659,64.16987871237392
2025-12-05,M3_Quantile_ANN,61.50239944458008,61.214239618194306,56.95877678003337,65.66517405529676
2025-12-08,M3_Quantile_ANN,62.43351364135742,61.86092003548845,58.763139620346124,65.0197746479064
2025-12-09,M3_Quantile_ANN,62.33549880981445,62.724057194285685,60.79463181191649,64.6455396480805
2025-12-10,M3_Quantile_ANN,62.77655792236328,62.54273623931946,59.91445084822794,65.19847276605675
2025-12-11,M3_Quantile_ANN,62.09046936035156,62.937984823343385,59.83269755854091,66.10145381719215
2025-12-12,M3_Quantile_ANN,62.18848419189453,62.221928295446816,58.478682185065566,66.09560983928947
2025-12-15,M3_Quantile_ANN,61.55140686035156,62.356161618558744,58.83728655507479,65.98361149928853
2025-12-16,M3_Quantile_ANN,61.01234436035156,61.7213834297799,58.907612975038234,64.59116212637035
2025-12-17,M3_Quantile_ANN,60.66930389404297,61.26599600081353,57.59579497024493,65.0775877712682
2025-12-18,M3_Quantile_ANN,60.66930389404297,60.847684859368606,57.840308835801025,63.932890427649724
2025-12-19,M3_Quantile_ANN,61.25736999511719,60.85951746628264,57.889325767607936,63.90484519094496
2025-12-22,M3_Quantile_ANN,62.13947677612305,61.220674633234495,57.36588055414469,65.23668525054761
2025-12-23,M3_Quantile_ANN,62.43351364135742,62.07193191433862,59.05652511909589,65.15045839164033
2025-12-24,M3_Quantile_ANN,62.580528259277344,62.31644469309934,58.64631825106886,66.11030258816803
2025-12-26,M3_Quantile_ANN,63.11959457397461,62.36706846817516,59.082824396331524,65.73587788050123
2025-12-29,M3_Quantile_ANN,63.95269775390625,63.26464711317627,60.70001830800655,65.85124990126293
2025-12-30,M3_Quantile_ANN,63.85468673706055,64.34509999660166,62.12383200277921,66.56854447780779
2025-12-31,M3_Quantile_ANN,64.29573822021484,63.47783944604527,60.61746739995625,66.4007607992154
2026-01-02,M3_Quantile_ANN,65.618896484375,63.89273479741779,60.08334839271213,67.84730187547595
2026-01-05,M3_Quantile_ANN,68.11819458007812,65.7090443975003,62.62886300503107,68.84187908593317
2026-01-06,M3_Quantile_ANN,69.00030517578125,67.93020269000644,66.64524147368836,69.19677633516977
2026-01-07,M3_Quantile_ANN,68.46123504638672,69.32460227963396,67.1973534527223,71.48021894793375
2026-01-08,M3_Quantile_ANN,68.70626831054688,67.77163414855852,65.1849240874671,70.39562730897657
2026-01-09,M3_Quantile_ANN,68.46123504638672,67.91399217701623,65.14565871657591,70.72441515922495
2026-01-12,M3_Quantile_ANN,68.9512939453125,69.26173990198538,66.96342545663867,71.56021450051003
2026-01-13,M3_Quantile_ANN,69.2943344116211,69.71248644644548,67.56779847495591,71.8519007536625
2026-01-14,M3_Quantile_ANN,69.34334564208984,69.59381126573113,67.36070574238698,71.82856001326974
2026-01-15,M3_Quantile_ANN,69.2453384399414,69.23568181516087,65.90247842954525,72.65869900199793
2026-01-16,M3_Quantile_ANN,70.56848907470703,69.72277931373766,67.24281688630988,72.22508735150059
2026-01-19,M3_Quantile_ANN,71.15656280517578,71.01079881186118,68.06292779708569,73.99962172160737
2026-01-20,M3_Quantile_ANN,71.15656280517578,71.43577930831957,67.85363519979968,75.10443089490295
2026-01-21,M3_Quantile_ANN,70.42147064208984,70.56554199730837,65.98840932522536,75.3561914570338
2026-01-22,M3_Quantile_ANN,71.36573028564453,70.21750674078397,66.47224460871738,74.09371604066733
2026-01-23,M3_Quantile_ANN,71.81300354003906,71.07761533208205,67.39417044887811,74.8764871181719
2026-01-26,M3_Quantile_ANN,71.81300354003906,71.50720211090348,67.53183946456953,75.6247513792949
2026-01-27,M3_Quantile_ANN,72.60816955566406,72.23344762094356,68.4712740619946,76.10323005308557
2026-01-28,M3_Quantile_ANN,73.75120544433594,73.12209407876679,69.50707513978594,76.82357635317595
2026-01-29,M3_Quantile_ANN,73.3039321899414,74.32100895261854,71.150485621745,77.53591568426486
2026-01-30,M3_Quantile_ANN,72.160888671875,73.91155276597907,70.39144174335082,77.50959425374428
2026-02-02,M3_Quantile_ANN,71.06754302978516,72.85077330411876,68.92688709470988,76.90261630602186
2026-02-03,M3_Quantile_ANN,72.5087661743164,70.92823332175958,67.10454871042438,74.88753876564007
2026-02-04,M3_Quantile_ANN,72.45907592773438,72.65906717284916,68.44061699180489,77.04792706817358
2026-02-05,M3_Quantile_ANN,71.56451416015625,72.23309620097805,68.72721614113532,75.8368667747853
2026-02-06,M3_Quantile_ANN,71.46512603759766,72.21312952223892,68.0355798091117,76.56574395832664
2026-02-09,M3_Quantile_ANN,73.50271606445312,72.05903918541946,67.61673775510305,76.71155450397902
2026-02-10,M3_Quantile_ANN,75.04335021972656,72.94147799184894,67.59123384291878,78.60558578171442
2026-02-11,M3_Quantile_ANN,76.73306274414062,75.79013689336195,71.63734103685674,80.06211811283558
2026-02-23,M3_Quantile_ANN,76.93185424804688,77.26845009428224,74.06958060064932,80.49728347058773
2026-02-24,M3_Quantile_ANN,78.91976165771484,77.76443794074363,74.91907224705847,80.62092818175711
2026-02-25,M3_Quantile_ANN,80.6094741821289,77.727212972532,75.03165486562634,80.45393070352227
2026-02-26,M3_Quantile_ANN,80.65917205810547,81.21501360165134,79.73711082309269,82.66760642924386
2026-03-02,M3_Quantile_ANN,79.864013671875,81.56082668635256,79.07001528937064,84.03988794838362
2026-03-03,M3_Quantile_ANN,78.27368927001953,79.559135185201,74.68038235320778,84.62869490447632
2026-03-04,M3_Quantile_ANN,75.14273834228516,78.62813009115666,75.57492156095975,81.7267746671501
2026-03-05,M3_Quantile_ANN,76.93185424804688,75.64425886146276,74.2883300260802,76.99073186691378
2026-03-06,M3_Quantile_ANN,76.38517761230469,77.44393139901614,75.83827533155663,79.0381163092248
2026-03-09,M3_Quantile_ANN,73.15483856201172,76.81919932674973,75.37974439450004,78.24764271439639
2026-03-10,M3_Quantile_ANN,74.74515533447266,74.02017687044945,73.11159222261678,74.9194399661425
2026-03-11,M3_Quantile_ANN,77.72701263427734,75.20496838483706,74.40263734265551,75.999463498068
2026-03-12,M3_Quantile_ANN,76.1366958618164,77.85420455837337,76.72307952297939,78.9725010082968
2026-03-13,M3_Quantile_ANN,75.4906234741211,76.60017481370984,74.36798761002102,78.8674757439851
2026-03-16,M3_Quantile_ANN,75.14273834228516,75.51956887902804,73.81199680474242,77.23368641418773
2026-03-17,M3_Quantile_ANN,76.18639373779297,75.54814073647819,74.27366523367444,76.81335506474778
2026-03-18,M3_Quantile_ANN,77.32943725585938,75.91414881494393,74.75613946331237,77.06365971754579
2026-03-19,M3_Quantile_ANN,75.54032135009766,76.96441035547554,75.1216203961913,78.82648313858935
2026-03-20,M3_Quantile_ANN,75.44092559814453,75.72154879808788,74.05554945943081,77.38184631284824
2026-03-23,M3_Quantile_ANN,73.80091094970703,75.84949319271882,73.75652188025724,77.96918699135088
2026-03-24,M3_Quantile_ANN,73.95000457763672,74.19940766644113,73.38429855644196,75.00554118338366
2026-03-25,M3_Quantile_ANN,75.7391128540039,75.07376904374934,73.41034818521098,76.75679425711208
2026-03-26,M3_Quantile_ANN,75.34153747558594,76.0984215233244,75.24194270962585,76.94411256505597
2026-03-27,M3_Quantile_ANN,74.54637145996094,75.08255328699731,73.58842708292816,76.58911620333578
2026-03-30,M3_Quantile_ANN,73.4530258178711,75.79538709545824,74.16030179651564,77.44974493832586
2026-03-31,M3_Quantile_ANN,71.91239929199219,74.49890378085479,73.00554102670945,76.00984150757077
2026-04-01,M3_Quantile_ANN,74.99364471435547,71.63432871437226,70.7948741159453,72.46692670752867
2026-04-02,M3_Quantile_ANN,73.50271606445312,74.66694474870233,72.80487651163119,76.5497709902623
2026-04-07,M3_Quantile_ANN,74.84455871582031,74.39843535443043,72.49645088626609,76.32305638547135
2026-04-08,M3_Quantile_ANN,78.72096252441406,75.4230660170544,74.33917803496061,76.49231035868748
2026-04-09,M3_Quantile_ANN,78.67127227783203,76.87123744345939,75.33020084534783,78.428924375383
2026-04-10,M3_Quantile_ANN,80.2615966796875,79.06956916216217,78.3317160672452,79.79834469474021
2026-04-13,M3_Quantile_ANN,80.11249542236328,79.97368120545299,79.16057748404212,80.77314421846135
2026-04-14,M3_Quantile_ANN,82.59738159179688,80.14658634519729,79.31583605454843,80.96337172304882
2026-04-15,M3_Quantile_ANN,83.64102935791016,82.78722717119732,82.15594740171092,83.4096681425426
2026-04-16,M3_Quantile_ANN,84.48588562011719,81.92203644964133,80.343280792711,83.52026433169893
2026-04-17,M3_Quantile_ANN,83.64102935791016,84.87480462987872,84.13362881765467,85.6060854798592
2026-04-20,M3_Quantile_ANN,84.03861236572266,84.60168664701695,83.54745552887661,85.63717826521656
2026-04-21,M3_Quantile_ANN,85.4798355102539,83.9424778202623,82.11827471993298,85.78480208867249
2026-04-22,M3_Quantile_ANN,85.82772064208984,84.71176770256591,83.00015251464428,86.44270791053361
2026-04-23,M3_Quantile_ANN,85.82772064208984,84.82660793445116,82.72141920872664,86.95214573061132
2026-04-24,M3_Quantile_ANN,89.40594482421875,86.3107223722215,84.83204647680083,87.77000855953949
2026-04-27,M3_Quantile_ANN,92.4375,89.7889112349115,88.82186740163132,90.73851034645214
2026-04-28,M3_Quantile_ANN,91.44355010986328,92.52814181180099,91.76425676321291,93.28339134206561
2026-04-29,M3_Quantile_ANN,90.20111083984375,90.26671217709601,88.36386021705422,92.19067483001591
2026-04-30,M3_Quantile_ANN,89.95262145996094,90.60148931354306,89.39265869513379,91.795197285372
2026-05-04,M3_Quantile_ANN,94.02782440185547,89.91414185979644,88.888191864575,90.92935809545062
2026-05-05,M3_Quantile_ANN,94.02782440185547,91.92212291504835,89.97731644404992,93.88439371148998
2026-05-06,M3_Quantile_ANN,95.17086791992188,92.80382065577714,90.69179290136532,94.93362770688626
2026-05-07,M3_Quantile_ANN,97.10906982421875,93.6019963014192,91.69363699842701,95.52511054701898
2026-05-08,M3_Quantile_ANN,96.4133071899414,95.70754451244493,93.59446752498985,97.84291327820954
2026-05-11,M3_Quantile_ANN,96.31391143798828,95.83580912232206,93.50953318687105,98.18786566838408
2026-05-12,M3_Quantile_ANN,96.26421356201172,96.56790004897466,94.17222989678844,98.99046720087384
2026-05-13,M3_Quantile_ANN,94.92237854003906,98.0714165004818,96.74923936510997,99.37630291017506
2026-05-14,M3_Quantile_ANN,95.46905517578125,95.48936724740399,93.40626931675192,97.59977112913546
2026-05-15,M3_Quantile_ANN,94.82298278808594,97.18095993582334,96.04496575643685,98.30428054717585
2026-05-18,M3_Quantile_ANN,94.32601165771484,96.23110252480448,93.91558559034104,98.54299547348981
2026-05-19,M3_Quantile_ANN,92.53689575195312,94.66783579255726,92.59968599293205,96.72939673990507
2026-05-20,M3_Quantile_ANN,91.94052124023438,93.66295798996222,91.24040652300282,96.10986591710864
2026-05-21,M3_Quantile_ANN,95.270263671875,92.59556661469527,89.65653540075736,95.5876343353542
2026-05-22,M3_Quantile_ANN,96.71149444580078,95.10175042307284,91.41170150359619,98.86707600327564
2026-05-25,M3_Quantile_ANN,100.19032287597656,97.69032958620895,95.04826927717755,100.32756389066759
2026-05-26,M3_Quantile_ANN,99.49455261230469,101.65705306630578,99.79310617841774,103.49427236612526
2026-05-27,M3_Quantile_ANN,101.92974090576172,99.44085257515039,96.4932886103536,102.42460280884993
2026-05-28,M3_Quantile_ANN,99.89213562011719,100.92715061788364,97.82770105518365,104.08554272932267
2026-05-29,M3_Quantile_ANN,104.76250457763672,99.69310139926351,96.40352130973532,103.0380911867998
2026-06-01,M3_Quantile_ANN,104.86189270019531,103.16569591780939,100.27757999622531,106.0825652435303
2026-06-02,M3_Quantile_ANN,105.06068420410156,103.93750576733649,100.84582179205059,107.06365984061516
2026-06-03,M3_Quantile_ANN,106.9491958618164,105.09087373441332,102.1751652834816,108.03749349405835
2026-06-04,M3_Quantile_ANN,105.45826721191406,106.4898930976589,103.92115409596342,109.08411949113558
2026-06-05,M3_Quantile_ANN,103.52006530761719,105.48047455941558,102.6463926908733,108.34992810043903
2026-06-08,M3_Quantile_ANN,100.33941650390625,103.56106983708847,100.6735963846529,106.49235247669776
2026-06-09,M3_Quantile_ANN,102.87399291992188,102.52272891560703,100.19144164945101,104.88617018169386
2026-06-10,M3_Quantile_ANN,99.64364624023438,104.03216061554417,102.56203350749601,105.48751586004443
2026-06-11,M3_Quantile_ANN,99.2460708618164,101.84038802280736,99.58307064093496,104.12905354317378
2026-06-12,M3_Quantile_ANN,101.33336639404297,101.60817056752477,99.41507114192237,103.83202777421118
2026-06-15,M3_Quantile_ANN,104.61341094970703,102.27120018594198,99.80973434829872,104.76496499727087
2026-06-16,M3_Quantile_ANN,105.25947570800781,103.5683746383064,101.15798823042286,106.00908972358208
2026-06-17,M3_Quantile_ANN,105.35887145996094,105.77208469570549,104.31834874063206,107.20862418332625
2026-06-18,M3_Quantile_ANN,106.65100860595703,104.42679568889847,101.55865078662184,107.33357190244286
2026-06-22,M3_Quantile_ANN,110.47772216796875,104.59031589847118,101.84324604619246,107.35767275953495
2026-06-23,M3_Quantile_ANN,109.43407440185547,110.69425441664426,109.64226927215041,111.73021380164225
2026-06-24,M3_Quantile_ANN,106.50191497802734,110.7423350509426,109.66950809591809,111.79881206811359
2026-06-25,M3_Quantile_ANN,106.5516128540039,107.31992276894341,104.81629691340973,109.8428186272313
2026-06-26,M3_Quantile_ANN,102.47640991210938,106.17466693022202,103.46266502263221,108.92633959311553
2026-06-29,M3_Quantile_ANN,103.81824493408203,104.74307454462156,102.51459050094206,107.00316858769725
2026-06-30,M3_Quantile_ANN,107.14798736572266,105.17102923143013,102.89646321307902,107.47663349637988
2026-07-01,M3_Quantile_ANN,108.68860626220703,107.4262592457236,106.39179413522201,108.45092447337426
2026-07-02,M3_Quantile_ANN,108.14193725585938,108.11786904672005,105.7728000625558,110.4930761439566
2026-07-03,M3_Quantile_ANN,107.69465637207031,109.21244152302795,108.05223832419746,110.35924188565357
2026-07-06,M3_Quantile_ANN,107.59526062011719,108.04934793606863,106.69483637922136,109.39285033381996
2026-07-07,M3_Quantile_ANN,105.55765533447266,107.31181773958404,104.41317544163485,110.25362777691879
2026-07-08,M3_Quantile_ANN,105.4085693359375,106.83115580626888,103.89363407995434,109.81404485443649
2026-07-09,M3_Quantile_ANN,105.16008758544922,106.06403145982277,104.61949682481334,107.49533186170514
2026-07-10,M3_Quantile_ANN,105.16008758544922,106.80797867251361,103.76693802560243,109.89604360272055
2026-07-13,M3_Quantile_ANN,105.35887145996094,106.3227199008527,103.55963443634109,109.12052255345536
2026-07-14,M3_Quantile_ANN,103.76854705810547,106.23946295238603,103.39062737554126,109.12485977816817
2026-07-15,M3_Quantile_ANN,105.65705871582031,105.10075116868535,101.97990446451094,108.26927837839746
2026-07-16,M3_Quantile_ANN,105.75645446777344,105.94993710041697,102.48695879686015,109.46411492810404
2026-07-17,M3_Quantile_ANN,99.54425811767578,106.4640432783638,104.53041979289748,108.37771809254382
2026-07-20,M3_Quantile_ANN,98.5999984741211,102.04124681789318,99.52957075576673,104.59446902783291
2026-07-21,M3_Quantile_ANN,102.5,98.64467536528116,97.41635705070856,99.86473118547048
2026-07-22,M3_Quantile_ANN,103.8499984741211,102.35431325053106,101.12742673897652,103.56700191098679
2026-07-23,M3_Quantile_ANN,103.9000015258789,103.88170104776043,101.57498214791661,106.21716002057623
2026-07-24,M3_Quantile_ANN,101.69999694824219,102.75462282319072,100.11283254410232,105.42230578607798
2026-07-27,M3_Quantile_ANN,101.44999694824219,102.10796726567288,99.38588422860943,104.84046113293508
2026-07-28,M3_Quantile_ANN,97.1500015258789,101.95194650766122,99.70695125858465,104.18756198987865
2026-07-29,M3_Quantile_ANN,93.69999694824219,99.94612302056424,97.24180667995111,102.69098427211343
2026-07-30,M3_Quantile_ANN,93.5,93.72474787797827,92.63712731675437,94.80298272628356
2026-07-31,M3_Quantile_ANN,102.8499984741211,92.80591266422333,91.79905291244901,93.8071586993996
2025-01-02,M4_Quantile_Minusformer,46.571590423583984,47.54994584613263,44.17537113038709,50.568937286491376
2025-01-03,M4_Quantile_Minusformer,47.039588928222656,47.28393557238286,43.16452779713554,51.08607377374913
2025-01-06,M4_Quantile_Minusformer,48.51557540893555,47.48130832622141,44.485997199564125,50.11918759697218
2025-01-07,M4_Quantile_Minusformer,49.05556869506836,48.20166064262537,46.69039125843887,49.44970458000991
2025-01-08,M4_Quantile_Minusformer,48.323577880859375,48.678158822876924,47.535902374592744,49.61034676571342
2025-01-09,M4_Quantile_Minusformer,47.77157974243164,48.59143223143689,47.10348857460922,49.81844752335664
2025-01-10,M4_Quantile_Minusformer,47.75958251953125,48.34804060668166,45.483971160633224,50.850303623698125
2025-01-13,M4_Quantile_Minusformer,46.65559005737305,48.36394294807411,45.24309709783054,51.11989156231175
2025-01-14,M4_Quantile_Minusformer,46.94358825683594,47.75625069160589,42.09467399487153,53.29083184829814
2025-01-15,M4_Quantile_Minusformer,46.58359146118164,47.81331575139497,44.5602313741735,50.70622571047318
2025-01-16,M4_Quantile_Minusformer,47.531585693359375,47.570449822596,44.74145133722024,50.043386651822814
2025-01-17,M4_Quantile_Minusformer,47.762733459472656,47.86235877790903,45.664620323101204,49.73080146030294
2025-01-20,M4_Quantile_Minusformer,48.24936294555664,47.904766051443126,45.058114586739485,50.39320613792801
2025-01-21,M4_Quantile_Minusformer,48.34668731689453,48.2395723419743,46.28336359852548,49.88446540373757
2025-01-22,M4_Quantile_Minusformer,48.97930908203125,48.39801569281149,46.536724803736085,49.956428503720176
2025-02-03,M4_Quantile_Minusformer,46.88679885864258,48.8074290628178,47.33642805077346,50.01955081208518
2025-02-04,M4_Quantile_Minusformer,47.16661071777344,47.856866274895594,43.4176078587469,51.99750448536946
2025-02-05,M4_Quantile_Minusformer,47.88439178466797,47.957395479516045,45.647468670291545,49.93042158140797
2025-02-06,M4_Quantile_Minusformer,48.09120178222656,48.28274360738463,46.89237533101836,49.42600047351003
2025-02-07,M4_Quantile_Minusformer,48.31018829345703,48.39947651594512,47.056322387050024,49.5020499853761
2025-02-10,M4_Quantile_Minusformer,47.762733459472656,48.528466761993826,47.17341194682737,49.641093017122536
2025-02-11,M4_Quantile_Minusformer,48.054710388183594,48.26363705868977,46.19302417316745,50.01316250840545
2025-02-12,M4_Quantile_Minusformer,47.981712341308594,48.41218672659338,46.62711796313893,49.90207479928823
2025-02-13,M4_Quantile_Minusformer,47.774898529052734,48.345550792135015,45.79824736689283,50.54172233601649
2025-02-14,M4_Quantile_Minusformer,47.20310592651367,48.29080518578597,46.00646795716165,50.23851639231117
2025-02-17,M4_Quantile_Minusformer,47.9208869934082,47.899028809023704,44.282750067209484,51.163069475745836
2025-02-18,M4_Quantile_Minusformer,48.09120178222656,48.264533222321475,46.548317242109135,49.693326121131285
2025-02-19,M4_Quantile_Minusformer,48.00605010986328,48.3197251988673,46.429917298753026,49.904227928011586
2025-02-20,M4_Quantile_Minusformer,47.82356262207031,48.34706053429913,46.62872541365577,49.77757614279673
2025-02-21,M4_Quantile_Minusformer,48.16419982910156,48.284428720694315,46.49925468773034,49.77479014906413
2025-02-24,M4_Quantile_Minusformer,47.738399505615234,48.47934493362821,47.01925240487569,49.68259204405543
2025-02-25,M4_Quantile_Minusformer,47.11794662475586,48.244713535057706,45.81524615187326,50.32938946520607
2025-02-26,M4_Quantile_Minusformer,47.37342834472656,47.84876153314777,44.10458389053299,51.246469115770665
2025-02-27,M4_Quantile_Minusformer,46.838134765625,47.92964295130714,45.481058136347556,50.03412970817462
2025-03-03,M4_Quantile_Minusformer,45.7553825378418,47.480337427502334,42.80187013014751,51.893026797572816
2025-03-04,M4_Quantile_Minusformer,45.45124053955078,46.822794410588685,41.145499479329935,52.40253162896056
2025-03-05,M4_Quantile_Minusformer,46.04736328125,46.38075724948405,40.08471526247536,52.72878209771641
2025-03-06,M4_Quantile_Minusformer,45.767547607421875,46.42743942722776,41.55591918252874,51.07648892784566
2025-03-07,M4_Quantile_Minusformer,45.34174728393555,46.24787578005559,41.51119730196939,50.74755651255777
2025-03-10,M4_Quantile_Minusformer,45.074100494384766,45.90346277118737,40.114109198747926,51.64268415390157
2025-03-11,M4_Quantile_Minusformer,44.283329010009766,45.67944847253689,40.63265851627254,50.5445867264706
2025-03-12,M4_Quantile_Minusformer,44.47798156738281,45.14046536902391,39.72767754752026,50.44758327897632
2025-03-13,M4_Quantile_Minusformer,44.06434631347656,44.9545916058349,39.73274051764525,50.04056440449739
2025-03-14,M4_Quantile_Minusformer,43.91835403442383,44.664059628656545,40.66674072556704,48.371893925337496
2025-03-17,M4_Quantile_Minusformer,44.29549789428711,44.515600743332286,42.0952493765571,46.61080332945696
2025-03-18,M4_Quantile_Minusformer,44.47798156738281,44.543221997666926,42.62192871378303,46.168444065261816
2025-03-19,M4_Quantile_Minusformer,43.93052291870117,44.589459232730576,42.908686658496734,45.995471231406995
2025-03-20,M4_Quantile_Minusformer,44.87944793701172,44.22608429672382,41.51834340942524,46.60343789188395
2025-03-21,M4_Quantile_Minusformer,44.51447296142578,44.70383835299988,43.620051340583046,45.589645320384854
2025-03-24,M4_Quantile_Minusformer,44.46581268310547,44.57775654286535,43.36483996604802,45.57310788175746
2025-03-25,M4_Quantile_Minusformer,44.92810821533203,44.50668138409382,43.11708336927282,45.654793545519944
2025-03-26,M4_Quantile_Minusformer,44.8916130065918,44.72497072865285,43.63272750473404,45.61788075561179
2025-03-27,M4_Quantile_Minusformer,44.04001235961914,44.771197631944275,43.73157439949002,45.61996916181284
2025-03-28,M4_Quantile_Minusformer,43.602046966552734,44.41666581610362,43.11484786201602,45.48863281844823
2025-03-31,M4_Quantile_Minusformer,42.03266143798828,44.11460282997698,42.624761430696346,45.35143964448546
2025-04-01,M4_Quantile_Minusformer,42.89643096923828,43.210256325275765,40.90426855834678,45.20283053498254
2025-04-02,M4_Quantile_Minusformer,42.82343673706055,43.32085265328398,41.87910618535984,44.5167844301025
2025-04-07,M4_Quantile_Minusformer,38.54109573364258,43.157672428571246,41.770947228924584,44.30555482808874
2025-04-08,M4_Quantile_Minusformer,37.288021087646484,40.9520436171389,38.536509766320805,43.06370066687894
2025-04-09,M4_Quantile_Minusformer,35.57265090942383,39.665026160537614,38.315295840368165,40.78665169530879
2025-04-10,M4_Quantile_Minusformer,39.12504959106445,38.155821383488515,37.41245667670748,38.76270024047362
2025-04-11,M4_Quantile_Minusformer,40.03748321533203,39.10162553998994,38.810251029827604,39.36539360631704
2025-04-14,M4_Quantile_Minusformer,39.83066177368164,39.79750499179785,39.57528865450831,40.01809918695729
2025-04-15,M4_Quantile_Minusformer,40.23213577270508,39.84701002489504,39.6271797609808,40.06638092682229
2025-04-16,M4_Quantile_Minusformer,39.50218963623047,40.02267576394486,39.80244595069188,40.24269290779843
2025-04-17,M4_Quantile_Minusformer,39.0642204284668,39.75429078527264,39.534291714513124,39.97352673158934
2025-04-18,M4_Quantile_Minusformer,39.14937973022461,39.4863579142266,39.26631432582331,39.704941429810994
2025-04-21,M4_Quantile_Minusformer,38.589759826660156,39.544332613115486,39.32682882260542,39.76163987200619
2025-04-22,M4_Quantile_Minusformer,37.944969177246094,39.268727474134224,39.05287704887707,39.48444702519575
2025-04-23,M4_Quantile_Minusformer,39.62384796142578,38.826396845763725,38.61198282171379,39.04023134890711
2025-04-24,M4_Quantile_Minusformer,39.392696380615234,39.41374082545618,39.197220905063304,39.63057268388114
2025-04-25,M4_Quantile_Minusformer,40.32946014404297,39.44028691297122,39.223744710514296,39.65716593622032
2025-04-28,M4_Quantile_Minusformer,40.67009735107422,39.94817289752516,39.729427050610155,40.167638685123414
2025-04-29,M4_Quantile_Minusformer,40.82825469970703,40.25391376369369,40.03356740065125,40.47499671471897
2025-04-30,M4_Quantile_Minusformer,41.02290725708008,40.55851731115573,40.33678987000289,40.78109473776748
2025-05-02,M4_Quantile_Minusformer,42.21514892578125,40.85209645750082,40.62899477091086,41.07613643896775
2025-05-05,M4_Quantile_Minusformer,41.838008880615234,41.60401190452593,41.37679225025972,41.83234507569696
2025-05-06,M4_Quantile_Minusformer,41.60686111450195,41.79174872933379,41.56357913781912,42.02104777317323
2025-05-07,M4_Quantile_Minusformer,41.44871139526367,41.85960401034394,41.63111454778335,42.089209071559644
2025-05-08,M4_Quantile_Minusformer,41.99616622924805,41.884670613099274,41.656085686893626,42.11434726857978
2025-05-09,M4_Quantile_Minusformer,42.519290924072266,42.18057355402756,41.95039782143121,42.411859839509106
2025-05-12,M4_Quantile_Minusformer,42.99375915527344,42.53187665209594,42.29982956682959,42.76506135803671
2025-05-13,M4_Quantile_Minusformer,43.516883850097656,42.95651945606342,42.72225015251641,43.1919749129216
2025-05-14,M4_Quantile_Minusformer,44.5023078918457,43.37790516669905,43.141352237141625,43.61565353277793
2025-05-15,M4_Quantile_Minusformer,44.40498352050781,44.08096774372722,43.84047376167823,44.32270454597749
2025-05-16,M4_Quantile_Minusformer,44.526641845703125,44.38821527282978,44.14607688536193,44.63156962749575
2025-05-19,M4_Quantile_Minusformer,43.90618896484375,44.65779429936215,44.41419904835626,44.90256909297282
2025-05-20,M4_Quantile_Minusformer,43.99135208129883,44.59140326831838,44.34803923700098,44.83587036445691
2025-05-21,M4_Quantile_Minusformer,44.67263412475586,44.735339297686515,44.49025670868527,44.98099461700402
2025-05-22,M4_Quantile_Minusformer,44.186004638671875,45.17404748659175,44.92284187185915,45.42408894157143
2025-05-23,M4_Quantile_Minusformer,44.003517150878906,44.90821577037107,44.431700437245574,45.312617078454004
2025-05-26,M4_Quantile_Minusformer,43.95485305786133,44.77840351450874,43.98074105219789,45.43081448251485
2025-05-27,M4_Quantile_Minusformer,43.565547943115234,44.691039385568246,43.59924900631175,45.5846722347974
2025-05-28,M4_Quantile_Minusformer,43.63854217529297,44.47389691357748,43.01879128509278,45.67949218679257
2025-05-29,M4_Quantile_Minusformer,43.73586654663086,44.37981415171751,42.53878839963971,45.93097101445777
2025-06-02,M4_Quantile_Minusformer,42.799102783203125,44.505703846149004,43.20977346522599,45.57292006533497
2025-06-03,M4_Quantile_Minusformer,43.103248596191406,44.113677202982664,42.639147041445504,45.33691671958862
2025-06-04,M4_Quantile_Minusformer,44.11301040649414,44.079828402740176,42.43228442467938,45.45677785319107
2025-06-05,M4_Quantile_Minusformer,44.19816589355469,44.50405266821867,43.03884947005331,45.71849636100144
2025-06-06,M4_Quantile_Minusformer,44.27116394042969,44.779497348978126,43.48362555702679,45.846482068817345
2025-06-09,M4_Quantile_Minusformer,44.69696044921875,44.82829034385396,43.232967954336715,46.15715387646187
2025-06-10,M4_Quantile_Minusformer,45.901371002197266,45.21135469911398,44.228138247985,46.0145731336619
2025-06-11,M4_Quantile_Minusformer,45.901371002197266,45.914210356360044,45.27898307352613,46.439511069519035
2025-06-12,M4_Quantile_Minusformer,45.901371002197266,46.13893586514249,45.45226494977821,46.704258201126784
2025-06-13,M4_Quantile_Minusformer,45.901371002197266,46.3382761998481,45.65024054222048,46.904769732938576
2025-06-16,M4_Quantile_Minusformer,45.901371002197266,46.49975157427315,45.822922175097254,47.05761429000808
2025-06-17,M4_Quantile_Minusformer,45.901371002197266,46.532654970155605,45.67452168407508,47.23404806894311
2025-06-18,M4_Quantile_Minusformer,46.2979736328125,46.56626020549676,45.55021338340463,47.39634725762886
2025-06-19,M4_Quantile_Minusformer,45.84054183959961,46.836028832044775,45.94554366886017,47.563560734797285
2025-06-20,M4_Quantile_Minusformer,45.77241134643555,46.73802042866672,45.73375352782398,47.55835802247743
2025-06-23,M4_Quantile_Minusformer,45.392845153808594,46.66617886435216,45.4645698613545,47.65117584893251
2025-06-24,M4_Quantile_Minusformer,46.22011184692383,46.35272466522614,44.3491365632982,48.04710325144765
2025-06-25,M4_Quantile_Minusformer,46.891666412353516,46.76404832627575,45.63950951738325,47.68426354121962
2025-06-26,M4_Quantile_Minusformer,46.9500617980957,47.15357544765551,46.25229558129178,47.88996624544965
2025-06-27,M4_Quantile_Minusformer,46.99872589111328,47.24255224045872,46.038130154352544,48.22981534668167
2025-06-30,M4_Quantile_Minusformer,47.06685256958008,47.34136564172993,45.94117028738848,48.49582170317483
2025-07-01,M4_Quantile_Minusformer,47.33936309814453,47.415860891001635,45.7213788467111,48.82841138020792
2025-07-02,M4_Quantile_Minusformer,47.349098205566406,47.63421229918155,46.044346581819255,48.953711552190576
2025-07-03,M4_Quantile_Minusformer,48.001182556152344,47.72984218905227,46.00198424643511,49.17144589933077
2025-07-04,M4_Quantile_Minusformer,47.55348205566406,48.099655797936926,46.59874880914922,49.34051761696117
2025-07-07,M4_Quantile_Minusformer,47.27123260498047,48.00863500878162,45.94813092226723,49.75075626615414
2025-07-08,M4_Quantile_Minusformer,47.0571174621582,47.843727364823515,44.50228367402098,50.826356764003165
2025-07-09,M4_Quantile_Minusformer,47.54374694824219,47.70678895894761,43.37985592737545,51.726628771777335
2025-07-10,M4_Quantile_Minusformer,48.08877182006836,47.99907024992859,44.97466736791297,50.66237803269467
2025-07-11,M4_Quantile_Minusformer,48.29315948486328,48.327135322946084,45.70278764360858,50.597882235062954
2025-07-14,M4_Quantile_Minusformer,48.01091384887695,48.56570310571164,46.10929076437808,50.67502873191852
2025-07-15,M4_Quantile_Minusformer,48.66299819946289,48.40767333015026,41.82797888832019,55.03913195087735
2025-07-16,M4_Quantile_Minusformer,49.052303314208984,48.91761435836636,45.04626211597708,52.436328927528336
2025-07-17,M4_Quantile_Minusformer,49.34428024291992,49.23761248023094,45.84930743172202,52.25592703923708
2025-07-18,M4_Quantile_Minusformer,50.074222564697266,49.52796120466205,46.31557981909094,52.367135029389296
2025-07-21,M4_Quantile_Minusformer,49.888004302978516,50.02517027210681,47.34990958021976,52.33586364627946
2025-07-22,M4_Quantile_Minusformer,49.54496383666992,50.16955162557561,47.30350135798729,52.663389318012015
2025-07-23,M4_Quantile_Minusformer,49.69198226928711,50.089941769569194,45.98772597632751,53.83809785526366
2025-07-24,M4_Quantile_Minusformer,49.98601531982422,50.18708917288511,45.700845012182754,54.34497184283499
2025-07-25,M4_Quantile_Minusformer,49.888004302978516,50.37280774765905,45.90985868617125,54.50308257737557
2025-07-28,M4_Quantile_Minusformer,50.03501892089844,50.38390560478303,45.12499546527449,55.39510228997732
2025-07-29,M4_Quantile_Minusformer,49.44694900512695,50.40112183137638,42.89206025722634,58.143965076288474
2025-07-30,M4_Quantile_Minusformer,49.98601531982422,50.13246278763774,39.87246609370003,61.76839471330766
2025-07-31,M4_Quantile_Minusformer,50.52507781982422,50.3641480072463,42.059281235021494,59.165412034338914
2025-08-01,M4_Quantile_Minusformer,50.08402633666992,50.77244569023967,45.559211312503436,55.724772456599965
2025-08-04,M4_Quantile_Minusformer,49.78998947143555,50.64152570423811,43.448969459344454,57.96910069951638
2025-08-05,M4_Quantile_Minusformer,50.42707061767578,50.438308940990346,38.786809122796335,64.26029696878653
2025-08-06,M4_Quantile_Minusformer,49.98601531982422,50.84907737513281,44.67416695994745,56.9165633672649
2025-08-07,M4_Quantile_Minusformer,51.40718460083008,50.548643459078086,39.36722049506395,63.59305508248476
2025-08-08,M4_Quantile_Minusformer,51.40718460083008,51.38101262302132,47.499951964059655,54.88446684318078
2025-08-11,M4_Quantile_Minusformer,51.799232482910156,51.572201987157875,47.68845481214487,55.076468489519876
2025-08-12,M4_Quantile_Minusformer,51.848243713378906,51.88677197220912,48.17845595346373,55.20769207881711
2025-08-13,M4_Quantile_Minusformer,52.28929138183594,52.03749182843482,47.74258854267159,55.96681088600212
2025-08-14,M4_Quantile_Minusformer,52.09326934814453,52.390750405962024,48.634013296316205,55.75643657846374
2025-08-15,M4_Quantile_Minusformer,52.09326934814453,52.44492165078022,48.12290499529195,56.39807787100961
2025-08-18,M4_Quantile_Minusformer,52.24028396606445,52.57032984979407,48.3692890509658,56.39449382286432
2025-08-19,M4_Quantile_Minusformer,52.142276763916016,52.712637874914364,48.13522969628483,56.93465952794527
2025-08-20,M4_Quantile_Minusformer,50.672096252441406,52.67293579609658,45.6548587742781,59.71360318765442
2025-08-21,M4_Quantile_Minusformer,50.96613311767578,51.96791182105093,41.65084220412918,63.545705927687344
2025-08-22,M4_Quantile_Minusformer,50.72110366821289,51.93732382621078,43.74412188472401,60.51317321169243
2025-08-25,M4_Quantile_Minusformer,51.652217864990234,51.72009805515441,44.10333321236612,59.549703050070946
2025-08-26,M4_Quantile_Minusformer,51.70122146606445,52.0528017594263,46.37380666407241,57.51026188480526
2025-08-27,M4_Quantile_Minusformer,51.946250915527344,52.16681786676359,47.66831771823066,56.31115783004464
2025-08-28,M4_Quantile_Minusformer,51.45619201660156,52.349186540421485,48.73256027693887,55.57274341390043
2025-08-29,M4_Quantile_Minusformer,51.45619201660156,52.140900858409374,47.689495005533374,56.23556291353822
2025-09-01,M4_Quantile_Minusformer,50.96613311767578,51.94827107277821,44.43619569705481,59.63662868304506
2025-09-02,M4_Quantile_Minusformer,50.96613311767578,51.694166642097315,43.87103662570813,59.79509649889192
2025-09-03,M4_Quantile_Minusformer,50.91712951660156,51.69088457324675,46.24147000770644,56.89450388269882
2025-09-04,M4_Quantile_Minusformer,51.26016616821289,51.621881826526355,46.900127765676906,56.01621404433079
2025-09-05,M4_Quantile_Minusformer,51.799232482910156,51.74014021731064,47.95725260636932,55.139561733105104
2025-09-08,M4_Quantile_Minusformer,52.28929138183594,52.06155716564454,49.5795356066486,54.18083921496792
2025-09-09,M4_Quantile_Minusformer,52.8283576965332,52.332878599804424,49.97361010793698,54.33666009454227
2025-09-10,M4_Quantile_Minusformer,53.857479095458984,52.74397424061047,50.83533661879143,54.33634305037377
2025-09-11,M4_Quantile_Minusformer,54.347537994384766,53.39491443261261,52.01572441444365,54.52560949265208
2025-09-12,M4_Quantile_Minusformer,54.88660430908203,53.922514043733706,52.83222181615701,54.8126345617428
2025-09-15,M4_Quantile_Minusformer,54.88660430908203,54.50997204203389,53.6554071329647,55.21110105532721
2025-09-16,M4_Quantile_Minusformer,55.6216926574707,54.86026925861137,54.03354895247335,55.5396939245659
2025-09-17,M4_Quantile_Minusformer,55.22964096069336,55.44859601854215,54.73430797844481,56.04149510158648
2025-09-18,M4_Quantile_Minusformer,55.817718505859375,55.58640420213941,54.79752361186598,56.23676287603443
2025-09-19,M4_Quantile_Minusformer,55.866722106933594,55.99443478932389,55.22466803687402,56.63029875352314
2025-09-22,M4_Quantile_Minusformer,56.25877380371094,56.21274696187731,55.39975506643516,56.88219950803517
2025-09-23,M4_Quantile_Minusformer,57.28789520263672,56.536054923447296,55.7111371402947,57.21497274408788
2025-09-24,M4_Quantile_Minusformer,57.238887786865234,57.184341742194384,56.465768512125926,57.7819152203973
2025-09-25,M4_Quantile_Minusformer,57.04286575317383,57.42304564778258,56.636097119502665,58.073137675219904
2025-09-26,M4_Quantile_Minusformer,56.111751556396484,57.533394000905886,56.642963115543004,58.2640376048807
2025-09-30,M4_Quantile_Minusformer,56.650814056396484,57.065957890031235,55.28085545596548,58.540811124508735
2025-10-01,M4_Quantile_Minusformer,56.94485092163086,57.37218759204422,56.06185479547186,58.442527426810734
2025-10-02,M4_Quantile_Minusformer,58.02298355102539,57.56268487757161,56.25155411423335,58.63360176809666
2025-10-03,M4_Quantile_Minusformer,58.856082916259766,58.285490663069226,57.31107198078106,59.082778460114696
2025-10-07,M4_Quantile_Minusformer,60.4732780456543,58.88903521221667,57.88808167148174,59.70760688007691
2025-10-08,M4_Quantile_Minusformer,59.9342155456543,58.695195661941646,57.21577774033252,60.06059111417092
2025-10-09,M4_Quantile_Minusformer,60.37526321411133,60.142421250467045,59.10891752357189,60.98730462770953
2025-10-13,M4_Quantile_Minusformer,59.78719711303711,59.8302685789484,58.1154948506384,61.38726735273358
2025-10-14,M4_Quantile_Minusformer,59.49315643310547,60.54151381565281,58.86664200373303,61.91680451881363
2025-10-15,M4_Quantile_Minusformer,60.571285247802734,60.5673908572415,58.626937438875856,62.172182373674026
2025-10-16,M4_Quantile_Minusformer,61.747432708740234,61.292854398900104,59.77790815210719,62.53612448268736
2025-10-17,M4_Quantile_Minusformer,60.81631851196289,62.06669046852249,60.61498993119351,63.2562289473554
2025-10-20,M4_Quantile_Minusformer,61.84543991088867,61.851601411013995,58.97056532034021,64.30592107690502
2025-10-21,M4_Quantile_Minusformer,61.943450927734375,62.34204261387937,58.82975148843058,65.3911855731863
2025-10-22,M4_Quantile_Minusformer,61.45339584350586,62.4707274326483,57.51165175701592,66.97937905856368
2025-10-23,M4_Quantile_Minusformer,61.1103515625,61.78682451665046,53.6386138231072,69.9715398681987
2025-10-27,M4_Quantile_Minusformer,62.531524658203125,62.17251232785852,51.715903153702214,73.30628037600852
2025-10-28,M4_Quantile_Minusformer,62.09046936035156,63.29502085817774,59.57900390759903,66.53872374829498
2025-10-29,M4_Quantile_Minusformer,63.11959457397461,62.81045414399386,57.734461989264986,67.51892670647192
2025-10-30,M4_Quantile_Minusformer,63.11959457397461,63.087119257066966,58.95906882980424,66.8352023104109
2025-10-31,M4_Quantile_Minusformer,63.46263885498047,64.00538618755722,59.7493264155326,67.78054074336333
2025-11-03,M4_Quantile_Minusformer,62.87456512451172,63.607935504227825,58.769787445465404,68.06524450512097
2025-11-04,M4_Quantile_Minusformer,62.67854309082031,63.605261384422796,54.45993880534142,72.98714356904864
2025-11-05,M4_Quantile_Minusformer,61.89445114135742,63.629698374587676,53.82957140387261,73.85372867929237
2025-11-06,M4_Quantile_Minusformer,62.041465759277344,63.39438662378381,54.99833824319614,71.80069888556575
2025-11-07,M4_Quantile_Minusformer,61.30637741088867,63.48417518454816,56.00499161900048,70.83853301669305
2025-11-10,M4_Quantile_Minusformer,62.09046936035156,62.98610867647252,56.35677009741573,69.30828477049903
2025-11-11,M4_Quantile_Minusformer,61.649417877197266,63.07181496638994,56.32747404509962,69.58863687454745
2025-11-12,M4_Quantile_Minusformer,61.943450927734375,62.81879792470049,56.29088217752367,69.03134795965171
2025-11-13,M4_Quantile_Minusformer,61.649417877197266,62.80013383813116,55.229926625891224,70.27787894869874
2025-11-14,M4_Quantile_Minusformer,60.4732780456543,62.66186409013014,55.33295083028405,69.80274007854639
2025-11-17,M4_Quantile_Minusformer,60.66930389404297,62.09361849671466,55.04561959115455,68.91683502302122
2025-11-18,M4_Quantile_Minusformer,59.248130798339844,61.95855113294483,56.003626587694136,67.54362989794663
2025-11-19,M4_Quantile_Minusformer,58.856082916259766,61.17771469800501,56.01548982162751,65.91403862392796
2025-11-20,M4_Quantile_Minusformer,60.66930389404297,60.66821450315014,56.62325489097166,64.25428746334075
2025-11-21,M4_Quantile_Minusformer,58.660057067871094,61.30334428218721,59.448201633684114,62.83364974359413
2025-11-24,M4_Quantile_Minusformer,58.366024017333984,60.157561049302466,55.88600575472312,63.978357591195106
2025-11-25,M4_Quantile_Minusformer,59.150115966796875,59.65535564315794,54.975132546877994,63.90322955198908
2025-11-26,M4_Quantile_Minusformer,60.13023376464844,59.79400224533437,56.66321369303605,62.49206027040173
2025-11-27,M4_Quantile_Minusformer,60.66930389404297,60.482102568201846,59.49115218821463,61.293820982959076
2025-11-28,M4_Quantile_Minusformer,61.1103515625,60.889302238862136,60.178551200246105,61.48466238020818
2025-12-01,M4_Quantile_Minusformer,60.277252197265625,61.14883420906625,60.412970913510414,61.76338824647795
2025-12-02,M4_Quantile_Minusformer,60.4732780456543,60.94654305807042,60.16835533285755,61.59307551904076
2025-12-03,M4_Quantile_Minusformer,61.061344146728516,60.968529303635215,60.110814504371504,61.676231293004975
2025-12-04,M4_Quantile_Minusformer,60.96333694458008,61.2223293206937,60.37798672169047,61.91987700323234
2025-12-05,M4_Quantile_Minusformer,61.50239944458008,61.2975688070639,60.470541626005875,61.981801960094444
2025-12-08,M4_Quantile_Minusformer,62.43351364135742,61.62380846466402,60.86990496576837,62.25242838641799
2025-12-09,M4_Quantile_Minusformer,62.33549880981445,62.1985823412604,61.4611522230856,62.81973862270328
2025-12-10,M4_Quantile_Minusformer,62.77655792236328,62.278876961420636,61.52152930012512,62.91068068546101
2025-12-11,M4_Quantile_Minusformer,62.09046936035156,62.6120721970382,61.794263800764156,63.296940175537216
2025-12-12,M4_Quantile_Minusformer,62.18848419189453,62.45098539005833,61.55517149898308,63.18918128230627
2025-12-15,M4_Quantile_Minusformer,61.55140686035156,62.48423333069119,61.469644857085,63.31559532567617
2025-12-16,M4_Quantile_Minusformer,61.01234436035156,62.24397602342441,61.1032394776652,63.17598780814375
2025-12-17,M4_Quantile_Minusformer,60.66930389404297,61.91821935551228,60.57875619792808,63.01226821768983
2025-12-18,M4_Quantile_Minusformer,60.66930389404297,61.65883239733292,60.238112479818795,62.820286198292564
2025-12-19,M4_Quantile_Minusformer,61.25736999511719,61.56385543032196,60.282362330384814,62.61023051517692
2025-12-22,M4_Quantile_Minusformer,62.13947677612305,61.69965199461696,60.36423868561658,62.790336849393874
2025-12-23,M4_Quantile_Minusformer,62.43351364135742,62.108106831541676,60.98768129579187,63.02366016925531
2025-12-24,M4_Quantile_Minusformer,62.580528259277344,62.405407085618144,61.398426895269445,63.230576005925734
2025-12-26,M4_Quantile_Minusformer,63.11959457397461,62.58482058087503,61.52573383252091,63.45135019866591
2025-12-29,M4_Quantile_Minusformer,63.95269775390625,62.951333989896895,62.05888245596306,63.68841875268384
2025-12-30,M4_Quantile_Minusformer,63.85468673706055,63.77402449622379,62.96848360041197,64.45085770532205
2025-12-31,M4_Quantile_Minusformer,64.29573822021484,63.313150279909536,61.7411377644197,64.76658852249508
2026-01-02,M4_Quantile_Minusformer,65.618896484375,63.66464656912149,61.936055922604226,65.2435911606693
2026-01-05,M4_Quantile_Minusformer,68.11819458007812,65.12134317411416,64.12601295022203,65.9386362558802
2026-01-06,M4_Quantile_Minusformer,69.00030517578125,66.76603212383291,66.08423005781013,67.37276656948596
2026-01-07,M4_Quantile_Minusformer,68.46123504638672,68.05032256295894,66.45505945378099,69.61578597730163
2026-01-08,M4_Quantile_Minusformer,68.70626831054688,67.09388318674102,65.68139200868258,68.44203244489294
2026-01-09,M4_Quantile_Minusformer,68.46123504638672,67.48618178191342,66.1182508746594,68.77523756846506
2026-01-12,M4_Quantile_Minusformer,68.9512939453125,69.15079197818136,68.39013212545358,69.79681168550725
2026-01-13,M4_Quantile_Minusformer,69.2943344116211,69.65094062637947,68.90117411978316,70.28937157900555
2026-01-14,M4_Quantile_Minusformer,69.34334564208984,69.81609285475992,69.0435531547936,70.47484470199142
2026-01-15,M4_Quantile_Minusformer,69.2453384399414,69.6104018926585,68.00287556606096,71.11696562605323
2026-01-16,M4_Quantile_Minusformer,70.56848907470703,70.42453604603378,69.44877079200998,71.23448419787975
2026-01-19,M4_Quantile_Minusformer,71.15656280517578,71.30889104207175,70.36411410946805,72.11099371325204
2026-01-20,M4_Quantile_Minusformer,71.15656280517578,71.69844694872918,70.80226422362706,72.45299052383331
2026-01-21,M4_Quantile_Minusformer,70.42147064208984,71.21834680600132,69.46251717547267,72.84659180998742
2026-01-22,M4_Quantile_Minusformer,71.36573028564453,71.0010292952082,68.36231313975554,73.34117674828413
2026-01-23,M4_Quantile_Minusformer,71.81300354003906,71.61072500169283,69.55470679073909,73.48018266864773
2026-01-26,M4_Quantile_Minusformer,71.81300354003906,71.93629446139995,69.8506644900448,73.83075731725009
2026-01-27,M4_Quantile_Minusformer,72.60816955566406,72.86936655945469,71.37209068296823,74.09473745518989
2026-01-28,M4_Quantile_Minusformer,73.75120544433594,73.471331106307,72.14076236365827,74.56183219061798
2026-01-29,M4_Quantile_Minusformer,73.3039321899414,74.30997937654763,73.03178957834787,75.35937005733595
2026-01-30,M4_Quantile_Minusformer,72.160888671875,74.3021354149129,71.83806136965298,76.34664722782256
2026-02-02,M4_Quantile_Minusformer,71.06754302978516,73.65982431957316,66.98312198151704,79.85815623573676
2026-02-03,M4_Quantile_Minusformer,72.5087661743164,72.5785431624992,65.6091743474535,79.15718803719011
2026-02-04,M4_Quantile_Minusformer,72.45907592773438,73.54643635102265,67.88286029982783,78.77061312454626
2026-02-05,M4_Quantile_Minusformer,71.56451416015625,72.90296390350217,65.64338992283288,79.79744843676004
2026-02-06,M4_Quantile_Minusformer,71.46512603759766,73.53795722097139,65.68789396110662,81.12028198227948
2026-02-09,M4_Quantile_Minusformer,73.50271606445312,73.40881161986357,66.05674407057641,80.43038739994049
2026-02-10,M4_Quantile_Minusformer,75.04335021972656,73.39614399771573,69.45128323584017,76.89429594878561
2026-02-11,M4_Quantile_Minusformer,76.73306274414062,75.51815952699498,74.06858825543124,76.74485288730236
2026-02-23,M4_Quantile_Minusformer,76.93185424804688,76.78484990693924,75.80380939398025,77.60543436851079
2026-02-24,M4_Quantile_Minusformer,78.91976165771484,77.55262925478294,76.61611231897194,78.33947881584228
2026-02-25,M4_Quantile_Minusformer,80.6094741821289,77.1716686476792,75.52191917372836,78.74836218263432
2026-02-26,M4_Quantile_Minusformer,80.65917205810547,80.19193620642007,79.46164792570045,80.82997106058075
2026-03-02,M4_Quantile_Minusformer,79.864013671875,80.83599877357106,80.02934208657206,81.52805318758354
2026-03-03,M4_Quantile_Minusformer,78.27368927001953,79.73211181936024,77.89894083746513,81.45594473083432
2026-03-04,M4_Quantile_Minusformer,75.14273834228516,80.31731573107263,79.1714636456879,81.27018325687378
2026-03-05,M4_Quantile_Minusformer,76.93185424804688,78.78122603727981,77.17106387303362,80.10443018107668
2026-03-06,M4_Quantile_Minusformer,76.38517761230469,79.12997759234679,77.81071854342724,80.21430137491242
2026-03-09,M4_Quantile_Minusformer,73.15483856201172,78.62930498360016,77.20676681137697,79.79483065106365
2026-03-10,M4_Quantile_Minusformer,74.74515533447266,76.72351533814418,74.36618982732008,78.67201352906424
2026-03-11,M4_Quantile_Minusformer,77.72701263427734,76.81901210908279,74.19865377962245,78.99636732517419
2026-03-12,M4_Quantile_Minusformer,76.1366958618164,78.28062328351413,77.41391686388594,79.01130300803489
2026-03-13,M4_Quantile_Minusformer,75.4906234741211,77.59044364365407,75.33752059710126,79.63874799290762
2026-03-16,M4_Quantile_Minusformer,75.14273834228516,77.14006121817442,75.36845488341336,78.65915957962162
2026-03-17,M4_Quantile_Minusformer,76.18639373779297,77.04208217229404,76.0635411987501,77.86368613835499
2026-03-18,M4_Quantile_Minusformer,77.32943725585938,77.408917455335,76.66642036799641,78.08935351398955
2026-03-19,M4_Quantile_Minusformer,75.54032135009766,77.867007405993,76.42217264039371,79.2973191839005
2026-03-20,M4_Quantile_Minusformer,75.44092559814453,77.20490645205133,76.45263497540869,77.88046635372362
2026-03-23,M4_Quantile_Minusformer,73.80091094970703,77.63623105221593,76.11970258277256,79.11534561478777
2026-03-24,M4_Quantile_Minusformer,73.95000457763672,76.03997938040227,75.02282599891139,76.88779279362956
2026-03-25,M4_Quantile_Minusformer,75.7391128540039,76.31509256705236,74.35724480809952,78.12182055474184
2026-03-26,M4_Quantile_Minusformer,75.34153747558594,76.41736713195696,75.57204987437936,77.1349493947866
2026-03-27,M4_Quantile_Minusformer,74.54637145996094,75.71751824156581,74.41248998516231,76.98222837081389
2026-03-30,M4_Quantile_Minusformer,73.4530258178711,76.27907033313683,74.5781811317403,77.88711647321314
2026-03-31,M4_Quantile_Minusformer,71.91239929199219,75.46878221043542,72.35627782606511,78.23283657599207
2026-04-01,M4_Quantile_Minusformer,74.99364471435547,73.80036909684087,71.2926077566031,75.88614750792127
2026-04-02,M4_Quantile_Minusformer,73.50271606445312,75.66835321934217,74.30106028101847,77.03282312457812
2026-04-07,M4_Quantile_Minusformer,74.84455871582031,75.52635622785766,74.1317542425276,76.90985276118865
2026-04-08,M4_Quantile_Minusformer,78.72096252441406,75.89082282854797,75.36879239466626,76.39939749637418
2026-04-09,M4_Quantile_Minusformer,78.67127227783203,76.05985139668219,74.72585101582273,77.40694315324583
2026-04-10,M4_Quantile_Minusformer,80.2615966796875,78.43249186113702,77.91394013540773,78.94321693530664
2026-04-13,M4_Quantile_Minusformer,80.11249542236328,79.42147589750333,78.94458040061414,79.89064959410196
2026-04-14,M4_Quantile_Minusformer,82.59738159179688,79.76585880789793,79.27229949622773,80.2465521697275
2026-04-15,M4_Quantile_Minusformer,83.64102935791016,81.03275386987478,80.56928103884411,81.48702659287854
2026-04-16,M4_Quantile_Minusformer,84.48588562011719,80.36372667031843,78.95155107547242,81.79236900360723
2026-04-17,M4_Quantile_Minusformer,83.64102935791016,83.5931136376619,83.09423435191293,84.08863911311087
2026-04-20,M4_Quantile_Minusformer,84.03861236572266,83.8730410351914,83.3715586894855,84.3692990884919
2026-04-21,M4_Quantile_Minusformer,85.4798355102539,83.37302222857002,81.90379146313154,84.86016693496883
2026-04-22,M4_Quantile_Minusformer,85.82772064208984,84.07568702646427,82.59059446322088,85.57889915000905
2026-04-23,M4_Quantile_Minusformer,85.82772064208984,84.76651283816689,83.24564816603932,86.30171133946659
2026-04-24,M4_Quantile_Minusformer,89.40594482421875,86.75055652924927,86.20933531345956,87.27629971417639
2026-04-27,M4_Quantile_Minusformer,92.4375,89.00314308484253,88.47355313240361,89.52708753364183
2026-04-28,M4_Quantile_Minusformer,91.44355010986328,91.11928476404243,90.56473966084758,91.67222396561118
2026-04-29,M4_Quantile_Minusformer,90.20111083984375,89.7551130316291,88.16183872926989,91.37095949343792
2026-04-30,M4_Quantile_Minusformer,89.95262145996094,91.95218683737185,91.39893650360231,92.49788941842247
2026-05-04,M4_Quantile_Minusformer,94.02782440185547,91.82958347939359,91.24498528412559,92.39632449301799
2026-05-05,M4_Quantile_Minusformer,94.02782440185547,91.9774536862778,90.41114362355121,93.56365858149321
2026-05-06,M4_Quantile_Minusformer,95.17086791992188,92.76768945687367,91.15243280084786,94.39994647752849
2026-05-07,M4_Quantile_Minusformer,97.10906982421875,93.95942891787293,92.43603781643617,95.49551764636841
2026-05-08,M4_Quantile_Minusformer,96.4133071899414,95.44088938806925,93.70468729743081,97.19277083967093
2026-05-11,M4_Quantile_Minusformer,96.31391143798828,96.2777632782017,94.41709236712467,98.11430413003374
2026-05-12,M4_Quantile_Minusformer,96.26421356201172,96.9179611873035,94.92429552825676,98.85283393762413
2026-05-13,M4_Quantile_Minusformer,94.92237854003906,98.58561029048526,97.63106476747174,99.41458583680429
2026-05-14,M4_Quantile_Minusformer,95.46905517578125,97.8251964975363,95.40191862801953,100.08693053666425
2026-05-15,M4_Quantile_Minusformer,94.82298278808594,98.55082935782113,96.86410182019627,99.94420960353285
2026-05-18,M4_Quantile_Minusformer,94.32601165771484,98.15022877547804,94.66869326020695,101.05090357645116
2026-05-19,M4_Quantile_Minusformer,92.53689575195312,97.79409319082966,93.59673079526667,101.34202247264754
2026-05-20,M4_Quantile_Minusformer,91.94052124023438,96.92946539649914,89.72948866479953,103.50025710945312
2026-05-21,M4_Quantile_Minusformer,95.270263671875,95.72921964213303,89.22470788266375,101.65837814780667
2026-05-22,M4_Quantile_Minusformer,96.71149444580078,95.92878005126369,91.50694853626412,99.84535028691799
2026-05-25,M4_Quantile_Minusformer,100.19032287597656,98.31113564138494,97.05122979396666,99.36995579454728
2026-05-26,M4_Quantile_Minusformer,99.49455261230469,101.14889665077693,100.40503153013594,101.8352315341551
2026-05-27,M4_Quantile_Minusformer,101.92974090576172,99.85250769378132,97.87314602222563,101.79243725181223
2026-05-28,M4_Quantile_Minusformer,99.89213562011719,101.03870243970611,98.55278814811665,103.52951971460256
2026-05-29,M4_Quantile_Minusformer,104.76250457763672,101.35265414621504,99.16663556601429,103.45173188905463
2026-06-01,M4_Quantile_Minusformer,104.86189270019531,102.43880152109367,100.49027635882928,104.37431337590047
2026-06-02,M4_Quantile_Minusformer,105.06068420410156,103.82458102432841,101.84211880134019,105.79434442306574
2026-06-03,M4_Quantile_Minusformer,106.9491958618164,105.05541975455893,103.06466165714053,107.03848572949919
2026-06-04,M4_Quantile_Minusformer,105.45826721191406,106.12423358213726,104.11238089227433,108.12917771236687
2026-06-05,M4_Quantile_Minusformer,103.52006530761719,106.93637874080402,104.84986598164333,108.99749344207865
2026-06-08,M4_Quantile_Minusformer,100.33941650390625,106.87478894808777,104.44645623042028,109.18279100378196
2026-06-09,M4_Quantile_Minusformer,102.87399291992188,106.0304613555041,102.53362462994845,109.19005374067595
2026-06-10,M4_Quantile_Minusformer,99.64364624023438,105.81524903256857,104.27223930035925,107.09629804363081
2026-06-11,M4_Quantile_Minusformer,99.2460708618164,104.79300250644668,100.3754934646306,108.74651360873477
2026-06-12,M4_Quantile_Minusformer,101.33336639404297,104.11503818752546,100.55137393120984,107.328029813588
2026-06-15,M4_Quantile_Minusformer,104.61341094970703,103.91458711659118,101.3564961855294,106.30808926656084
2026-06-16,M4_Quantile_Minusformer,105.25947570800781,104.86880231271788,102.90063996316984,106.83286587308925
2026-06-17,M4_Quantile_Minusformer,105.35887145996094,106.6368103846932,105.8903907001,107.33707522980083
2026-06-18,M4_Quantile_Minusformer,106.65100860595703,105.96995306623934,103.95255836660012,107.9773252926234
2026-06-22,M4_Quantile_Minusformer,110.47772216796875,105.73334128325808,103.9858191477268,107.45951057653075
2026-06-23,M4_Quantile_Minusformer,109.43407440185547,110.24148713896899,109.5339665125287,110.9241970338753
2026-06-24,M4_Quantile_Minusformer,106.50191497802734,110.5351679200722,109.8067464241157,111.23258361642156
2026-06-25,M4_Quantile_Minusformer,106.5516128540039,109.12953268111642,107.27773939072407,110.94440805983868
2026-06-26,M4_Quantile_Minusformer,102.47640991210938,108.86320116574026,106.57817316235271,111.1180223747603
2026-06-29,M4_Quantile_Minusformer,103.81824493408203,108.24114750490723,105.45660572402466,110.83050294900842
2026-06-30,M4_Quantile_Minusformer,107.14798736572266,107.5048663171463,104.87990741509772,109.96569250112152
2026-07-01,M4_Quantile_Minusformer,108.68860626220703,108.56190600199264,107.68436526697796,109.36724056043595
2026-07-02,M4_Quantile_Minusformer,108.14193725585938,108.82232214394313,106.75720347109547,110.87946350988263
2026-07-03,M4_Quantile_Minusformer,107.69465637207031,109.7230892074578,108.56295847180333,110.72037568194159
2026-07-06,M4_Quantile_Minusformer,107.59526062011719,109.47910489269745,107.73891716986886,110.9189884838286
2026-07-07,M4_Quantile_Minusformer,105.55765533447266,109.38199631830724,106.85822915563246,111.77330753636146
2026-07-08,M4_Quantile_Minusformer,105.4085693359375,109.17334889013858,106.4338424436631,111.73037615401051
2026-07-09,M4_Quantile_Minusformer,105.16008758544922,108.79339999845092,107.87453172352222,109.61662318875285
2026-07-10,M4_Quantile_Minusformer,105.16008758544922,108.95951925096139,106.60849875962954,111.27794854807641
2026-07-13,M4_Quantile_Minusformer,105.35887145996094,108.66388109714649,106.52752935250918,110.76876577083345
2026-07-14,M4_Quantile_Minusformer,103.76854705810547,108.1208382888617,105.88505780593108,110.2929185513451
2026-07-15,M4_Quantile_Minusformer,105.65705871582031,107.1203387832656,104.0061602187032,109.96876276841098
2026-07-16,M4_Quantile_Minusformer,105.75645446777344,106.85159710186322,104.1433266342748,109.37470369139845
2026-07-17,M4_Quantile_Minusformer,99.54425811767578,107.01186130415984,105.50167616100573,108.27171876995791
2026-07-20,M4_Quantile_Minusformer,98.5999984741211,104.99731451680474,99.48396549600061,109.98478597305827
2026-07-21,M4_Quantile_Minusformer,102.5,101.9629844763524,98.33410603770801,105.01034687153225
2026-07-22,M4_Quantile_Minusformer,103.8499984741211,103.91474330067005,102.83593255935303,104.84649880585035
2026-07-23,M4_Quantile_Minusformer,103.9000015258789,104.37377602959377,102.26548197345707,106.43476031550337
2026-07-24,M4_Quantile_Minusformer,101.69999694824219,103.89197375806424,102.07937332434236,105.6454853246283
2026-07-27,M4_Quantile_Minusformer,101.44999694824219,103.75949868506733,102.43296293780176,104.87554447050199
2026-07-28,M4_Quantile_Minusformer,97.1500015258789,103.47373706500163,102.14615137593468,104.58875787682585
2026-07-29,M4_Quantile_Minusformer,93.69999694824219,102.80355358152626,99.1051538118924,106.13174444006613
2026-07-30,M4_Quantile_Minusformer,93.5,97.93568511099087,95.5309683936688,99.91273355426029
2026-07-31,M4_Quantile_Minusformer,102.8499984741211,96.65625549852075,94.81215669079641,98.20222196516116
2025-01-02,M5_SortBootstrap_ANN,46.571590423583984,47.14687498961655,45.97590166669667,48.4268463048701
2025-01-03,M5_SortBootstrap_ANN,47.039588928222656,46.94389240675527,45.786920401674784,48.2112830919989
2025-01-06,M5_SortBootstrap_ANN,48.51557540893555,47.02435122130574,45.8624295291377,48.294978792810056
2025-01-07,M5_SortBootstrap_ANN,49.05556869506836,47.5470051949785,46.36383486254949,48.85564205867191
2025-01-08,M5_SortBootstrap_ANN,48.323577880859375,47.92437516554333,46.736585275994834,49.24387127157798
2025-01-09,M5_SortBootstrap_ANN,47.77157974243164,47.87506653019954,46.68716029268198,49.19746197486116
2025-01-10,M5_SortBootstrap_ANN,47.75958251953125,47.75141583095201,46.58746871816249,49.08329823502138
2025-01-13,M5_SortBootstrap_ANN,46.65559005737305,47.734772406910416,46.58095623771713,49.054341233876364
2025-01-14,M5_SortBootstrap_ANN,46.94358825683594,47.317509059402866,46.16395284806686,48.621955167854665
2025-01-15,M5_SortBootstrap_ANN,46.58359146118164,47.27195228362832,46.10360335601358,48.56472798408988
2025-01-16,M5_SortBootstrap_ANN,47.531585693359375,47.05239381078945,45.88883807574111,48.32533597392648
2025-01-17,M5_SortBootstrap_ANN,47.762733459472656,47.29056661383436,46.12101557388361,48.575355894429315
2025-01-20,M5_SortBootstrap_ANN,48.24936294555664,47.41074603707035,46.233841793919794,48.72539404691812
2025-01-21,M5_SortBootstrap_ANN,48.34668731689453,47.64630495941569,46.460374025483524,48.96271660446335
2025-01-22,M5_SortBootstrap_ANN,48.97930908203125,47.789540475143596,46.61331712956333,49.10496576852056
2025-02-03,M5_SortBootstrap_ANN,46.88679885864258,48.11605352587458,46.94029042345616,49.44767250085904
2025-02-04,M5_SortBootstrap_ANN,47.16661071777344,47.508341906458504,46.34054557076621,48.81658850450417
2025-02-05,M5_SortBootstrap_ANN,47.88439178466797,47.469038793758905,46.292274206644365,48.76276114906241
2025-02-06,M5_SortBootstrap_ANN,48.09120178222656,47.65268031810965,46.47074323069211,48.959697835272614
2025-02-07,M5_SortBootstrap_ANN,48.31018829345703,47.76053157399937,46.581001567997355,49.06993850760949
2025-02-10,M5_SortBootstrap_ANN,47.762733459472656,47.893416454204285,46.68654186061446,49.21774637689188
2025-02-11,M5_SortBootstrap_ANN,48.054710388183594,47.76639969742219,46.5814479666618,49.093166365208724
2025-02-12,M5_SortBootstrap_ANN,47.981712341308594,47.85831190707267,46.69102078916206,49.17696648169941
2025-02-13,M5_SortBootstrap_ANN,47.774898529052734,47.85763029613868,46.69509407191837,49.190581435161235
2025-02-14,M5_SortBootstrap_ANN,47.20310592651367,47.789287712870916,46.62079576275468,49.08580220855714
2025-02-17,M5_SortBootstrap_ANN,47.9208869934082,47.55850742562767,46.38442439555858,48.8552555954383
2025-02-18,M5_SortBootstrap_ANN,48.09120178222656,47.73288415454099,46.5543278819173,49.041986602569274
2025-02-19,M5_SortBootstrap_ANN,48.00605010986328,47.82000498482941,46.64118383329977,49.15799141439165
2025-02-20,M5_SortBootstrap_ANN,47.82356262207031,47.83133313516257,46.650621446110954,49.15631830277407
2025-02-21,M5_SortBootstrap_ANN,48.16419982910156,47.786187911598624,46.60140204020885,49.12105342490618
2025-02-24,M5_SortBootstrap_ANN,47.738399505615234,47.90399957278703,46.730331534538024,49.23100362201914
2025-02-25,M5_SortBootstrap_ANN,47.11794662475586,47.78428443321351,46.60919472366291,49.09727185730317
2025-02-26,M5_SortBootstrap_ANN,47.37342834472656,47.534633044255166,46.35903708283031,48.856005109035316
2025-02-27,M5_SortBootstrap_ANN,46.838134765625,47.52614692454925,46.33251816146207,48.81999290369767
2025-03-03,M5_SortBootstrap_ANN,45.7553825378418,47.28095606472952,46.12435469738004,48.55649580031734
2025-03-04,M5_SortBootstrap_ANN,45.45124053955078,46.770891750995375,45.62216834646949,48.04266790448176
2025-03-05,M5_SortBootstrap_ANN,46.04736328125,46.43161371110559,45.2909829479825,47.7230481518793
2025-03-06,M5_SortBootstrap_ANN,45.767547607421875,46.432318228477065,45.30666336072639,47.72285477792744
2025-03-07,M5_SortBootstrap_ANN,45.34174728393555,46.23348841800165,45.111406400233335,47.52184745387262
2025-03-10,M5_SortBootstrap_ANN,45.074100494384766,45.96125412062709,44.84796857395701,47.233098148556095
2025-03-11,M5_SortBootstrap_ANN,44.283329010009766,45.71500580180566,44.6014862226214,46.96256396063918
2025-03-12,M5_SortBootstrap_ANN,44.47798156738281,45.27118020972827,44.16049765956673,46.51881121642287
2025-03-13,M5_SortBootstrap_ANN,44.06434631347656,45.12276424109942,44.017824909379634,46.37308033414741
2025-03-14,M5_SortBootstrap_ANN,43.91835403442383,44.816254415217934,43.71961490348427,46.04704135904808
2025-03-17,M5_SortBootstrap_ANN,44.29549789428711,44.58974728238948,43.48087234032929,45.814887864123435
2025-03-18,M5_SortBootstrap_ANN,44.47798156738281,44.57311751926929,43.484899212374486,45.81986039260946
2025-03-19,M5_SortBootstrap_ANN,43.93052291870117,44.56493935557731,43.472952169891634,45.80307815673875
2025-03-20,M5_SortBootstrap_ANN,44.87944793701172,44.329834535224485,43.240710060849594,45.54722355411793
2025-03-21,M5_SortBootstrap_ANN,44.51447296142578,44.579432753949796,43.48045774723893,45.81883652965886
2025-03-24,M5_SortBootstrap_ANN,44.46581268310547,44.48971178587145,43.39744343859667,45.73240723121371
2025-03-25,M5_SortBootstrap_ANN,44.92810821533203,44.461600334728935,43.37027356263347,45.69313231509364
2025-03-26,M5_SortBootstrap_ANN,44.8916130065918,44.6167529538325,43.517012047314,45.86964744998277
2025-03-27,M5_SortBootstrap_ANN,44.04001235961914,44.65302237664499,43.557447253786734,45.90829752820456
2025-03-28,M5_SortBootstrap_ANN,43.602046966552734,44.376277462244644,43.28423587734731,45.61399362291006
2025-03-31,M5_SortBootstrap_ANN,42.03266143798828,44.13238707591421,43.05871152692847,45.37516469432761
2025-04-01,M5_SortBootstrap_ANN,42.89643096923828,43.4217816680034,42.36794597673586,44.6417372249428
2025-04-02,M5_SortBootstrap_ANN,42.82343673706055,43.44366612728873,42.3813498194798,44.67552327440206
2025-04-07,M5_SortBootstrap_ANN,38.54109573364258,43.28999558297792,42.230876755086754,44.51263853227433
2025-04-08,M5_SortBootstrap_ANN,37.288021087646484,41.542417770941206,40.53435010202804,42.715549850471994
2025-04-09,M5_SortBootstrap_ANN,35.57265090942383,40.39411113509617,39.415052159606894,41.54356515606318
2025-04-10,M5_SortBootstrap_ANN,39.12504959106445,39.024957289188116,38.089754152145254,40.12065611820708
2025-04-11,M5_SortBootstrap_ANN,40.03748321533203,39.64660161560989,38.669492635509954,40.772311869025074
2025-04-14,M5_SortBootstrap_ANN,39.83066177368164,39.854928583182904,38.841787245834496,40.986922750938184
2025-04-15,M5_SortBootstrap_ANN,40.23213577270508,39.799140104658115,38.77734644340412,40.92095468068097
2025-04-16,M5_SortBootstrap_ANN,39.50218963623047,39.936391441326315,38.909887418451866,41.08329209092086
2025-04-17,M5_SortBootstrap_ANN,39.0642204284668,39.71759336213901,38.726662027338186,40.86171276852817
2025-04-18,M5_SortBootstrap_ANN,39.14937973022461,39.498594229196556,38.49845037256365,40.6422047192541
2025-04-21,M5_SortBootstrap_ANN,38.589759826660156,39.42211962149627,38.42538923811546,40.562808561259345
2025-04-22,M5_SortBootstrap_ANN,37.944969177246094,39.136467042211876,38.146723948760346,40.25587381340536
2025-04-23,M5_SortBootstrap_ANN,39.62384796142578,38.77230162206329,37.805377025980974,39.868822017716184
2025-04-24,M5_SortBootstrap_ANN,39.392696380615234,39.20282520697154,38.21389638747354,40.32651611445538
2025-04-25,M5_SortBootstrap_ANN,40.32946014404297,39.19532197639414,38.21283886095555,40.31110661564351
2025-04-28,M5_SortBootstrap_ANN,40.67009735107422,39.56158002712258,38.56658469235536,40.71188894331873
2025-04-29,M5_SortBootstrap_ANN,40.82825469970703,39.8252080240156,38.85076091427699,40.9902637967622
2025-04-30,M5_SortBootstrap_ANN,41.02290725708008,40.043736605706016,39.068689789281756,41.18451228511911
2025-05-02,M5_SortBootstrap_ANN,42.21514892578125,40.265100780954,39.25675028891003,41.40211512447369
2025-05-05,M5_SortBootstrap_ANN,41.838008880615234,40.837377914476235,39.82808759996289,42.006215339351684
2025-05-06,M5_SortBootstrap_ANN,41.60686111450195,40.96845788505868,39.91288876871025,42.14381362369869
2025-05-07,M5_SortBootstrap_ANN,41.44871139526367,41.0572700796657,39.99571609504419,42.22862116547334
2025-05-08,M5_SortBootstrap_ANN,41.99616622924805,41.111884188430174,40.01344349549306,42.29104092511934
2025-05-09,M5_SortBootstrap_ANN,42.519290924072266,41.378774306687106,40.27628731495501,42.54825491810772
2025-05-12,M5_SortBootstrap_ANN,42.99375915527344,41.69027615024226,40.602551934059235,42.89240087647197
2025-05-13,M5_SortBootstrap_ANN,43.516883850097656,42.02087168885243,40.934938956850715,43.24475278929769
2025-05-14,M5_SortBootstrap_ANN,44.5023078918457,42.393962424600716,41.271737999250014,43.58655477795656
2025-05-15,M5_SortBootstrap_ANN,44.40498352050781,42.964344140323384,41.82758016898415,44.15670489792807
2025-05-16,M5_SortBootstrap_ANN,44.526641845703125,43.23372326725231,42.09420329810769,44.450225257687165
2025-05-19,M5_SortBootstrap_ANN,43.90618896484375,43.50957302866227,42.39608341868881,44.74158608906817
2025-05-20,M5_SortBootstrap_ANN,43.99135208129883,43.47943248442558,42.39592909595261,44.72152217666491
2025-05-21,M5_SortBootstrap_ANN,44.67263412475586,43.5850426653517,42.49119921651896,44.8207046215288
2025-05-22,M5_SortBootstrap_ANN,44.186004638671875,43.899324245928675,42.81607872598567,45.13508592162216
2025-05-23,M5_SortBootstrap_ANN,44.003517150878906,43.8718334121274,42.751384322277204,45.07365085378347
2025-05-26,M5_SortBootstrap_ANN,43.95485305786133,43.86054566216835,42.73351112846331,45.06912213427901
2025-05-27,M5_SortBootstrap_ANN,43.565547943115234,43.85817595767157,42.75256018800275,45.05230230124235
2025-05-28,M5_SortBootstrap_ANN,43.63854217529297,43.721924731689526,42.62134661758091,44.89821341092485
2025-05-29,M5_SortBootstrap_ANN,43.73586654663086,43.70350550031522,42.60376079430874,44.90902195356975
2025-06-02,M5_SortBootstrap_ANN,42.799102783203125,43.7084940995175,42.62887271639015,44.905860120763656
2025-06-03,M5_SortBootstrap_ANN,43.103248596191406,43.35185329665201,42.28248017562964,44.544999137268476
2025-06-04,M5_SortBootstrap_ANN,44.11301040649414,43.3339428003936,42.26755227287495,44.53369040669349
2025-06-05,M5_SortBootstrap_ANN,44.19816589355469,43.63424059723177,42.561050686407064,44.84881730395306
2025-06-06,M5_SortBootstrap_ANN,44.27116394042969,43.74740772048884,42.65013720767788,44.948539587778164
2025-06-09,M5_SortBootstrap_ANN,44.69696044921875,43.85000694061934,42.75233257146561,45.067078464410095
2025-06-10,M5_SortBootstrap_ANN,45.901371002197266,44.072795843169466,42.98124246965046,45.28938403707338
2025-06-11,M5_SortBootstrap_ANN,45.901371002197266,44.6141864846355,43.49424125891185,45.83957806494148
2025-06-12,M5_SortBootstrap_ANN,45.901371002197266,44.86083032388699,43.72462994912067,46.095899109439976
2025-06-13,M5_SortBootstrap_ANN,45.901371002197266,45.05614915658086,43.918477479356035,46.281304473437885
2025-06-16,M5_SortBootstrap_ANN,45.901371002197266,45.212605385696975,44.07560958048764,46.4423572377937
2025-06-17,M5_SortBootstrap_ANN,45.901371002197266,45.338650539147515,44.21002356770828,46.59433777289756
2025-06-18,M5_SortBootstrap_ANN,46.2979736328125,45.440026254020424,44.307055393152694,46.72289540195569
2025-06-19,M5_SortBootstrap_ANN,45.84054183959961,45.6635026969524,44.527379152784604,46.93859353929565
2025-06-20,M5_SortBootstrap_ANN,45.77241134643555,45.613268357267835,44.49006496005449,46.87899871522746
2025-06-23,M5_SortBootstrap_ANN,45.392845153808594,45.62241903549729,44.50267983015015,46.907264014276365
2025-06-24,M5_SortBootstrap_ANN,46.22011184692383,45.50041110793885,44.374371331688344,46.775202124487805
2025-06-25,M5_SortBootstrap_ANN,46.891666412353516,45.767614713669644,44.62728546629314,47.04366992938588
2025-06-26,M5_SortBootstrap_ANN,46.9500617980957,46.09029305005445,44.92955988386034,47.38789537551224
2025-06-27,M5_SortBootstrap_ANN,46.99872589111328,46.26112811026432,45.104347452745984,47.554000870250704
2025-06-30,M5_SortBootstrap_ANN,47.06685256958008,46.40661757395425,45.230899450111266,47.69181557489918
2025-07-01,M5_SortBootstrap_ANN,47.33936309814453,46.54119458441054,45.3647862418518,47.84114799495848
2025-07-02,M5_SortBootstrap_ANN,47.349098205566406,46.73437705430591,45.555368305744004,48.03161846948556
2025-07-03,M5_SortBootstrap_ANN,48.001182556152344,46.84789576804187,45.65636609746328,48.1302441513891
2025-07-04,M5_SortBootstrap_ANN,47.55348205566406,47.17047071787305,45.97195661449459,48.455411167199465
2025-07-07,M5_SortBootstrap_ANN,47.27123260498047,47.16307667396652,45.96484555787837,48.45422603565501
2025-07-08,M5_SortBootstrap_ANN,47.0571174621582,47.12682297732815,45.92947759723931,48.41045620790725
2025-07-09,M5_SortBootstrap_ANN,47.54374694824219,47.06392786005013,45.892254055462196,48.35301130408286
2025-07-10,M5_SortBootstrap_ANN,48.08877182006836,47.22331607016691,46.056091333024774,48.509992587928515
2025-07-11,M5_SortBootstrap_ANN,48.29315948486328,47.4688658523061,46.283963612185595,48.79061746637252
2025-07-14,M5_SortBootstrap_ANN,48.01091384887695,47.65292191193395,46.47123086071387,48.97424137412481
2025-07-15,M5_SortBootstrap_ANN,48.66299819946289,47.6653661138586,46.484968028225815,48.983171818060136
2025-07-16,M5_SortBootstrap_ANN,49.052303314208984,47.958784848348984,46.77780836007564,49.298383628156195
2025-07-17,M5_SortBootstrap_ANN,49.34428024291992,48.22618608460777,47.02858682158986,49.57185104042563
2025-07-18,M5_SortBootstrap_ANN,50.074222564697266,48.48473563287984,47.27551340778105,49.82561399475334
2025-07-21,M5_SortBootstrap_ANN,49.888004302978516,48.90670695290922,47.67284648416147,50.25450992380643
2025-07-22,M5_SortBootstrap_ANN,49.54496383666992,49.06459673413886,47.82078201998892,50.426154282620246
2025-07-23,M5_SortBootstrap_ANN,49.69198226928711,49.09633148702882,47.85804336526214,50.449568689972104
2025-07-24,M5_SortBootstrap_ANN,49.98601531982422,49.2277803456978,47.98983546510617,50.58000022886746
2025-07-25,M5_SortBootstrap_ANN,49.888004302978516,49.41381814112921,48.16899809390775,50.76096331779861
2025-07-28,M5_SortBootstrap_ANN,50.03501892089844,49.4799852077032,48.23567777064295,50.83276795791456
2025-07-29,M5_SortBootstrap_ANN,49.44694900512695,49.60201766230022,48.35761712114273,50.966161452325906
2025-07-30,M5_SortBootstrap_ANN,49.98601531982422,49.46243564839393,48.2327308954459,50.82623888509618
2025-07-31,M5_SortBootstrap_ANN,50.52507781982422,49.64107880012617,48.41464940346759,51.01556975276275
2025-08-01,M5_SortBootstrap_ANN,50.08402633666992,49.890407277918754,48.654130105222556,51.282077881615656
2025-08-04,M5_SortBootstrap_ANN,49.78998947143555,49.843182179006746,48.61082098792594,51.2110399594766
2025-08-05,M5_SortBootstrap_ANN,50.42707061767578,49.76973154576663,48.52870286609286,51.139495557723606
2025-08-06,M5_SortBootstrap_ANN,49.98601531982422,49.99117066240591,48.74627663931986,51.38307540042742
2025-08-07,M5_SortBootstrap_ANN,51.40718460083008,49.90382909771429,48.661943527864686,51.28194361757248
2025-08-08,M5_SortBootstrap_ANN,51.40718460083008,50.41966373455715,49.156687035644495,51.8042496328886
2025-08-11,M5_SortBootstrap_ANN,51.799232482910156,50.602393782593644,49.3240366623137,51.986417285170965
2025-08-12,M5_SortBootstrap_ANN,51.848243713378906,50.89256490005878,49.60438477480219,52.27780465285075
2025-08-13,M5_SortBootstrap_ANN,52.28929138183594,51.07970367649303,49.78993655151509,52.48434154443485
2025-08-14,M5_SortBootstrap_ANN,52.09326934814453,51.38165279403048,50.090328549627905,52.794224397249536
2025-08-15,M5_SortBootstrap_ANN,52.09326934814453,51.47914092585926,50.191762402979954,52.890279928279845
2025-08-18,M5_SortBootstrap_ANN,52.24028396606445,51.58766705699845,50.30087111584909,53.00432485254445
2025-08-19,M5_SortBootstrap_ANN,52.142276763916016,51.72614253384822,50.44010390875385,53.1465374006378
2025-08-20,M5_SortBootstrap_ANN,50.672096252441406,51.78113709165476,50.4948494715407,53.20899874242289
2025-08-21,M5_SortBootstrap_ANN,50.96613311767578,51.30101256760651,50.028963218357255,52.717747796196306
2025-08-22,M5_SortBootstrap_ANN,50.72110366821289,51.26492568998325,50.004372312216276,52.692866080909184
2025-08-25,M5_SortBootstrap_ANN,51.652217864990234,51.0937570125123,49.84899611016602,52.50029308693387
2025-08-26,M5_SortBootstrap_ANN,51.70122146606445,51.34173437048188,50.07744091272122,52.771306433503916
2025-08-27,M5_SortBootstrap_ANN,51.946250915527344,51.405974857650705,50.120817968121,52.83721636117047
2025-08-28,M5_SortBootstrap_ANN,51.45619201660156,51.53914015771266,50.257051688235705,52.95433992103959
2025-08-29,M5_SortBootstrap_ANN,51.45619201660156,51.429046502473746,50.1550564139504,52.84196553053252
2025-09-01,M5_SortBootstrap_ANN,50.96613311767578,51.417671195411444,50.13557686870927,52.84358873036138
2025-09-02,M5_SortBootstrap_ANN,50.96613311767578,51.22732989081487,49.9548228426671,52.632875995366405
2025-09-03,M5_SortBootstrap_ANN,50.91712951660156,51.15645183975917,49.8718833664372,52.5589371203772
2025-09-04,M5_SortBootstrap_ANN,51.26016616821289,51.08076499849344,49.803882125135864,52.489586022646385
2025-09-05,M5_SortBootstrap_ANN,51.799232482910156,51.1543019853387,49.88077448364431,52.55915050021427
2025-09-08,M5_SortBootstrap_ANN,52.28929138183594,51.35392703926178,50.06213377498292,52.750113622853334
2025-09-09,M5_SortBootstrap_ANN,52.8283576965332,51.605885927021646,50.31817856191837,53.02854678870958
2025-09-10,M5_SortBootstrap_ANN,53.857479095458984,51.92069322572278,50.627877239172086,53.340172653237076
2025-09-11,M5_SortBootstrap_ANN,54.347537994384766,52.45801039282588,51.14703992976583,53.92077012308359
2025-09-12,M5_SortBootstrap_ANN,54.88660430908203,52.90184433023422,51.58846379512344,54.37511513200302
2025-09-15,M5_SortBootstrap_ANN,54.88660430908203,53.37134992989325,52.0361516212941,54.86762001147615
2025-09-16,M5_SortBootstrap_ANN,55.6216926574707,53.66485848019124,52.31903485983302,55.15655701361617
2025-09-17,M5_SortBootstrap_ANN,55.22964096069336,54.16141563046903,52.80415674948179,55.667592333329424
2025-09-18,M5_SortBootstrap_ANN,55.817718505859375,54.30606787079831,52.93020597489408,55.82700759360508
2025-09-19,M5_SortBootstrap_ANN,55.866722106933594,54.69493874948403,53.301740178105874,56.22499361626919
2025-09-22,M5_SortBootstrap_ANN,56.25877380371094,54.93071176127799,53.536773696447455,56.465835172378775
2025-09-23,M5_SortBootstrap_ANN,57.28789520263672,55.25165376840224,53.858829358002296,56.7872471625527
2025-09-24,M5_SortBootstrap_ANN,57.238887786865234,55.81451743101862,54.3941174937329,57.374236482801024
2025-09-25,M5_SortBootstrap_ANN,57.04286575317383,56.083985081875255,54.65621385753293,57.638332846740695
2025-09-26,M5_SortBootstrap_ANN,56.111751556396484,56.23707483818838,54.812829123148276,57.79178846290884
2025-09-30,M5_SortBootstrap_ANN,56.650814056396484,56.05063143544808,54.642658073901025,57.606196270672605
2025-10-01,M5_SortBootstrap_ANN,56.94485092163086,56.24600377795389,54.8352824580412,57.808742331369416
2025-10-02,M5_SortBootstrap_ANN,58.02298355102539,56.420059192871506,55.01334375505749,57.9929034229384
2025-10-03,M5_SortBootstrap_ANN,58.856082916259766,56.90199398341294,55.4584101727596,58.47454265823999
2025-10-07,M5_SortBootstrap_ANN,60.4732780456543,57.41329049510432,55.95557098212798,59.00018428802327
2025-10-08,M5_SortBootstrap_ANN,59.9342155456543,57.04593930462504,54.93807864177337,59.297701617476974
2025-10-09,M5_SortBootstrap_ANN,60.37526321411133,58.50852146058623,57.01062660162742,60.111486396930474
2025-10-13,M5_SortBootstrap_ANN,59.78719711303711,58.162059057946806,56.01679976143238,60.44909372522597
2025-10-14,M5_SortBootstrap_ANN,59.49315643310547,59.00335463718129,57.51264003079115,60.60734249579883
2025-10-15,M5_SortBootstrap_ANN,60.571285247802734,59.040081405890874,57.56459576919225,60.64601968432139
2025-10-16,M5_SortBootstrap_ANN,61.747432708740234,59.58073907100171,58.06244944198081,61.242210771159904
2025-10-17,M5_SortBootstrap_ANN,60.81631851196289,60.19956337482788,58.667262878585724,61.87266607882992
2025-10-20,M5_SortBootstrap_ANN,61.84543991088867,60.14863652638767,58.619715687563485,61.81729431362417
2025-10-21,M5_SortBootstrap_ANN,61.943450927734375,60.58444842946775,59.07367170947215,62.2802262794289
2025-10-22,M5_SortBootstrap_ANN,61.45339584350586,60.7440833990161,59.219618186582224,62.461518851790984
2025-10-23,M5_SortBootstrap_ANN,61.1103515625,60.22071969749448,58.207146025887575,62.451927894063665
2025-10-27,M5_SortBootstrap_ANN,62.531524658203125,60.736929540351255,59.21667826262345,62.439579230598405
2025-10-28,M5_SortBootstrap_ANN,62.09046936035156,61.4675307921319,59.92855452391872,63.16884133082964
2025-10-29,M5_SortBootstrap_ANN,63.11959457397461,61.095717509296975,58.87675403696098,63.50078833622314
2025-10-30,M5_SortBootstrap_ANN,63.11959457397461,61.29764372153834,59.05277218930151,63.741068934534134
2025-10-31,M5_SortBootstrap_ANN,63.46263885498047,62.2775108040914,60.67731580837899,64.02545397555295
2025-11-03,M5_SortBootstrap_ANN,62.87456512451172,61.90477224371145,59.641433802165686,64.35858756095307
2025-11-04,M5_SortBootstrap_ANN,62.67854309082031,62.19723465361095,59.94188003004595,64.68190439544921
2025-11-05,M5_SortBootstrap_ANN,61.89445114135742,62.29413953101578,60.02922677539552,64.77042066935745
2025-11-06,M5_SortBootstrap_ANN,62.041465759277344,62.13307921975553,60.56972436171869,63.824343463366965
2025-11-07,M5_SortBootstrap_ANN,61.30637741088867,62.223460454740675,59.96741370769631,64.66511747992362
2025-11-10,M5_SortBootstrap_ANN,62.09046936035156,61.838997033577925,60.303471374892,63.50996593244918
2025-11-11,M5_SortBootstrap_ANN,61.649417877197266,61.954762244465115,59.70885033795596,64.39186178052674
2025-11-12,M5_SortBootstrap_ANN,61.943450927734375,61.80922008739506,60.26175716277342,63.53198183432083
2025-11-13,M5_SortBootstrap_ANN,61.649417877197266,61.85819562082157,59.63741178097496,64.34944044909534
2025-11-14,M5_SortBootstrap_ANN,60.4732780456543,61.75452060730627,60.234609115490606,63.47771547860161
2025-11-17,M5_SortBootstrap_ANN,60.66930389404297,61.28376947968479,59.79429430343517,62.96329520464396
2025-11-18,M5_SortBootstrap_ANN,59.248130798339844,61.16589165018087,59.66934582637104,62.84201565602992
2025-11-19,M5_SortBootstrap_ANN,58.856082916259766,60.50893921038199,59.02732255023118,62.16285325216282
2025-11-20,M5_SortBootstrap_ANN,60.66930389404297,60.07987207328329,58.59497557819973,61.71400691513666
2025-11-21,M5_SortBootstrap_ANN,58.660057067871094,60.47244533473387,58.97476005325039,62.157121754781265
2025-11-24,M5_SortBootstrap_ANN,58.366024017333984,59.74737269023394,58.27213399351298,61.39471171911003
2025-11-25,M5_SortBootstrap_ANN,59.150115966796875,59.39293361155672,57.921704611862644,61.040505093345914
2025-11-26,M5_SortBootstrap_ANN,60.13023376464844,59.446018945491055,57.99579787541547,61.09326800089781
2025-11-27,M5_SortBootstrap_ANN,60.66930389404297,59.718277695150974,58.26377149233281,61.36395011181394
2025-11-28,M5_SortBootstrap_ANN,61.1103515625,59.97803081889113,58.47939186338348,61.645140145338246
2025-12-01,M5_SortBootstrap_ANN,60.277252197265625,60.25442273061755,58.74809561100414,61.918985634295474
2025-12-02,M5_SortBootstrap_ANN,60.4732780456543,60.106502284405224,58.622301486179936,61.759436286908205
2025-12-03,M5_SortBootstrap_ANN,61.061344146728516,60.195789173654724,58.69619352732924,61.88947598703458
2025-12-04,M5_SortBootstrap_ANN,60.96333694458008,60.4483603213639,58.95193450619576,62.16625739685568
2025-12-05,M5_SortBootstrap_ANN,61.50239944458008,60.51840056878111,59.014141797418695,62.2049325440254
2025-12-08,M5_SortBootstrap_ANN,62.43351364135742,60.78908242010702,59.25716894680167,62.4933545451862
2025-12-09,M5_SortBootstrap_ANN,62.33549880981445,61.33780879567709,59.79578096605754,63.097179907744064
2025-12-10,M5_SortBootstrap_ANN,62.77655792236328,61.44602169152737,59.89764823814498,63.157641963500346
2025-12-11,M5_SortBootstrap_ANN,62.09046936035156,61.80514074580096,60.220590637703204,63.57075664877462
2025-12-12,M5_SortBootstrap_ANN,62.18848419189453,61.71779529098436,60.16685073594267,63.45378219847105
2025-12-15,M5_SortBootstrap_ANN,61.55140686035156,61.813162384163036,60.27386641163526,63.54843471877899
2025-12-16,M5_SortBootstrap_ANN,61.01234436035156,61.644795846989275,60.11110526961819,63.37982660850865
2025-12-17,M5_SortBootstrap_ANN,60.66930389404297,61.41340817451223,59.87745129923759,63.15126259767256
2025-12-18,M5_SortBootstrap_ANN,60.66930389404297,61.18993005590074,59.665446487578635,62.9082749503341
2025-12-19,M5_SortBootstrap_ANN,61.25736999511719,61.06652030007025,59.55404310386598,62.75127399249215
2025-12-22,M5_SortBootstrap_ANN,62.13947677612305,61.18486350990876,59.65010669503724,62.89572757232084
2025-12-23,M5_SortBootstrap_ANN,62.43351364135742,61.50401446022821,59.952172659634094,63.222151560727156
2025-12-24,M5_SortBootstrap_ANN,62.580528259277344,61.724084230206756,60.158651099274756,63.429184105860884
2025-12-26,M5_SortBootstrap_ANN,63.11959457397461,61.9073725651692,60.34748280075685,63.62765542587616
2025-12-29,M5_SortBootstrap_ANN,63.95269775390625,62.15320037898227,60.60251870254564,63.87129045056874
2025-12-30,M5_SortBootstrap_ANN,63.85468673706055,62.811743342183746,61.197231401676525,64.57253675897834
2025-12-31,M5_SortBootstrap_ANN,64.29573822021484,62.34187960299008,60.05161593997915,64.81494262145787
2026-01-02,M5_SortBootstrap_ANN,65.618896484375,62.62226802274943,60.33611834135067,65.11199437318379
2026-01-05,M5_SortBootstrap_ANN,68.11819458007812,63.89705338813068,62.277458216906666,65.67289464124572
2026-01-06,M5_SortBootstrap_ANN,69.00030517578125,65.20096859152436,63.46011111741083,67.12381057259319
2026-01-07,M5_SortBootstrap_ANN,68.46123504638672,66.24676437261532,63.56283615981499,69.16506180629166
2026-01-08,M5_SortBootstrap_ANN,68.70626831054688,65.27749410273091,62.86740052002931,67.86200595845837
2026-01-09,M5_SortBootstrap_ANN,68.46123504638672,65.60746329440448,63.29588463686183,68.11558122588475
2026-01-12,M5_SortBootstrap_ANN,68.9512939453125,67.23191858401759,65.53807136129596,69.11581767792605
2026-01-13,M5_SortBootstrap_ANN,69.2943344116211,67.67993317055986,65.95432482223643,69.58905335607973
2026-01-14,M5_SortBootstrap_ANN,69.34334564208984,67.83152497801923,66.09101758208152,69.75030830721732
2026-01-15,M5_SortBootstrap_ANN,69.2453384399414,67.62235394893234,65.14454624837443,70.32706950869724
2026-01-16,M5_SortBootstrap_ANN,70.56848907470703,68.47914742252387,66.73784950660755,70.42796652013021
2026-01-19,M5_SortBootstrap_ANN,71.15656280517578,69.24672042533378,67.42120683783054,71.27242933822707
2026-01-20,M5_SortBootstrap_ANN,71.15656280517578,69.57157481318609,67.77368742503286,71.54746624400593
2026-01-21,M5_SortBootstrap_ANN,70.42147064208984,69.12728679424723,66.57166457474148,71.90882079458946
2026-01-22,M5_SortBootstrap_ANN,71.36573028564453,69.28099545036353,66.8182830757827,71.9597816050394
2026-01-23,M5_SortBootstrap_ANN,71.81300354003906,69.66598081068932,67.09766487134235,72.42925718530225
2026-01-26,M5_SortBootstrap_ANN,71.81300354003906,69.98515246005296,67.39295168246703,72.74832885285501
2026-01-27,M5_SortBootstrap_ANN,72.60816955566406,70.93434611224096,69.1007815102428,72.88617161747432
2026-01-28,M5_SortBootstrap_ANN,73.75120544433594,71.4104471297939,69.57321062957516,73.38277642248971
2026-01-29,M5_SortBootstrap_ANN,73.3039321899414,72.09765004826124,70.25714164832641,74.10576378289703
2026-01-30,M5_SortBootstrap_ANN,72.160888671875,72.2684742987943,70.42587920038967,74.29265054767187
2026-02-02,M5_SortBootstrap_ANN,71.06754302978516,71.95471932163093,70.12138384971983,73.96972266384638
2026-02-03,M5_SortBootstrap_ANN,72.5087661743164,70.88331327410124,68.67977151326038,73.29178824265834
2026-02-04,M5_SortBootstrap_ANN,72.45907592773438,71.66159654851538,69.0745650707994,74.48931817242999
2026-02-05,M5_SortBootstrap_ANN,71.56451416015625,71.1846077786238,68.94159874822753,73.63306824181883
2026-02-06,M5_SortBootstrap_ANN,71.46512603759766,71.89055333090029,69.25553407327912,74.75601151268658
2026-02-09,M5_SortBootstrap_ANN,73.50271606445312,71.81179190523778,69.25443291331888,74.64350249210047
2026-02-10,M5_SortBootstrap_ANN,75.04335021972656,71.53314121686516,69.20372995565197,74.17947619959452
2026-02-11,M5_SortBootstrap_ANN,76.73306274414062,73.14757858696417,71.1693375570602,75.39057605681461
2026-02-23,M5_SortBootstrap_ANN,76.93185424804688,74.18950561099417,72.31273362602775,76.2599562697078
2026-02-24,M5_SortBootstrap_ANN,78.91976165771484,74.87720057416784,72.98152166519364,76.94117887815771
2026-02-25,M5_SortBootstrap_ANN,80.6094741821289,74.35383102028727,71.61004125276021,77.33511826945157
2026-02-26,M5_SortBootstrap_ANN,80.65917205810547,77.22886330915902,75.25235780906273,79.37893728803957
2026-03-02,M5_SortBootstrap_ANN,79.864013671875,77.9425613946384,75.92858475559375,80.08920991922457
2026-03-03,M5_SortBootstrap_ANN,78.27368927001953,76.9845612222508,74.09063269654355,80.04685329502921
2026-03-04,M5_SortBootstrap_ANN,75.14273834228516,77.75562102512023,75.76233401650832,79.93380037719686
2026-03-05,M5_SortBootstrap_ANN,76.93185424804688,76.69669725911564,74.76252321965185,78.85386371541371
2026-03-06,M5_SortBootstrap_ANN,76.38517761230469,77.02211495218795,75.08289983926649,79.1947617370838
2026-03-09,M5_SortBootstrap_ANN,73.15483856201172,76.67977680063986,74.75351349489364,78.82073706152995
2026-03-10,M5_SortBootstrap_ANN,74.74515533447266,75.34819881479892,73.49521858619947,77.42017382000904
2026-03-11,M5_SortBootstrap_ANN,77.72701263427734,75.59438747312406,73.73701257455241,77.7066719412877
2026-03-12,M5_SortBootstrap_ANN,76.1366958618164,76.4589529830529,74.59352095638118,78.61571331338149
2026-03-13,M5_SortBootstrap_ANN,75.4906234741211,76.1303120528544,73.36080089127444,79.21063060591882
2026-03-16,M5_SortBootstrap_ANN,75.14273834228516,75.81372835076296,73.61196658919543,78.27113248906188
2026-03-17,M5_SortBootstrap_ANN,76.18639373779297,75.5351808723125,73.64967181775242,77.62728177284855
2026-03-18,M5_SortBootstrap_ANN,77.32943725585938,75.55860746484899,73.54539479448373,77.78053973888407
2026-03-19,M5_SortBootstrap_ANN,75.54032135009766,75.81317665879034,73.03598739434935,78.88318531606195
2026-03-20,M5_SortBootstrap_ANN,75.44092559814453,75.52196039387717,73.51561020674448,77.68325854412227
2026-03-23,M5_SortBootstrap_ANN,73.80091094970703,75.92099621942307,73.1000061726503,78.94619300494236
2026-03-24,M5_SortBootstrap_ANN,73.95000457763672,74.92442920218535,73.02627534165694,77.06265810503749
2026-03-25,M5_SortBootstrap_ANN,75.7391128540039,75.330031307196,72.59330108586836,78.37508826021912
2026-03-26,M5_SortBootstrap_ANN,75.34153747558594,75.25916415839325,73.38051659531473,77.38123179447938
2026-03-27,M5_SortBootstrap_ANN,74.54637145996094,74.21688632615128,71.7001820037558,77.00709086152821
2026-03-30,M5_SortBootstrap_ANN,73.4530258178711,75.1066855946089,72.4220514895148,78.14305795698438
2026-03-31,M5_SortBootstrap_ANN,71.91239929199219,74.95299621410253,72.35505947873062,77.8886012457697
2026-04-01,M5_SortBootstrap_ANN,74.99364471435547,73.44067761129651,71.66229104919792,75.53014758752573
2026-04-02,M5_SortBootstrap_ANN,73.50271606445312,74.04277913891109,71.38794070480536,77.09281351053788
2026-04-07,M5_SortBootstrap_ANN,74.84455871582031,74.08120337197695,71.424050862084,77.09305190921968
2026-04-08,M5_SortBootstrap_ANN,78.72096252441406,74.18168266858315,72.27696757539928,76.3293023530127
2026-04-09,M5_SortBootstrap_ANN,78.67127227783203,74.19192256683128,71.44143689759218,77.25066243247281
2026-04-10,M5_SortBootstrap_ANN,80.2615966796875,76.54146161479086,74.52332866749956,78.78064919698953
2026-04-13,M5_SortBootstrap_ANN,80.11249542236328,77.4996760446574,75.46163065909992,79.6812962660627
2026-04-14,M5_SortBootstrap_ANN,82.59738159179688,77.99021368785688,75.96239142537988,80.22279923718057
2026-04-15,M5_SortBootstrap_ANN,83.64102935791016,79.12363459043523,77.0849199004897,81.35305678205299
2026-04-16,M5_SortBootstrap_ANN,84.48588562011719,78.3727676390717,75.39199999152446,81.54036347445494
2026-04-17,M5_SortBootstrap_ANN,83.64102935791016,81.34971268239536,79.23406072439263,83.662066775722
2026-04-20,M5_SortBootstrap_ANN,84.03861236572266,81.55858918479316,79.44319490799676,83.84831067428664
2026-04-21,M5_SortBootstrap_ANN,85.4798355102539,81.0085074336327,77.96641270056503,84.29642735872888
2026-04-22,M5_SortBootstrap_ANN,85.82772064208984,81.59707419401265,78.55870240758013,84.95593117914291
2026-04-23,M5_SortBootstrap_ANN,85.82772064208984,82.17483262731837,79.08423157815179,85.53223094876358
2026-04-24,M5_SortBootstrap_ANN,89.40594482421875,84.10326513487739,81.89621786735117,86.5010433902219
2026-04-27,M5_SortBootstrap_ANN,92.4375,85.91417814252691,83.7036565592827,88.3782917469897
2026-04-28,M5_SortBootstrap_ANN,91.44355010986328,87.594519127257,85.28590407441318,90.10744123304984
2026-04-29,M5_SortBootstrap_ANN,90.20111083984375,86.2440634348152,82.98563441552919,89.72088472426776
2026-04-30,M5_SortBootstrap_ANN,89.95262145996094,88.460054715697,86.09086510157758,90.95103927738946
2026-05-04,M5_SortBootstrap_ANN,94.02782440185547,88.58826069301603,86.25535384608156,91.10766888123793
2026-05-05,M5_SortBootstrap_ANN,94.02782440185547,88.15271759475874,84.91660913119235,91.65209933065839
2026-05-06,M5_SortBootstrap_ANN,95.17086791992188,88.95474485376997,85.59291284243618,92.54659178720364
2026-05-07,M5_SortBootstrap_ANN,97.10906982421875,89.9484313163969,86.64750600483443,93.41150650706444
2026-05-08,M5_SortBootstrap_ANN,96.4133071899414,91.19359822273375,87.69939969752672,94.8384325895025
2026-05-11,M5_SortBootstrap_ANN,96.31391143798828,92.37556454777989,88.87557059582011,96.1133109423903
2026-05-12,M5_SortBootstrap_ANN,96.26421356201172,93.14009145500815,89.63002079400684,96.89703114454066
2026-05-13,M5_SortBootstrap_ANN,94.92237854003906,94.76956526581102,92.3005151082236,97.41061539566245
2026-05-14,M5_SortBootstrap_ANN,95.46905517578125,94.18796418595228,90.70075302659855,98.02173004000774
2026-05-15,M5_SortBootstrap_ANN,94.82298278808594,94.87941882369918,92.51794214770382,97.59941171961265
2026-05-18,M5_SortBootstrap_ANN,94.32601165771484,94.63492604534174,92.22895090980462,97.30393018868081
2026-05-19,M5_SortBootstrap_ANN,92.53689575195312,94.45525676999966,92.0886554522136,97.0970726123765
2026-05-20,M5_SortBootstrap_ANN,91.94052124023438,93.89688869037974,90.7939274963469,97.36916376052544
2026-05-21,M5_SortBootstrap_ANN,95.270263671875,92.821776433693,89.4386133738368,96.62832302812906
2026-05-22,M5_SortBootstrap_ANN,96.71149444580078,92.88788588839864,89.69535480931883,96.44127144103044
2026-05-25,M5_SortBootstrap_ANN,100.19032287597656,94.56579782710863,92.1677318999753,97.24444631734302
2026-05-26,M5_SortBootstrap_ANN,99.49455261230469,96.63550657415439,94.19060925690266,99.34108507837676
2026-05-27,M5_SortBootstrap_ANN,101.92974090576172,95.53013119597243,91.9761889638201,99.35559027504874
2026-05-28,M5_SortBootstrap_ANN,99.89213562011719,96.51560598808926,92.4133922509303,100.94201981879358
2026-05-29,M5_SortBootstrap_ANN,104.76250457763672,97.34160569872833,93.67853633976229,101.31078396711573
2026-06-01,M5_SortBootstrap_ANN,104.86189270019531,97.87650007499211,94.18000150076506,101.87855005307424
2026-06-02,M5_SortBootstrap_ANN,105.06068420410156,99.17851636942017,95.4768659258745,103.23010596214918
2026-06-03,M5_SortBootstrap_ANN,106.9491958618164,100.27639519367597,96.52561335813877,104.35310592759292
2026-06-04,M5_SortBootstrap_ANN,105.45826721191406,101.28027982500329,97.44859698161245,105.44814990428152
2026-06-05,M5_SortBootstrap_ANN,103.52006530761719,102.29592521282106,98.47400224777782,106.41200228800888
2026-06-08,M5_SortBootstrap_ANN,100.33941650390625,102.88157247923351,99.04873569968007,107.06552471934599
2026-06-09,M5_SortBootstrap_ANN,102.87399291992188,102.95884459671716,99.17265832435672,107.22758718876813
2026-06-10,M5_SortBootstrap_ANN,99.64364624023438,102.60289459203555,100.02696041059107,105.50030294906834
2026-06-11,M5_SortBootstrap_ANN,99.2460708618164,102.41984085152696,98.6873083473124,106.66535962533167
2026-06-12,M5_SortBootstrap_ANN,101.33336639404297,101.80415438705168,98.07448827782515,105.9752297408487
2026-06-15,M5_SortBootstrap_ANN,104.61341094970703,101.26384044006859,97.51088599913498,105.44696194940188
2026-06-16,M5_SortBootstrap_ANN,105.25947570800781,101.2996995889427,97.55156114860641,105.39805780140776
2026-06-17,M5_SortBootstrap_ANN,105.35887145996094,103.1607040288273,100.51038958678727,106.11566856762579
2026-06-18,M5_SortBootstrap_ANN,106.65100860595703,102.54184362200154,98.66015481693084,106.74868898972029
2026-06-22,M5_SortBootstrap_ANN,110.47772216796875,102.35613142493845,98.73533689228593,106.2302138640603
2026-06-23,M5_SortBootstrap_ANN,109.43407440185547,106.41032222557811,103.6619504428643,109.43647975590237
2026-06-24,M5_SortBootstrap_ANN,106.50191497802734,106.78397747366567,104.02838867141134,109.74057183607378
2026-06-25,M5_SortBootstrap_ANN,106.5516128540039,105.85132997756648,102.1509615147399,109.79599546958035
2026-06-26,M5_SortBootstrap_ANN,102.47640991210938,105.67240116011406,101.5430570814377,110.07770775606349
2026-06-29,M5_SortBootstrap_ANN,103.81824493408203,105.99035670668407,102.0583302508712,110.32922445010156
2026-06-30,M5_SortBootstrap_ANN,107.14798736572266,105.24749720110484,101.35733547054416,109.54830596039231
2026-07-01,M5_SortBootstrap_ANN,108.68860626220703,105.58005442351141,102.90894397152506,108.60683749137745
2026-07-02,M5_SortBootstrap_ANN,108.14193725585938,105.34455787755729,101.49184058492878,109.6788784852139
2026-07-03,M5_SortBootstrap_ANN,107.69465637207031,106.7762863099659,104.12293536297163,109.81230136012339
2026-07-06,M5_SortBootstrap_ANN,107.59526062011719,106.9419975781453,104.29800861917899,109.98287327433663
2026-07-07,M5_SortBootstrap_ANN,105.55765533447266,106.583034015396,102.6611884537767,110.97591906589977
2026-07-08,M5_SortBootstrap_ANN,105.4085693359375,106.7249291888847,102.80890627738293,111.15688470143026
2026-07-09,M5_SortBootstrap_ANN,105.16008758544922,105.98531607267026,103.30445741895927,109.00556952056169
2026-07-10,M5_SortBootstrap_ANN,105.16008758544922,106.17194329146098,102.07935893450042,110.69370901717247
2026-07-13,M5_SortBootstrap_ANN,105.35887145996094,105.928688180827,101.92021801237293,110.29698624173895
2026-07-14,M5_SortBootstrap_ANN,103.76854705810547,105.74301961183988,101.75715728638677,110.07106525260768
2026-07-15,M5_SortBootstrap_ANN,105.65705871582031,105.61415527736773,101.64061815991927,109.8637926740359
2026-07-16,M5_SortBootstrap_ANN,105.75645446777344,105.2148419384744,101.28355880630514,109.49262713632285
2026-07-17,M5_SortBootstrap_ANN,99.54425811767578,105.45623494182911,102.75871020739783,108.454926042018
2026-07-20,M5_SortBootstrap_ANN,98.5999984741211,104.50996592211577,100.45140635151782,108.96001306856976
2026-07-21,M5_SortBootstrap_ANN,102.5,101.68326754971241,99.11900694456591,104.61963817913121
2026-07-22,M5_SortBootstrap_ANN,103.8499984741211,102.62441430773694,100.07967506495218,105.54397847080035
2026-07-23,M5_SortBootstrap_ANN,103.9000015258789,102.74792592333681,98.97139800659694,106.94633563951405
2026-07-24,M5_SortBootstrap_ANN,101.69999694824219,102.16089007533141,98.61339954813553,106.0023025161983
2026-07-27,M5_SortBootstrap_ANN,101.44999694824219,102.49979632910936,99.89999780772901,105.4225578845116
2026-07-28,M5_SortBootstrap_ANN,97.1500015258789,102.28022369280774,99.75560433030584,105.21108055014054
2026-07-29,M5_SortBootstrap_ANN,93.69999694824219,102.38342213313992,98.63717592020825,106.63180894937251
2026-07-30,M5_SortBootstrap_ANN,93.5,97.96805200700928,95.54466401627346,100.71027377182313
2026-07-31,M5_SortBootstrap_ANN,102.8499984741211,96.76755419519753,94.21208951614345,99.65016521380619
2025-01-02,M6_OOT_Adaptive_EnbPI,46.571590423583984,46.95372739254952,45.614457734154286,48.15337742902401
2025-01-03,M6_OOT_Adaptive_EnbPI,47.039588928222656,46.73404512784944,45.39964587180387,47.92660904904507
2025-01-06,M6_OOT_Adaptive_EnbPI,48.51557540893555,47.13345780015409,45.78803546181455,48.3366165652209
2025-01-07,M6_OOT_Adaptive_EnbPI,49.05556869506836,48.33885301946549,46.95779729867525,49.60084432072706
2025-01-08,M6_OOT_Adaptive_EnbPI,48.323577880859375,49.04509450557234,47.64233455839348,50.32391115955384
2025-01-09,M6_OOT_Adaptive_EnbPI,47.77157974243164,48.29933427843219,46.916884483339096,49.55762870370604
2025-01-10,M6_OOT_Adaptive_EnbPI,47.75958251953125,47.82941707025701,46.46310069812418,49.07830343334566
2025-01-13,M6_OOT_Adaptive_EnbPI,46.65559005737305,47.80690075665958,46.441717062757405,49.05571620758434
2025-01-14,M6_OOT_Adaptive_EnbPI,46.94358825683594,46.57805309620864,45.2507703705786,47.7977363858879
2025-01-15,M6_OOT_Adaptive_EnbPI,46.58359146118164,46.99297612395579,45.653910381666016,48.223567367742056
2025-01-16,M6_OOT_Adaptive_EnbPI,47.531585693359375,46.932139479610846,45.5958439874898,48.16223267268638
2025-01-17,M6_OOT_Adaptive_EnbPI,47.762733459472656,47.7918200994333,46.430343080910745,49.043702034532444
2025-01-20,M6_OOT_Adaptive_EnbPI,48.24936294555664,47.67038719926268,46.31305200122818,48.91980915798755
2025-01-21,M6_OOT_Adaptive_EnbPI,48.34668731689453,48.26135130784811,46.886308277876964,49.52533149867744
2025-01-22,M6_OOT_Adaptive_EnbPI,48.97930908203125,48.22974269105162,46.8550908627967,49.492356993173225
2025-02-03,M6_OOT_Adaptive_EnbPI,46.88679885864258,48.879683387408434,47.48431819004627,50.15700074770752
2025-02-04,M6_OOT_Adaptive_EnbPI,47.16661071777344,46.99487754327423,45.65517090869052,48.244262038339016
2025-02-05,M6_OOT_Adaptive_EnbPI,47.88439178466797,47.382798612593625,46.03171553583177,48.642160399014585
2025-02-06,M6_OOT_Adaptive_EnbPI,48.09120178222656,47.757992767547854,46.39623905499673,49.027355938264776
2025-02-07,M6_OOT_Adaptive_EnbPI,48.31018829345703,48.29098911626108,46.91347953186899,49.57392896835959
2025-02-10,M6_OOT_Adaptive_EnbPI,47.762733459472656,48.34516967088385,46.96458454663298,49.62793213327334
2025-02-11,M6_OOT_Adaptive_EnbPI,48.054710388183594,48.019860210674466,46.649582829639364,49.2950667628302
2025-02-12,M6_OOT_Adaptive_EnbPI,47.981712341308594,48.24094604964015,46.86448863097813,49.52215980808641
2025-02-13,M6_OOT_Adaptive_EnbPI,47.774898529052734,47.77454142262828,46.413813469863676,49.02475840283679
2025-02-14,M6_OOT_Adaptive_EnbPI,47.20310592651367,47.760026453488415,46.40004838580587,49.01021898299864
2025-02-17,M6_OOT_Adaptive_EnbPI,47.9208869934082,47.32977532027331,45.98291861374043,48.56962415207796
2025-02-18,M6_OOT_Adaptive_EnbPI,48.09120178222656,48.00044863880085,46.632747390503845,49.25600814861646
2025-02-19,M6_OOT_Adaptive_EnbPI,48.00605010986328,48.181689989779535,46.809930314400994,49.44315825303106
2025-02-20,M6_OOT_Adaptive_EnbPI,47.82356262207031,48.032083944244725,46.6657534593627,49.29087092826463
2025-02-21,M6_OOT_Adaptive_EnbPI,48.16419982910156,47.72731640846578,46.37103257349767,48.97957092626882
2025-02-24,M6_OOT_Adaptive_EnbPI,47.738399505615234,48.336562430611885,46.96265180268767,49.6044708775806
2025-02-25,M6_OOT_Adaptive_EnbPI,47.11794662475586,47.744382816241846,46.38833657515495,48.997848340625225
2025-02-26,M6_OOT_Adaptive_EnbPI,47.37342834472656,47.19884963126523,45.858895370216175,48.43862415238903
2025-02-27,M6_OOT_Adaptive_EnbPI,46.838134765625,47.513909374159425,46.1650366050141,48.761986939264126
2025-03-03,M6_OOT_Adaptive_EnbPI,45.7553825378418,47.0283390470569,45.69376818493313,48.26420796550327
2025-03-04,M6_OOT_Adaptive_EnbPI,45.45124053955078,46.174003305183376,44.86433613823258,47.38811736528858
2025-03-05,M6_OOT_Adaptive_EnbPI,46.04736328125,45.94484967628134,44.642061066527624,47.15333851660845
2025-03-06,M6_OOT_Adaptive_EnbPI,45.767547607421875,46.32144248824606,45.007841187132136,47.53969509239036
2025-03-07,M6_OOT_Adaptive_EnbPI,45.34174728393555,45.92516888101024,44.62394270816928,47.134200935040184
2025-03-10,M6_OOT_Adaptive_EnbPI,45.074100494384766,45.65206486766648,44.35761951039751,46.85289609383578
2025-03-11,M6_OOT_Adaptive_EnbPI,44.283329010009766,45.482880620504126,44.193720868714365,46.67977756057226
2025-03-12,M6_OOT_Adaptive_EnbPI,44.47798156738281,44.58583265718214,43.32399227525241,45.761123587047834
2025-03-13,M6_OOT_Adaptive_EnbPI,44.06434631347656,44.57744245688356,43.31405417815201,45.750626436029485
2025-03-14,M6_OOT_Adaptive_EnbPI,43.91835403442383,44.24535308919652,42.99051019027886,45.4088819282555
2025-03-17,M6_OOT_Adaptive_EnbPI,44.29549789428711,44.34979261721622,43.09159497629613,45.515653099211235
2025-03-18,M6_OOT_Adaptive_EnbPI,44.47798156738281,44.74367350048548,43.47383910220134,45.91939984015882
2025-03-19,M6_OOT_Adaptive_EnbPI,43.93052291870117,44.94295210175208,43.66587989052844,46.12224361763337
2025-03-20,M6_OOT_Adaptive_EnbPI,44.87944793701172,44.28589893542322,43.02905617655451,45.44959626571864
2025-03-21,M6_OOT_Adaptive_EnbPI,44.51447296142578,45.17808036126178,43.896379287736806,46.36570943988211
2025-03-24,M6_OOT_Adaptive_EnbPI,44.46581268310547,44.85862423097579,43.58761269490052,46.03957360908049
2025-03-25,M6_OOT_Adaptive_EnbPI,44.92810821533203,44.97908445722558,43.703781896656196,46.16227774873539
2025-03-26,M6_OOT_Adaptive_EnbPI,44.8916130065918,45.23400636491218,43.951495048254394,46.42392566133779
2025-03-27,M6_OOT_Adaptive_EnbPI,44.04001235961914,45.37753622495242,44.09049692842667,46.57074690017888
2025-03-28,M6_OOT_Adaptive_EnbPI,43.602046966552734,44.49966374043587,43.237780151752105,45.70178102913813
2025-03-31,M6_OOT_Adaptive_EnbPI,42.03266143798828,44.07573472289913,42.82765897822288,45.26828819018429
2025-04-01,M6_OOT_Adaptive_EnbPI,42.89643096923828,42.88824430377318,41.645337292658084,44.06282393321033
2025-04-02,M6_OOT_Adaptive_EnbPI,42.82343673706055,43.43221143505564,42.17238639976311,44.62046792219583
2025-04-07,M6_OOT_Adaptive_EnbPI,38.54109573364258,43.10884344056985,41.85832587359147,44.28817637244022
2025-04-08,M6_OOT_Adaptive_EnbPI,37.288021087646484,39.88240423120504,38.80556202248341,41.0795702042241
2025-04-09,M6_OOT_Adaptive_EnbPI,35.57265090942383,39.11010840875432,37.90268920858612,40.13128109805069
2025-04-10,M6_OOT_Adaptive_EnbPI,39.12504959106445,37.48967865045646,36.494176171531066,38.652876660213614
2025-04-11,M6_OOT_Adaptive_EnbPI,40.03748321533203,39.23739579942623,38.183803765281326,40.45197503751881
2025-04-14,M6_OOT_Adaptive_EnbPI,39.83066177368164,39.760648252554574,38.698416534613195,40.98821670549681
2025-04-15,M6_OOT_Adaptive_EnbPI,40.23213577270508,40.04844246774336,38.976824795716844,41.28309849034994
2025-04-16,M6_OOT_Adaptive_EnbPI,39.50218963623047,40.53583892107933,39.451594877618675,41.785960900362845
2025-04-17,M6_OOT_Adaptive_EnbPI,39.0642204284668,39.68057242706622,38.62244296456728,40.907747750128884
2025-04-18,M6_OOT_Adaptive_EnbPI,39.14937973022461,39.12008033019797,38.07853797314633,40.33165969144509
2025-04-21,M6_OOT_Adaptive_EnbPI,38.589759826660156,39.55497716105016,38.5008849655152,40.778997117581014
2025-04-22,M6_OOT_Adaptive_EnbPI,37.944969177246094,39.3606896117676,38.33411519206258,40.59120118033814
2025-04-23,M6_OOT_Adaptive_EnbPI,39.62384796142578,39.046929178942264,38.00501675574185,40.25378819536639
2025-04-24,M6_OOT_Adaptive_EnbPI,39.392696380615234,39.643440690277714,38.58339842671607,40.86639293197556
2025-04-25,M6_OOT_Adaptive_EnbPI,40.32946014404297,39.292130014209306,38.24314836166348,40.50601013987964
2025-04-28,M6_OOT_Adaptive_EnbPI,40.67009735107422,40.29127192928728,39.212717387183694,41.53294893706309
2025-04-29,M6_OOT_Adaptive_EnbPI,40.82825469970703,40.249066188579995,39.17131528225173,41.48909705367925
2025-04-30,M6_OOT_Adaptive_EnbPI,41.02290725708008,40.84623266585199,39.75084325410418,42.102915918229925
2025-05-02,M6_OOT_Adaptive_EnbPI,42.21514892578125,41.00182914722114,39.901724484933446,42.26272484944265
2025-05-05,M6_OOT_Adaptive_EnbPI,41.838008880615234,42.10225568488782,40.970110603149955,43.394327784654095
2025-05-06,M6_OOT_Adaptive_EnbPI,41.60686111450195,41.956023852198264,40.82739361969456,43.24316618246833
2025-05-07,M6_OOT_Adaptive_EnbPI,41.44871139526367,41.76834768003086,40.67388419948526,43.06362812693395
2025-05-08,M6_OOT_Adaptive_EnbPI,41.99616622924805,41.456833406739406,40.37069661701943,42.742627131799615
2025-05-09,M6_OOT_Adaptive_EnbPI,42.519290924072266,41.98969821671731,40.88977262776349,43.29220081369001
2025-05-12,M6_OOT_Adaptive_EnbPI,42.99375915527344,42.33341740310403,41.223234822667195,43.645255168796496
2025-05-13,M6_OOT_Adaptive_EnbPI,43.516883850097656,42.8886666169666,41.76345673622286,44.217217154951626
2025-05-14,M6_OOT_Adaptive_EnbPI,44.5023078918457,43.439878102848546,42.29985716407201,44.7851331287183
2025-05-15,M6_OOT_Adaptive_EnbPI,44.40498352050781,44.302253563531444,43.138278572857764,45.67281495385531
2025-05-16,M6_OOT_Adaptive_EnbPI,44.526641845703125,44.21570004139055,43.05299462438664,45.582520252121284
2025-05-19,M6_OOT_Adaptive_EnbPI,43.90618896484375,44.41994968371877,43.251215510436445,45.792387361984055
2025-05-20,M6_OOT_Adaptive_EnbPI,43.99135208129883,43.84688841817513,42.695141824056726,45.20364225163306
2025-05-21,M6_OOT_Adaptive_EnbPI,44.67263412475586,44.012992005458614,42.85761347709429,45.37565972636609
2025-05-22,M6_OOT_Adaptive_EnbPI,44.186004638671875,44.52512022214082,43.32319616524097,45.85106272466208
2025-05-23,M6_OOT_Adaptive_EnbPI,44.003517150878906,44.20914327627258,43.01608966768685,45.52603686025453
2025-05-26,M6_OOT_Adaptive_EnbPI,43.95485305786133,44.11447963911622,42.98730065984807,45.485767488578105
2025-05-27,M6_OOT_Adaptive_EnbPI,43.565547943115234,43.985402745053655,42.86346073919233,45.35472986234231
2025-05-28,M6_OOT_Adaptive_EnbPI,43.63854217529297,43.78329076120035,42.698250163982365,45.15292197916779
2025-05-29,M6_OOT_Adaptive_EnbPI,43.73586654663086,43.757632303667336,42.67449334962902,45.12779941370316
2025-06-02,M6_OOT_Adaptive_EnbPI,42.799102783203125,43.829277030658524,42.74473730005316,45.202081605615675
2025-06-03,M6_OOT_Adaptive_EnbPI,43.103248596191406,43.15299699574873,42.08673089222253,44.506247188971805
2025-06-04,M6_OOT_Adaptive_EnbPI,44.11301040649414,43.23985522892285,42.17101673058025,44.59537852031907
2025-06-05,M6_OOT_Adaptive_EnbPI,44.19816589355469,44.00897977113289,42.92017624999583,45.3876063329393
2025-06-06,M6_OOT_Adaptive_EnbPI,44.27116394042969,44.156946905205395,43.06446517161425,45.540190253715295
2025-06-09,M6_OOT_Adaptive_EnbPI,44.69696044921875,44.117400485675205,43.0261386780892,45.49966041548478
2025-06-10,M6_OOT_Adaptive_EnbPI,45.901371002197266,44.81350950254583,43.7040291459665,46.216522003229784
2025-06-11,M6_OOT_Adaptive_EnbPI,45.901371002197266,45.877261406955334,44.738164814883206,47.31010890656052
2025-06-12,M6_OOT_Adaptive_EnbPI,45.901371002197266,45.675931914195736,44.54248817817641,47.1031830518373
2025-06-13,M6_OOT_Adaptive_EnbPI,45.901371002197266,45.9273623037317,44.78812204615067,47.362938119866726
2025-06-16,M6_OOT_Adaptive_EnbPI,45.901371002197266,46.0887437760646,44.946915696091445,47.53086062861186
2025-06-17,M6_OOT_Adaptive_EnbPI,45.901371002197266,45.98311837032417,44.84390287027932,47.42192571748822
2025-06-18,M6_OOT_Adaptive_EnbPI,46.2979736328125,45.832050694705764,44.696466424282555,47.266013324886394
2025-06-19,M6_OOT_Adaptive_EnbPI,45.84054183959961,46.18043264087886,45.03388683945397,47.62283163996725
2025-06-20,M6_OOT_Adaptive_EnbPI,45.77241134643555,45.86276718816002,44.72376266950736,47.294878798909956
2025-06-23,M6_OOT_Adaptive_EnbPI,45.392845153808594,45.85734305578793,44.71750225756655,47.28825848330369
2025-06-24,M6_OOT_Adaptive_EnbPI,46.22011184692383,45.46106851476295,44.33219485150049,46.88080021095575
2025-06-25,M6_OOT_Adaptive_EnbPI,46.891666412353516,46.22534380091884,45.07521008874567,47.66653051390303
2025-06-26,M6_OOT_Adaptive_EnbPI,46.9500617980957,46.768186082863274,45.60229341369503,48.22391523474188
2025-06-27,M6_OOT_Adaptive_EnbPI,46.99872589111328,47.10484713257681,45.93058998475086,48.57108518671843
2025-06-30,M6_OOT_Adaptive_EnbPI,47.06685256958008,47.230439857404086,46.05321659902299,48.70076145976321
2025-07-01,M6_OOT_Adaptive_EnbPI,47.33936309814453,47.1245607244626,45.94878475895264,48.59032595693281
2025-07-02,M6_OOT_Adaptive_EnbPI,47.349098205566406,47.22259537419231,46.04275258887639,48.6896958860705
2025-07-03,M6_OOT_Adaptive_EnbPI,48.001182556152344,47.19967200581703,46.03215928292147,48.66076024836445
2025-07-04,M6_OOT_Adaptive_EnbPI,47.55348205566406,47.95627997582882,46.76764503493489,49.43824486786375
2025-07-07,M6_OOT_Adaptive_EnbPI,47.27123260498047,47.62823407248785,46.44906231453227,49.10146993446333
2025-07-08,M6_OOT_Adaptive_EnbPI,47.0571174621582,47.36714692443271,46.19395103100288,48.831790884037325
2025-07-09,M6_OOT_Adaptive_EnbPI,47.54374694824219,47.037794673328264,45.8730203624125,48.49253392620834
2025-07-10,M6_OOT_Adaptive_EnbPI,48.08877182006836,47.46690006247972,46.29098237518078,48.93436306507708
2025-07-11,M6_OOT_Adaptive_EnbPI,48.29315948486328,47.9316255130372,46.74226526542453,49.41141582272356
2025-07-14,M6_OOT_Adaptive_EnbPI,48.01091384887695,48.351999523335564,47.150764990865795,49.84324234380955
2025-07-15,M6_OOT_Adaptive_EnbPI,48.66299819946289,48.19659593864622,46.99985770289664,49.6837177098582
2025-07-16,M6_OOT_Adaptive_EnbPI,49.052303314208984,48.68230448025685,47.47284816107761,50.1837176152254
2025-07-17,M6_OOT_Adaptive_EnbPI,49.34428024291992,48.86881526336776,47.65382621848561,50.37503016712241
2025-07-18,M6_OOT_Adaptive_EnbPI,50.074222564697266,49.24495809743217,48.020372544401226,50.762507599490355
2025-07-21,M6_OOT_Adaptive_EnbPI,49.888004302978516,49.95899403468266,48.7159357672501,51.49778997059534
2025-07-22,M6_OOT_Adaptive_EnbPI,49.54496383666992,49.95010258253284,48.543584469106136,51.298393926731606
2025-07-23,M6_OOT_Adaptive_EnbPI,49.69198226928711,49.603503759706115,48.20844980058542,50.94424063475082
2025-07-24,M6_OOT_Adaptive_EnbPI,49.98601531982422,49.558231797029194,48.16475658922486,50.89806786871367
2025-07-25,M6_OOT_Adaptive_EnbPI,49.888004302978516,49.87510072045131,48.471697636523466,51.222427574096095
2025-07-28,M6_OOT_Adaptive_EnbPI,50.03501892089844,49.79812839758267,48.39765536208656,51.14418346001109
2025-07-29,M6_OOT_Adaptive_EnbPI,49.44694900512695,50.018394913664594,48.611946716193394,51.37063567647365
2025-07-30,M6_OOT_Adaptive_EnbPI,49.98601531982422,49.62807097822229,48.23338451874526,50.970590378153666
2025-07-31,M6_OOT_Adaptive_EnbPI,50.52507781982422,49.96147291965585,48.56017177265457,51.28047201307901
2025-08-01,M6_OOT_Adaptive_EnbPI,50.08402633666992,50.32043391876527,48.90718660067781,51.646926321763964
2025-08-04,M6_OOT_Adaptive_EnbPI,49.78998947143555,50.19319466486412,48.78400568535519,51.51684491450862
2025-08-05,M6_OOT_Adaptive_EnbPI,50.42707061767578,49.85213289442966,48.454691729015074,51.16908306554571
2025-08-06,M6_OOT_Adaptive_EnbPI,49.98601531982422,50.47671163533673,49.061453817706656,51.80983545936792
2025-08-07,M6_OOT_Adaptive_EnbPI,51.40718460083008,49.98690205464517,48.585497923133474,51.30721691334242
2025-08-08,M6_OOT_Adaptive_EnbPI,51.40718460083008,51.200484370135584,49.97899217210954,52.7850551201868
2025-08-11,M6_OOT_Adaptive_EnbPI,51.799232482910156,51.30767863658385,50.084524451431,52.89651249335191
2025-08-12,M6_OOT_Adaptive_EnbPI,51.848243713378906,51.96283762277708,50.723580856832555,53.57144862387385
2025-08-13,M6_OOT_Adaptive_EnbPI,52.28929138183594,51.69625047622013,50.4639144209901,53.29720325530767
2025-08-14,M6_OOT_Adaptive_EnbPI,52.09326934814453,52.23818930864004,50.992294370479605,53.85524901705812
2025-08-15,M6_OOT_Adaptive_EnbPI,52.09326934814453,51.92930513692429,50.69177172615913,53.537853574375056
2025-08-18,M6_OOT_Adaptive_EnbPI,52.24028396606445,51.95840927357974,50.71820755782557,53.565773641807674
2025-08-19,M6_OOT_Adaptive_EnbPI,52.142276763916016,52.30315930543311,51.05517660026606,53.92166176011481
2025-08-20,M6_OOT_Adaptive_EnbPI,50.672096252441406,52.17840178498057,50.93267914190707,53.79228670050383
2025-08-21,M6_OOT_Adaptive_EnbPI,50.96613311767578,50.70418478641477,49.4117558791333,52.218364253756775
2025-08-22,M6_OOT_Adaptive_EnbPI,50.72110366821289,51.10844356201119,49.80502800583782,52.633974401539
2025-08-25,M6_OOT_Adaptive_EnbPI,51.652217864990234,50.71577376763259,49.42183196031762,52.22901266056142
2025-08-26,M6_OOT_Adaptive_EnbPI,51.70122146606445,51.59154654069813,50.274587279767495,53.13020483837608
2025-08-27,M6_OOT_Adaptive_EnbPI,51.946250915527344,51.76589830917105,50.44394555939023,53.30918273902711
2025-08-28,M6_OOT_Adaptive_EnbPI,51.45619201660156,52.218492398607346,50.88523462540738,53.775537208332985
2025-08-29,M6_OOT_Adaptive_EnbPI,51.45619201660156,51.47624314159929,50.16297354096483,53.0122513925852
2025-09-01,M6_OOT_Adaptive_EnbPI,50.96613311767578,51.3597880401432,50.04953978092773,52.892374547593484
2025-09-02,M6_OOT_Adaptive_EnbPI,50.96613311767578,50.80395829531963,49.508891768020696,52.321017501709385
2025-09-03,M6_OOT_Adaptive_EnbPI,50.91712951660156,50.87952670751288,49.58303918758922,52.399376525682875
2025-09-04,M6_OOT_Adaptive_EnbPI,51.26016616821289,50.98844307712647,49.68827439233477,52.510589134017664
2025-09-05,M6_OOT_Adaptive_EnbPI,51.799232482910156,51.553948156935746,50.238927633075306,53.092519708855725
2025-09-08,M6_OOT_Adaptive_EnbPI,52.28929138183594,51.791846751071795,50.46885582146515,53.335507914393624
2025-09-09,M6_OOT_Adaptive_EnbPI,52.8283576965332,52.30496274627306,50.96817458171812,53.863188188808515
2025-09-10,M6_OOT_Adaptive_EnbPI,53.857479095458984,52.7764235011711,51.42573711172928,54.346740461661135
2025-09-11,M6_OOT_Adaptive_EnbPI,54.347537994384766,53.730153322647446,52.353009964117796,55.32668279941342
2025-09-12,M6_OOT_Adaptive_EnbPI,54.88660430908203,54.20059472208076,52.80978312832122,55.80940087015068
2025-09-15,M6_OOT_Adaptive_EnbPI,54.88660430908203,54.82309186709049,53.41636103633778,56.45043265672734
2025-09-16,M6_OOT_Adaptive_EnbPI,55.6216926574707,54.85888368429151,53.45070501749953,56.48672739036552
2025-09-17,M6_OOT_Adaptive_EnbPI,55.22964096069336,55.611978439768556,54.183931980765635,57.2616019514348
2025-09-18,M6_OOT_Adaptive_EnbPI,55.817718505859375,55.133972130669356,53.72046363777852,56.77180841296217
2025-09-19,M6_OOT_Adaptive_EnbPI,55.866722106933594,55.67935517712471,54.25144941184772,57.332954400806315
2025-09-22,M6_OOT_Adaptive_EnbPI,56.25877380371094,55.699001780731535,54.27061643493178,57.35321011880815
2025-09-23,M6_OOT_Adaptive_EnbPI,57.28789520263672,56.12537289387952,54.68467165331239,57.79078384655534
2025-09-24,M6_OOT_Adaptive_EnbPI,57.238887786865234,57.01301920565969,55.54673855991586,58.70181651356363
2025-09-25,M6_OOT_Adaptive_EnbPI,57.04286575317383,57.10575544456657,55.636460057671066,58.79663422987054
2025-09-26,M6_OOT_Adaptive_EnbPI,56.111751556396484,57.00905674282135,55.54269532765598,58.697543624022416
2025-09-30,M6_OOT_Adaptive_EnbPI,56.650814056396484,56.11239824286298,54.67062169112393,57.7759358406455
2025-10-01,M6_OOT_Adaptive_EnbPI,56.94485092163086,56.69474480786399,55.236853098509194,58.374329428501134
2025-10-02,M6_OOT_Adaptive_EnbPI,58.02298355102539,56.77626996892947,55.315758527969365,58.45771671931568
2025-10-03,M6_OOT_Adaptive_EnbPI,58.856082916259766,57.92712792557679,56.43508268985967,59.640618961174724
2025-10-07,M6_OOT_Adaptive_EnbPI,60.4732780456543,58.938326637264865,57.41868767136255,60.68009311650666
2025-10-08,M6_OOT_Adaptive_EnbPI,59.9342155456543,60.4534639055533,58.892253131452684,62.237357710279845
2025-10-09,M6_OOT_Adaptive_EnbPI,60.37526321411133,59.7573124167185,58.21409541623707,61.520680353554376
2025-10-13,M6_OOT_Adaptive_EnbPI,59.78719711303711,60.23592605917094,58.67982036187905,62.01285867065526
2025-10-14,M6_OOT_Adaptive_EnbPI,59.49315643310547,59.53155607085273,57.99388338393281,61.28796018582638
2025-10-15,M6_OOT_Adaptive_EnbPI,60.571285247802734,59.439820628020236,57.90419751066236,61.193180117489845
2025-10-16,M6_OOT_Adaptive_EnbPI,61.747432708740234,60.30579684593093,58.7451727740025,62.081923127086924
2025-10-17,M6_OOT_Adaptive_EnbPI,60.81631851196289,61.56002448103733,59.964428940283184,63.370433552930095
2025-10-20,M6_OOT_Adaptive_EnbPI,61.84543991088867,60.817857710341436,59.24215268622726,62.607131705928566
2025-10-21,M6_OOT_Adaptive_EnbPI,61.943450927734375,61.65597269605761,60.05639903235722,63.46762758465245
2025-10-22,M6_OOT_Adaptive_EnbPI,61.45339584350586,61.75670826233576,60.15244921877193,63.56913346177839
2025-10-23,M6_OOT_Adaptive_EnbPI,61.1103515625,61.39944965216846,59.803997877493735,63.20088993875761
2025-10-27,M6_OOT_Adaptive_EnbPI,62.531524658203125,60.95349763198683,59.36949205080418,62.74170399960678
2025-10-28,M6_OOT_Adaptive_EnbPI,62.09046936035156,62.63621813726801,61.006674687993005,64.47187929448538
2025-10-29,M6_OOT_Adaptive_EnbPI,63.11959457397461,62.10142225606548,60.486915956287774,63.92259804970142
2025-10-30,M6_OOT_Adaptive_EnbPI,63.11959457397461,63.006598813786646,61.36638936608204,64.85202591655288
2025-10-31,M6_OOT_Adaptive_EnbPI,63.46263885498047,63.17972692585987,61.5351016205249,65.03032109752397
2025-11-03,M6_OOT_Adaptive_EnbPI,62.87456512451172,63.458680481686265,61.806494047141335,65.31712872734052
2025-11-04,M6_OOT_Adaptive_EnbPI,62.67854309082031,62.53957071792955,60.912698282127955,64.3725649895106
2025-11-05,M6_OOT_Adaptive_EnbPI,61.89445114135742,62.82455663863392,61.19011734010139,64.66574156586276
2025-11-06,M6_OOT_Adaptive_EnbPI,62.041465759277344,61.95160702478216,60.340291911307794,63.76764569771756
2025-11-07,M6_OOT_Adaptive_EnbPI,61.30637741088867,61.89299598547356,60.28253054260634,63.70660345914525
2025-11-10,M6_OOT_Adaptive_EnbPI,62.09046936035156,61.512139925217824,59.91203367551088,63.31506221523174
2025-11-11,M6_OOT_Adaptive_EnbPI,61.649417877197266,62.2294405422316,60.60936325281555,64.05200040382161
2025-11-12,M6_OOT_Adaptive_EnbPI,61.943450927734375,61.55423768692149,59.9536135243684,63.35900381687345
2025-11-13,M6_OOT_Adaptive_EnbPI,61.649417877197266,62.118192572463386,60.50388829058595,63.940534419677554
2025-11-14,M6_OOT_Adaptive_EnbPI,60.4732780456543,61.67961040364501,60.07903896573122,63.49155347569943
2025-11-17,M6_OOT_Adaptive_EnbPI,60.66930389404297,60.53645332349446,58.96813522406722,62.31754993745299
2025-11-18,M6_OOT_Adaptive_EnbPI,59.248130798339844,60.68672717277608,59.11428599987066,62.47200213837343
2025-11-19,M6_OOT_Adaptive_EnbPI,58.856082916259766,59.28725193988226,57.75325094430654,61.03365972311041
2025-11-20,M6_OOT_Adaptive_EnbPI,60.66930389404297,59.24656556462812,57.71375497378121,60.991920364960606
2025-11-21,M6_OOT_Adaptive_EnbPI,58.660057067871094,60.67713367841156,59.10599820609913,62.46324359445358
2025-11-24,M6_OOT_Adaptive_EnbPI,58.366024017333984,58.999294315447486,57.522575416446614,60.807467171262786
2025-11-25,M6_OOT_Adaptive_EnbPI,59.150115966796875,58.98483165928435,57.51052192130639,60.794725347644295
2025-11-26,M6_OOT_Adaptive_EnbPI,60.13023376464844,59.39298492718006,57.908621633838166,61.21555899470217
2025-11-27,M6_OOT_Adaptive_EnbPI,60.66930389404297,60.26653418299539,58.75898123111638,62.11447933894813
2025-11-28,M6_OOT_Adaptive_EnbPI,61.1103515625,60.51452197482703,58.99955987314647,62.36879649654128
2025-12-01,M6_OOT_Adaptive_EnbPI,60.277252197265625,61.22997892261386,59.69766464230906,63.10676732843868
2025-12-02,M6_OOT_Adaptive_EnbPI,60.4732780456543,60.91128125712238,59.38870333462678,62.78016243569764
2025-12-03,M6_OOT_Adaptive_EnbPI,61.061344146728516,60.732688671418295,59.21563580954968,62.597211693778455
2025-12-04,M6_OOT_Adaptive_EnbPI,60.96333694458008,61.02058095997788,59.49688751959093,62.89452460095243
2025-12-05,M6_OOT_Adaptive_EnbPI,61.50239944458008,61.43394030161386,59.89922908644579,63.31984233822409
2025-12-08,M6_OOT_Adaptive_EnbPI,62.43351364135742,61.747540067801545,60.20583112628421,63.64395323446159
2025-12-09,M6_OOT_Adaptive_EnbPI,62.33549880981445,62.76177523181311,61.19520143302077,64.6898226520174
2025-12-10,M6_OOT_Adaptive_EnbPI,62.77655792236328,62.52808633013685,60.97054722296675,64.45233930910638
2025-12-11,M6_OOT_Adaptive_EnbPI,62.09046936035156,62.481419654319396,60.92523371420845,64.40443812115909
2025-12-12,M6_OOT_Adaptive_EnbPI,62.18848419189453,61.9662195777021,60.424275228659006,63.87487183446775
2025-12-15,M6_OOT_Adaptive_EnbPI,61.55140686035156,62.27333107342639,60.72360060451086,64.19129052458838
2025-12-16,M6_OOT_Adaptive_EnbPI,61.01234436035156,61.483190507203844,59.95448081483698,63.378249279081246
2025-12-17,M6_OOT_Adaptive_EnbPI,60.66930389404297,61.220279107295994,59.6986655081742,63.10782534988157
2025-12-18,M6_OOT_Adaptive_EnbPI,60.66930389404297,60.79487399924987,59.28495833571552,62.67049296123813
2025-12-19,M6_OOT_Adaptive_EnbPI,61.25736999511719,60.70492012404413,59.196726498828255,62.57722254547278
2025-12-22,M6_OOT_Adaptive_EnbPI,62.13947677612305,61.302879332546716,59.7779853318504,63.191674821837616
2025-12-23,M6_OOT_Adaptive_EnbPI,62.43351364135742,62.10375010204766,60.55756813933181,64.01577658762282
2025-12-24,M6_OOT_Adaptive_EnbPI,62.580528259277344,62.36937661089445,60.81599489281312,64.28896109326647
2025-12-26,M6_OOT_Adaptive_EnbPI,63.11959457397461,62.60245373101614,61.04317118014348,64.52911053953032
2025-12-29,M6_OOT_Adaptive_EnbPI,63.95269775390625,62.97129996094596,61.40315026918562,64.9096466417614
2025-12-30,M6_OOT_Adaptive_EnbPI,63.85468673706055,63.701417041191384,62.113826918824714,65.66090728559475
2025-12-31,M6_OOT_Adaptive_EnbPI,64.29573822021484,63.651190197018764,62.06423153518105,65.60847970145191
2026-01-02,M6_OOT_Adaptive_EnbPI,65.618896484375,64.30793009482795,62.701248976876144,66.28187474492773
2026-01-05,M6_OOT_Adaptive_EnbPI,68.11819458007812,65.6044646939224,63.96276756860093,67.61543378321632
2026-01-06,M6_OOT_Adaptive_EnbPI,69.00030517578125,67.66201121411733,65.94051671131017,69.73126641932816
2026-01-07,M6_OOT_Adaptive_EnbPI,68.46123504638672,68.34607040700323,66.6059718078234,70.43497680771067
2026-01-08,M6_OOT_Adaptive_EnbPI,68.70626831054688,68.06912846060798,66.33597578992733,70.14945941726482
2026-01-09,M6_OOT_Adaptive_EnbPI,68.46123504638672,68.41615795029779,66.67463942368448,70.5075919471545
2026-01-12,M6_OOT_Adaptive_EnbPI,68.9512939453125,68.18615869741153,66.4519013893392,70.27204927947042
2026-01-13,M6_OOT_Adaptive_EnbPI,69.2943344116211,68.52681458157103,66.78297108640604,70.6221513168962
2026-01-14,M6_OOT_Adaptive_EnbPI,69.34334564208984,68.87344062885838,67.1196464943587,70.9781813230237
2026-01-15,M6_OOT_Adaptive_EnbPI,69.2453384399414,69.3006790919154,67.5342857847116,71.4166571534468
2026-01-16,M6_OOT_Adaptive_EnbPI,70.56848907470703,69.19063915563127,67.42743494181376,71.3036637320295
2026-01-19,M6_OOT_Adaptive_EnbPI,71.15656280517578,70.31652658900039,68.52001603326124,72.45905448375798
2026-01-20,M6_OOT_Adaptive_EnbPI,71.15656280517578,70.95336580944573,69.13884337970983,73.1134566133574
2026-01-21,M6_OOT_Adaptive_EnbPI,70.42147064208984,71.05815425715299,69.2417362611047,73.22226454030482
2026-01-22,M6_OOT_Adaptive_EnbPI,71.36573028564453,70.60881745947191,68.80496949197479,72.7603891795969
2026-01-23,M6_OOT_Adaptive_EnbPI,71.81300354003906,71.66563374846733,69.83445171051808,73.84905366746383
2026-01-26,M6_OOT_Adaptive_EnbPI,71.81300354003906,71.5402435541891,69.7125694609051,73.72016472264778
2026-01-27,M6_OOT_Adaptive_EnbPI,72.60816955566406,71.60476674726341,69.7745712793105,73.78573086518558
2026-01-28,M6_OOT_Adaptive_EnbPI,73.75120544433594,72.5527053724453,70.69705432319272,74.76124507266259
2026-01-29,M6_OOT_Adaptive_EnbPI,73.3039321899414,73.63733735936906,71.75067777053621,75.87543860611666
2026-01-30,M6_OOT_Adaptive_EnbPI,72.160888671875,73.10317447960361,71.22969338712564,75.32450417836624
2026-02-02,M6_OOT_Adaptive_EnbPI,71.06754302978516,72.09392497697024,70.24853610104034,74.28694269830069
2026-02-03,M6_OOT_Adaptive_EnbPI,72.5087661743164,71.10826341683507,69.28810321540607,73.2712970108509
2026-02-04,M6_OOT_Adaptive_EnbPI,72.45907592773438,72.22526389227362,70.37426352420674,74.41989786574977
2026-02-05,M6_OOT_Adaptive_EnbPI,71.56451416015625,72.14900719702662,70.29892703574838,74.3402304774764
2026-02-06,M6_OOT_Adaptive_EnbPI,71.46512603759766,71.86468288549432,70.02279665989109,74.04822608070047
2026-02-09,M6_OOT_Adaptive_EnbPI,73.50271606445312,71.75666263327935,69.91645522536294,73.93577135222215
2026-02-10,M6_OOT_Adaptive_EnbPI,75.04335021972656,73.29387272786636,71.41136104258072,75.51661543733277
2026-02-11,M6_OOT_Adaptive_EnbPI,76.73306274414062,74.50439548992578,72.5867703778685,76.75959601435119
2026-02-23,M6_OOT_Adaptive_EnbPI,76.93185424804688,76.33294977062808,74.36469308046998,78.6397268933804
2026-02-24,M6_OOT_Adaptive_EnbPI,78.91976165771484,76.86453731744872,74.88031633876268,79.18499199879992
2026-02-25,M6_OOT_Adaptive_EnbPI,80.6094741821289,78.87966043452774,76.839093310031,81.2563739905053
2026-02-26,M6_OOT_Adaptive_EnbPI,80.65917205810547,79.86343064919429,77.79535232988891,82.26760586743363
2026-03-02,M6_OOT_Adaptive_EnbPI,79.864013671875,80.10458406319214,78.02947900528329,82.51519187967658
2026-03-03,M6_OOT_Adaptive_EnbPI,78.27368927001953,79.57624442115964,77.51747593212029,81.97375507446392
2026-03-04,M6_OOT_Adaptive_EnbPI,75.14273834228516,78.4132587341434,76.38415076618155,80.77527797681252
2026-03-05,M6_OOT_Adaptive_EnbPI,76.93185424804688,75.74101971023074,73.74747520738428,78.02887645611288
2026-03-06,M6_OOT_Adaptive_EnbPI,76.38517761230469,76.56274823096,74.54599040592672,78.87374936328952
2026-03-09,M6_OOT_Adaptive_EnbPI,73.15483856201172,76.08986552602477,74.08631350811464,78.38738597568543
2026-03-10,M6_OOT_Adaptive_EnbPI,74.74515533447266,74.05952211256167,72.0667014021132,76.29946021068058
2026-03-11,M6_OOT_Adaptive_EnbPI,77.72701263427734,75.15299461825317,73.1299644734946,77.42517287450416
2026-03-12,M6_OOT_Adaptive_EnbPI,76.1366958618164,77.86579156769778,75.70535168325692,80.18767719247228
2026-03-13,M6_OOT_Adaptive_EnbPI,75.4906234741211,76.32451880998786,74.20924001358163,78.6029844733399
2026-03-16,M6_OOT_Adaptive_EnbPI,75.14273834228516,75.30700088472892,73.22079517368692,77.55601627384377
2026-03-17,M6_OOT_Adaptive_EnbPI,76.18639373779297,75.73325905213774,73.63450715100875,77.99422310797797
2026-03-18,M6_OOT_Adaptive_EnbPI,77.32943725585938,75.77683146228614,73.67562141859575,78.03777164905159
2026-03-19,M6_OOT_Adaptive_EnbPI,75.54032135009766,75.99799085095746,73.88705721948486,78.2617260376339
2026-03-20,M6_OOT_Adaptive_EnbPI,75.44092559814453,75.72094620697904,73.61962851972925,77.97846354996021
2026-03-23,M6_OOT_Adaptive_EnbPI,73.80091094970703,76.15782994838573,74.04469424960722,78.42869636409
2026-03-24,M6_OOT_Adaptive_EnbPI,73.95000457763672,74.35446848178307,72.30628992752656,76.60396439288414
2026-03-25,M6_OOT_Adaptive_EnbPI,75.7391128540039,74.70206357401928,72.64540438965011,76.96323482713905
2026-03-26,M6_OOT_Adaptive_EnbPI,75.34153747558594,75.53849580380172,73.45617705566484,77.82219744989791
2026-03-27,M6_OOT_Adaptive_EnbPI,74.54637145996094,75.56356455743492,73.48030951075737,77.84776426756308
2026-03-30,M6_OOT_Adaptive_EnbPI,73.4530258178711,75.4093614985423,73.33118405064207,77.68977522610908
2026-03-31,M6_OOT_Adaptive_EnbPI,71.91239929199219,74.18050401748675,72.13702208272638,76.42463576229156
2026-04-01,M6_OOT_Adaptive_EnbPI,74.99364471435547,72.28224273252222,70.28250095173362,74.471861867647
2026-04-02,M6_OOT_Adaptive_EnbPI,73.50271606445312,74.68343307177021,72.57391580539031,76.95481774747381
2026-04-07,M6_OOT_Adaptive_EnbPI,74.84455871582031,73.40122675994591,71.32813442400284,75.63383515897817
2026-04-08,M6_OOT_Adaptive_EnbPI,78.72096252441406,75.65035284355932,73.5112822066953,77.94876798117022
2026-04-09,M6_OOT_Adaptive_EnbPI,78.67127227783203,78.5903760760352,76.32460024828457,80.95998933097282
2026-04-10,M6_OOT_Adaptive_EnbPI,80.2615966796875,78.51934322790282,76.25737315417648,80.8886793627052
2026-04-13,M6_OOT_Adaptive_EnbPI,80.11249542236328,79.77182261179061,77.46992844180642,82.17487624851117
2026-04-14,M6_OOT_Adaptive_EnbPI,82.59738159179688,79.5833556741318,77.28459252752766,81.97828440795337
2026-04-15,M6_OOT_Adaptive_EnbPI,83.64102935791016,82.51171901111103,80.07945361068899,84.99150694375714
2026-04-16,M6_OOT_Adaptive_EnbPI,84.48588562011719,83.06435679210898,80.61388038750914,85.55871532324801
2026-04-17,M6_OOT_Adaptive_EnbPI,83.64102935791016,84.10754374224723,81.62594537399849,86.63286011880226
2026-04-20,M6_OOT_Adaptive_EnbPI,84.03861236572266,83.70029666211819,81.2328371460989,86.21563873210792
2026-04-21,M6_OOT_Adaptive_EnbPI,85.4798355102539,83.68436681333804,81.21666574709408,86.19847538359795
2026-04-22,M6_OOT_Adaptive_EnbPI,85.82772064208984,84.71164354693917,82.20991718851057,87.25265261600569
2026-04-23,M6_OOT_Adaptive_EnbPI,85.82772064208984,85.2601411011752,82.74085222100412,87.81615506846045
2026-04-24,M6_OOT_Adaptive_EnbPI,89.40594482421875,85.32207792072248,82.79796457421382,87.87677067890156
2026-04-27,M6_OOT_Adaptive_EnbPI,92.4375,89.0379504643028,86.34291108364415,91.70739155508454
2026-04-28,M6_OOT_Adaptive_EnbPI,91.44355010986328,91.65214275275706,88.81647864833123,94.38217276854031
2026-04-29,M6_OOT_Adaptive_EnbPI,90.20111083984375,91.03431754171328,88.21576022872719,93.74381026501439
2026-04-30,M6_OOT_Adaptive_EnbPI,89.95262145996094,89.99516797970628,87.20970310391957,92.67470846303253
2026-05-04,M6_OOT_Adaptive_EnbPI,94.02782440185547,89.97278450780024,87.18822127165076,92.65188046945032
2026-05-05,M6_OOT_Adaptive_EnbPI,94.02782440185547,93.10680735421572,90.18764368292743,95.8692450785154
2026-05-06,M6_OOT_Adaptive_EnbPI,95.17086791992188,93.13001445791221,90.20846241732819,95.89137534236303
2026-05-07,M6_OOT_Adaptive_EnbPI,97.10906982421875,95.20644482064975,92.2155293669153,98.0248826103368
2026-05-08,M6_OOT_Adaptive_EnbPI,96.4133071899414,96.79368695828036,93.74773298838988,99.6536113197125
2026-05-11,M6_OOT_Adaptive_EnbPI,96.31391143798828,96.00547301130239,92.98465629765833,98.84246266020611
2026-05-12,M6_OOT_Adaptive_EnbPI,96.26421356201172,95.80162832820558,92.78945540282251,98.63496458549919
2026-05-13,M6_OOT_Adaptive_EnbPI,94.92237854003906,95.69456026728602,92.6861293832313,98.52512927890218
2026-05-14,M6_OOT_Adaptive_EnbPI,95.46905517578125,94.9604794197545,91.97754890184376,97.77190995689824
2026-05-15,M6_OOT_Adaptive_EnbPI,94.82298278808594,95.5416868670808,92.53985987350487,98.36964514712047
2026-05-18,M6_OOT_Adaptive_EnbPI,94.32601165771484,95.17570827929785,92.18747223115149,97.99505794350988
2026-05-19,M6_OOT_Adaptive_EnbPI,92.53689575195312,94.75840313579242,91.78428383070212,97.56646965805263
2026-05-20,M6_OOT_Adaptive_EnbPI,91.94052124023438,92.41649550758555,89.51854246617377,95.15799211844464
2026-05-21,M6_OOT_Adaptive_EnbPI,95.270263671875,92.48370743905514,89.58636583086289,95.23008818954604
2026-05-22,M6_OOT_Adaptive_EnbPI,96.71149444580078,95.16254001948258,92.16707440659283,98.01131002278379
2026-05-25,M6_OOT_Adaptive_EnbPI,100.19032287597656,96.15458660733472,93.1271298021553,99.03224171253686
2026-05-26,M6_OOT_Adaptive_EnbPI,99.49455261230469,100.1202155175886,96.92331007353498,103.13011990856131
2026-05-27,M6_OOT_Adaptive_EnbPI,101.92974090576172,99.67642785066121,96.49565148040325,102.67507476043194
2026-05-28,M6_OOT_Adaptive_EnbPI,99.89213562011719,101.71020889382507,98.46120289548035,104.76649686487256
2026-05-29,M6_OOT_Adaptive_EnbPI,104.76250457763672,99.05506515573906,95.89570157766583,102.03670504976587
2026-06-01,M6_OOT_Adaptive_EnbPI,104.86189270019531,103.83202494968103,100.45074484257336,106.93326370403885
2026-06-02,M6_OOT_Adaptive_EnbPI,105.06068420410156,103.9658577610271,100.57837848083604,107.06913409025886
2026-06-03,M6_OOT_Adaptive_EnbPI,106.9491958618164,105.25036397386108,101.81897935007625,108.38979627260335
2026-06-04,M6_OOT_Adaptive_EnbPI,105.45826721191406,106.40897677834234,102.93583235221847,109.57872460542848
2026-06-05,M6_OOT_Adaptive_EnbPI,103.52006530761719,105.00330604074092,101.5784823195989,108.13377893375359
2026-06-08,M6_OOT_Adaptive_EnbPI,100.33941650390625,102.9268932923018,99.5719623343667,105.9977695786759
2026-06-09,M6_OOT_Adaptive_EnbPI,102.87399291992188,100.1010306197447,96.84222887141821,103.09187466776532
2026-06-10,M6_OOT_Adaptive_EnbPI,99.64364624023438,103.01724216736669,99.65895778341809,106.09037921844555
2026-06-11,M6_OOT_Adaptive_EnbPI,99.2460708618164,99.84416936322437,96.58051748488136,102.82765200500553
2026-06-12,M6_OOT_Adaptive_EnbPI,101.33336639404297,99.89511818678544,96.62948688934608,102.87978890603189
2026-06-15,M6_OOT_Adaptive_EnbPI,104.61341094970703,101.88143802333924,98.54910991701173,104.9235792460505
2026-06-16,M6_OOT_Adaptive_EnbPI,105.25947570800781,104.49858310440355,101.07489801274062,107.61274333534678
2026-06-17,M6_OOT_Adaptive_EnbPI,105.35887145996094,104.6761656861017,101.2463895303044,107.7953274687629
2026-06-18,M6_OOT_Adaptive_EnbPI,106.65100860595703,105.69168806720707,102.22743327917802,108.83982824218911
2026-06-22,M6_OOT_Adaptive_EnbPI,110.47772216796875,106.4636817740044,102.97291726558431,109.6335324997946
2026-06-23,M6_OOT_Adaptive_EnbPI,109.43407440185547,109.5165144503869,105.89224741317581,112.83337655441403
2026-06-24,M6_OOT_Adaptive_EnbPI,106.50191497802734,108.35858715602106,104.77491699595738,111.6428062645061
2026-06-25,M6_OOT_Adaptive_EnbPI,106.5516128540039,106.97323027729966,103.43906402583843,110.21938949056
2026-06-26,M6_OOT_Adaptive_EnbPI,102.47640991210938,106.92534626639593,103.39362677418127,110.17097387325965
2026-06-29,M6_OOT_Adaptive_EnbPI,103.81824493408203,103.33013481707268,99.94820169998891,106.53923560867892
2026-06-30,M6_OOT_Adaptive_EnbPI,107.14798736572266,104.06802477691707,100.66156085988844,107.29963687971203
2026-07-01,M6_OOT_Adaptive_EnbPI,108.68860626220703,106.39498286237873,102.90576990044268,109.69183915709189
2026-07-02,M6_OOT_Adaptive_EnbPI,108.14193725585938,108.97716779383506,105.39975195978876,112.3502856094058
2026-07-03,M6_OOT_Adaptive_EnbPI,107.69465637207031,108.30582433835075,104.75233149098436,111.66017132329912
2026-07-06,M6_OOT_Adaptive_EnbPI,107.59526062011719,108.11568685151954,104.5698982053935,111.46570756641462
2026-07-07,M6_OOT_Adaptive_EnbPI,105.55765533447266,107.50022480806858,103.97712888499458,110.83384837121739
2026-07-08,M6_OOT_Adaptive_EnbPI,105.4085693359375,104.41162245454103,100.99300650349996,107.65293953964584
2026-07-09,M6_OOT_Adaptive_EnbPI,105.16008758544922,105.16216577010343,101.71740260912482,108.42510558224085
2026-07-10,M6_OOT_Adaptive_EnbPI,105.16008758544922,105.79387380526808,102.32782846578084,109.07578566510142
2026-07-13,M6_OOT_Adaptive_EnbPI,105.35887145996094,105.24410718972435,101.79418366507912,108.50694992632572
2026-07-14,M6_OOT_Adaptive_EnbPI,103.76854705810547,105.43334587778992,101.97641959788386,108.70120331609385
2026-07-15,M6_OOT_Adaptive_EnbPI,105.65705871582031,104.25185409065546,100.83541538042742,107.48495614919668
2026-07-16,M6_OOT_Adaptive_EnbPI,105.75645446777344,105.54560541002186,102.08438914151944,108.81629285699914
2026-07-17,M6_OOT_Adaptive_EnbPI,99.54425811767578,105.65675659066653,102.19123605341852,108.93018573478234
2026-07-20,M6_OOT_Adaptive_EnbPI,98.5999984741211,100.59262887402245,97.20361468237033,103.73978413463205
2026-07-21,M6_OOT_Adaptive_EnbPI,102.5,99.6371151749226,96.28400699297819,102.75834014720611
2026-07-22,M6_OOT_Adaptive_EnbPI,103.8499984741211,102.23841467184872,98.79284193533381,105.43587427183571
2026-07-23,M6_OOT_Adaptive_EnbPI,103.9000015258789,103.46559919089589,99.97593131639555,106.69851699766822
2026-07-24,M6_OOT_Adaptive_EnbPI,101.69999694824219,103.9311216251802,100.42350235831593,107.1761836299787
2026-07-27,M6_OOT_Adaptive_EnbPI,101.44999694824219,102.83186605864402,99.36284722505737,106.04420788067058
2026-07-28,M6_OOT_Adaptive_EnbPI,97.1500015258789,102.72761277755542,99.26450873339998,105.93925690811675
2026-07-29,M6_OOT_Adaptive_EnbPI,93.69999694824219,97.33949425304708,94.05843988961368,100.38244506376026
2026-07-30,M6_OOT_Adaptive_EnbPI,93.5,94.85035277054344,91.64709025689325,98.02103627669406
2026-07-31,M6_OOT_Adaptive_EnbPI,102.8499984741211,95.19478709994101,91.98289034600641,98.38019086222879
