seed,condition,time,truth,point,lower,upper
2020,AR1,650,-0.5659207555348682,0.39100497691400954,-1.706868688730683,2.321073199493254
2020,AR1,651,-1.4050722612227673,-0.2709106694116744,-2.369245150255353,1.6586967379685844
2020,AR1,652,-0.6377271938262067,-0.8760259254518173,-2.96614597407283,1.0617959141511073
2020,AR1,653,-0.4826862123102639,-0.6335025778286352,-2.723937663834596,1.3040042243893417
2020,AR1,654,-1.7528831452778095,-0.5084434918175683,-2.6031621115651036,1.4247797766588337
2020,AR1,655,-0.5194313241609763,-1.0764435999179691,-3.16842179184637,0.8595200963775673
2020,AR1,656,-0.15005983024108893,-0.444337446779901,-2.541354524582794,1.486587363641143
2020,AR1,657,-1.3460248535218777,-0.1687795880069416,-2.267839211024794,1.7601026771991437
2020,AR1,658,-3.951306422277757,-0.8371661207801242,-2.938931556155482,1.0890103320684554
2020,AR1,659,-4.319526046963721,-2.134309861746383,-4.262556374615522,-0.2008313778576507
2020,AR1,660,-4.246323938190031,-2.8501688891346473,-5.0249561708491175,-0.9315853012069353
2020,AR1,661,-1.6729598933205139,-2.939345137760977,-5.109008410992769,-1.0156375413505865
2020,AR1,662,-0.47863829355031173,-0.5928845025291437,-2.76421164974478,1.3291592198974023
2020,AR1,663,-2.829569276529291,-0.0831530207778579,-2.250298567023614,1.8430723026185682
2020,AR1,664,-1.7315131279160634,-2.835800204181599,-5.000392258229061,-0.8844696836632102
2020,AR1,665,1.3516052627805868,-1.5883355047450995,-3.753600870911735,0.3623217036541151
2020,AR1,666,3.3617480089286427,0.836776580119024,-1.3663312548099822,2.7802926242230317
2020,AR1,667,1.2549043269390452,2.263911657838208,-0.013244094549621277,4.196356048023736
2020,AR1,668,2.639583557286657,1.5574230075996192,-0.7188040113365388,3.4907961312368183
2020,AR1,669,0.4856922578153915,1.5938875068337324,-0.6875821288118265,3.522018013761531
2020,AR1,670,0.561748419187482,0.07847690183891323,-2.198340005027248,2.0112601375461097
2020,AR1,671,-0.22634850204982376,0.06255879299820946,-2.210046071541831,1.9995540710315267
2020,AR1,672,0.02944846814349067,0.5779695966877177,-1.6907334927702102,2.518866649803147
2020,AR1,673,1.726641850642886,0.21317321354044527,-2.0500143514143763,2.1595857911589813
2020,AR1,674,2.4806947432199733,0.8609376709467597,-1.336184911216534,2.81043896781648
2020,AR1,675,1.8833038994290965,1.371866739950169,-0.8272964337609143,3.3193274452720996
2020,AR1,676,4.600491079611721,1.5480929019457148,-0.6515649145770548,3.495058964455959
2020,AR1,677,3.1714367728570587,2.75511586632415,0.4879739144910573,4.697574057064415
2020,AR1,678,4.077292963580442,2.371197501827352,0.10315765042214586,4.312757792995503
2020,AR1,679,3.3677283908860955,2.74549438755062,0.4718072691714408,4.681407411744798
2020,AR1,680,2.623697827068473,1.81778884052946,-0.452723344635956,3.7568767979374016
2020,AR1,681,2.5390455873218065,1.7184873285253437,-0.5511372619313477,3.65846288064201
2020,AR1,682,1.3277733089822088,1.895552375622027,-0.3753104595085508,3.8342896830648066
2020,AR1,683,1.1431516519659226,1.1182174858163207,-1.1538691324909187,3.0557310100824386
2020,AR1,684,0.013504634249663638,0.9782744364962487,-1.2972157336244416,2.9123844089489155
2020,AR1,685,0.6682063328566349,0.08242707850544942,-2.1853308524284647,2.024269290144893
2020,AR1,686,-0.8930881432641905,0.7266045505994698,-1.538588462135838,2.6710116804375192
2020,AR1,687,-1.0843963017336737,-0.5301402179097553,-2.790075141520038,1.4195250010533194
2020,AR1,688,-0.5364859491059122,-0.6821103424785877,-2.9438027078949034,1.2657974346784546
2020,AR1,689,0.3740657116569681,-0.6676704049494344,-2.93442922021102,1.2751709223623373
2020,AR1,690,-0.023370894393027974,-0.04573947641950848,-2.314142597707679,1.8954575448656787
2020,AR1,691,-1.2969098550020022,-0.7066172335889817,-2.979584834627452,1.2300153079459055
2020,AR1,692,-1.414109969382245,-1.7721965350909992,-4.047233163503995,0.16236697906936248
2020,AR1,693,-1.6809444088976147,-1.1586617319271342,-3.436542664942931,0.7730574776304264
2020,AR1,694,-2.6647668542171576,-1.377821555270417,-3.655768465644605,0.5538316769287532
2020,AR1,695,-0.21586866502886015,-1.9482482851445553,-4.226180213213726,-0.016580070640368483
2020,AR1,696,0.7444643421442895,-0.39417388660734626,-2.678716182760049,1.5308839598133084
2020,AR1,697,-0.17106862491091013,0.4764171081144939,-1.810150761449104,2.3994493811242537
2020,AR1,698,0.9710418333995247,-0.027486265871250436,-2.314098329586814,1.8955018129865437
2020,AR1,699,0.25389943599849607,1.062692684446024,-1.2255985754323135,2.984001567141044
2020,AR1,700,0.29691941624126034,0.1982754618857232,-2.090059646218886,2.119540496354471
2020,AR1,701,1.1541453847278291,0.3960138206839323,-1.8936007803132116,2.315999362260146
2020,AR1,702,1.838732295736053,1.1621386134573932,-1.129160271655506,3.0804398709178518
2020,AR1,703,2.9402506288829393,1.388558702654079,-0.9007719547645943,3.3088281878087633
2020,AR1,704,4.400379626019432,1.9892983352333042,-0.30418147897494685,3.905418663598411
2020,AR1,705,3.768418022046517,2.7833935311889286,0.3637092633325598,4.693380592632414
2020,AR1,706,3.43936912739259,2.958141894174731,0.5322418147797072,4.861913144079561
2020,AR1,707,-0.12983431118619304,3.085236195657681,0.6528458821552467,4.982517211455101
2020,AR1,708,0.23277809191696408,1.0354994941388118,-1.2103489744494857,3.3270814622414213
2020,AR1,709,1.3969303244522377,0.6041317188318073,-1.6395485546665696,2.8978818820243375
2020,AR1,710,1.3329137622692424,0.7365091336641653,-1.5111845088081046,3.0262459278828024
2020,AR1,711,0.07488254298605568,0.5624760833366602,-1.6855863388123458,2.851844097878561
2020,AR1,712,1.4909474702589365,-0.10369260271469158,-2.3482987793123535,2.1891316573785535
2020,AR1,713,0.24924232338027896,0.9983424166744677,-1.2473042625420605,3.2901261741488463
2020,AR1,714,2.2038221391140094,1.0896436384562114,-1.325676189743268,3.004486905106279
2020,AR1,715,1.2867920949992189,1.5847757870018198,-0.8360981379856547,3.494064956863892
2020,AR1,716,1.4556684283735146,0.3640563724076943,-1.9302309066698347,2.280665405016476
2020,AR1,717,3.4767261777279295,-0.03056086537683078,-2.3305840724756965,1.8803122392106135
2020,AR1,718,2.222382484327847,1.9293602830876635,-0.5045350270412672,3.8256280678082795
2020,AR1,719,2.1084112327572173,0.9586628931710969,-1.4749021414937524,2.8552609533557938
2020,AR1,720,2.028530709775663,1.1261847997055934,-1.314921351036902,3.015241743812645
2020,AR1,721,1.9547554261074378,0.7520006986138772,-1.6934735605344433,2.6366895343151038
2020,AR1,722,0.490028148949027,1.7964613728864434,-0.6518146462522085,3.6783484485973386
2020,AR1,723,0.037375451662204906,0.2726469518227472,-2.1694952022779193,2.1606678925716274
2020,AR1,724,-0.4520566692580401,0.08624028677420409,-2.3544497886569586,1.9757133061925882
2020,AR1,725,-1.3648979285776541,-0.4118723390591776,-2.8500916128200773,1.480071482029469
2020,AR1,726,-0.7580612293067608,-0.7558769791681129,-3.1905400477158974,1.1396230471336493
2020,AR1,727,0.5323110661363045,-0.5667415250223676,-3.003343026548699,1.3268200683008478
2020,AR1,728,-0.06772567725946543,0.12201578928123778,-2.3182163499357507,2.0119467449137955
2020,AR1,729,-0.5616179557485671,-0.30323491184630713,-2.7418460523208075,1.588317042528739
2020,AR1,730,-0.47795318904190964,-0.6130864474724371,-3.045509990988318,1.284653103861228
2020,AR1,731,0.7953587092037624,-0.4708043300884508,-2.9037143682244944,1.4264487266250518
2020,AR1,732,-0.37354363404289515,0.19193274831905438,-2.2468787423480268,2.08328435250152
2020,AR1,733,-0.39502901489155096,-0.4192924606969194,-2.854180420192299,1.4759826746572475
2020,AR1,734,-0.8979899591931098,-0.4366618970345255,-2.8698312151866183,1.4603318796629279
2020,AR1,735,-0.1388099028927272,-0.5622469800284379,-2.993226168398339,1.3369369264512079
2020,AR1,736,-0.5785577736492149,-0.048152929537433456,-2.4843751178930202,1.8457879769565264
2020,AR1,737,0.3122143233906304,-0.33403167258990774,-2.6563887683470244,1.553211374226333
2020,AR1,738,0.7459222041453939,-0.1628352943977181,-2.490144705748381,1.7194554368249764
2020,AR1,739,-0.6214291712446307,0.4455879332393364,-1.8806184078520747,2.3289817347212827
2020,AR1,740,-0.4353727862416394,-0.20648980016718987,-2.52680257708933,1.6827975654840275
2020,AR1,741,-0.025479175736693616,-0.012462302330156536,-2.333895247393588,1.8757048951797697
2020,AR1,742,1.2278608940282438,-0.12513279330525387,-2.4409261860706266,1.7686739565027307
2020,AR1,743,2.091117123872648,0.8431796977230435,-1.4768733975154604,2.7327267450578976
2020,AR1,744,2.1549630610126256,1.5632340147391963,-0.7548437209029266,3.4311316058552577
2020,AR1,745,1.2101410625665325,1.4449392160875971,-0.8053367024698359,3.318127268534531
2020,AR1,746,1.3832739126110667,1.1243617594450765,-1.1246462364560568,2.99881773454831
2020,AR1,747,2.483268353678544,1.3008552146589756,-0.9510505225550656,3.1724134484493014
2020,AR1,748,0.4878300707672101,1.8589762580738713,-0.3934323063480081,3.7300316646563587
2020,AR1,749,-0.05902869025589247,0.7237060763084189,-1.5249632112896891,2.598500759714678
2020,AR1,750,-0.04872794079589471,0.32990848012227314,-1.911197459651472,2.2122665113528948
2020,AR1,751,0.4588036435339587,-0.11205428092999695,-2.350881174698219,1.7725827963061485
2020,AR1,752,1.0048698268336258,0.5266982340945032,-1.7184632784397424,2.4050006925646246
2020,AR1,753,-0.15782219363551608,0.6119663578742672,-1.6367164353198493,2.4867475356845175
2020,AR1,754,-1.2244594552326664,-0.25701487940384105,-2.5024333698575925,1.6210306011467743
2020,AR1,755,-0.7194725481363974,-0.8250343369920953,-3.069385110127476,1.0540788608768907
2020,AR1,756,-0.23567816253904317,-0.20575103573561027,-2.4142625505519884,1.6794127492431201
2020,AR1,757,0.5366503926487423,-0.07654654038841427,-2.2835660260338875,1.8101092737612217
2020,AR1,758,0.8633194753170066,-0.30638421002697314,-2.516004445980597,1.5776708538145117
2020,AR1,759,2.3599389733944425,0.28442270267950004,-1.9354413720060828,2.158233927789026
2020,AR1,760,1.3905812924964762,1.757146160843555,-0.5052552023469965,3.6182087686573707
2020,AR1,761,0.29970265084202585,1.1181117859085261,-1.1455574006852642,2.977906570319103
2020,AR1,762,1.9541643047437809,0.30319545399862835,-1.9620524308666119,2.161411540137755
2020,AR1,763,-0.7918697000006574,1.277911766525113,-0.99721982905196,3.126244141952407
2020,AR1,764,0.111481625165467,-0.23272022824223113,-2.501760146039081,1.6217038249652858
2020,AR1,765,1.0887318772406294,0.49267161722863867,-1.7809014137760915,2.3425625572282756
2020,AR1,766,0.18835421505131045,0.6028111864540444,-1.6746949115268583,2.4487690594775087
2020,AR1,767,-0.4817542416250618,-0.0011245672820876518,-2.280255480129605,1.843208490874762
2020,AR1,768,-1.2693765819669014,-0.3037007086488822,-2.5814925778312268,1.5419713931731405
2020,AR1,769,-0.11369096711291604,-0.6045818243968936,-2.8581253353072977,1.2352455343348843
2020,AR1,770,1.7926253949584907,-0.11358066456398962,-2.3719306931266178,1.7214401765155642
2020,AR1,771,2.7277819047529235,1.4229100380853301,-0.8745870882599414,3.2481765389607737
2020,AR1,772,3.158322306836311,2.020869708658207,-0.2810728278648953,3.8416907993558196
2020,AR1,773,1.4712245534549782,1.8679702583575235,-0.43919677114291167,3.683566856077803
2020,AR1,774,1.530782419162846,1.155328388881538,-1.1470958478419595,2.975667779378755
2020,AR1,775,1.6213627638858237,1.7191665509855352,-0.5808408402651366,3.541922786955578
2020,AR1,776,1.1745245003178106,0.9803222680049425,-1.3750443665144458,2.7357136162760316
2020,AR1,777,0.08187155968296089,0.8974667932889582,-1.3889640669602996,2.659617732898008
2020,AR1,778,-0.9642038282634839,0.4377866322605928,-1.8527369492901054,2.195844850568202
2020,AR1,779,-1.0446618253440882,-0.40174853677471484,-2.688393122080025,1.3601886777782823
2020,AR1,780,-1.665555077783254,-0.3156078401330763,-2.6009272295874166,1.4476545702708905
2020,AR1,781,-1.0745550488505118,-1.0164014439688218,-3.3013967762352174,0.7471850236230897
2020,AR1,782,-0.8129028010806587,-1.02722893028166,-3.315502588267565,0.7330792115907425
2020,AR1,783,0.5492421608188647,-0.7732154252708769,-3.0593185324617016,0.9892632673966057
2020,AR1,784,2.4321755787906865,0.6956721744886986,-1.5919238548750032,2.456657944983304
2020,AR1,785,2.0447377572767897,1.7658814790754318,-0.5273606479865613,3.521221151871746
2020,AR1,786,2.1026889791738785,1.235910323406537,-1.0587739009159722,2.9898078989423356
2020,AR1,787,2.229914351283707,1.3794875238481439,-0.9197124775181582,3.128869322340149
2020,AR1,788,2.7439190793718944,1.6202146642966013,-0.6807052084086391,3.367876591449668
2020,AR1,789,2.4241439143879813,2.0366663584018223,-0.2698913478935858,3.7786904519647218
2020,AR1,790,1.8276322923751738,1.894281905846916,-0.4180676555867451,3.6305141442715625
2020,AR1,791,1.244150765754874,1.7422082194700166,-0.5730772587389579,3.4755045411193497
2020,AR1,792,0.2305501045013395,1.3322584221939429,-0.9777140577649952,3.070867742093312
2020,AR1,793,-0.9501022204234271,0.7395962215933748,-1.5672834441269043,2.4812983557314032
2020,AR1,794,-2.308024981659524,-0.15807796495672172,-2.4553585395627575,1.5932232602955498
2020,AR1,795,-1.4043989022100936,-1.4963306323796548,-3.784413457629025,0.2641683422292822
2020,AR1,796,-3.912913329307817,-1.1276404247041656,-3.418065450088857,0.6305163497694504
2020,AR1,797,-2.032752469206921,-2.3569876026013925,-4.68825827830326,-0.5769538816418365
2020,AR1,798,0.45781147679695855,-1.3006632465267949,-3.63161467936626,0.4796897172951635
2020,AR1,799,0.5651411124981873,0.17673284279451323,-2.1554876879859206,1.9558167086755025
2020,AR1,800,-1.110308197598475,0.45645421759008853,-1.8725682132669301,2.2387361833944928
2020,AR1,801,0.5137335055266391,-0.744968386189385,-3.0666367705652835,1.0446676260961394
2020,AR1,802,0.30700875842753017,0.27588395399248933,-2.0448310575862276,2.0664733390751957
2020,AR1,803,-0.17853471695200165,0.5720654852997387,-1.7455412406590385,2.3657631560023846
2020,AR1,804,-0.36569608657187475,-0.1287987685756316,-2.4407768852939995,1.6705275113674238
2020,AR1,805,-0.6351097610752572,0.2777797284874799,-2.0322437677705754,2.0790606288908475
2020,AR1,806,0.5309067865572957,-0.40976035565186864,-2.7168355945929012,1.394468802068522
2020,AR1,807,-1.4766625166101275,0.12502666013582558,-2.1840402385375848,1.9272641581238383
2020,AR1,808,-0.8795053427463653,-1.021885754895842,-3.3278150041487944,0.7834893925126287
2020,AR1,809,-2.153935394331914,-0.8042082829178469,-3.1063638315206465,1.0049405651407768
2020,AR1,810,-2.2672965319577076,-1.6318596170420063,-3.933292141798363,0.17801225486306027
2020,AR1,811,-2.244469251087838,-1.5549513341008228,-3.854080931975168,0.2572234646862557
2020,AR1,812,-2.0053268128113855,-1.2407230993322627,-3.5414321046369563,0.5698722920244672
2020,AR1,813,-2.8366005593655705,-1.161108789773482,-3.4584153765082224,0.6528890201532007
2020,AR1,814,-3.9182303346278964,-1.8935309933775764,-4.18668657680625,-0.0753821801448269
2020,AR1,815,-1.4722859406593731,-2.561438717939489,-4.850338412019579,-0.7390340153581558
2020,AR1,816,-0.3878719357098972,-0.7799664171567839,-3.07496617725584,1.036338219405583
2020,AR1,817,0.5667690578122874,-0.42662555873459984,-2.7231171095606475,1.3881872871007754
2020,AR1,818,-0.4293281743957004,0.28977428293915997,-2.011623503369839,2.099680893291584
2020,AR1,819,0.6549533665315018,-0.3747987246783433,-2.6749998862256064,1.4363045104358168
2020,AR1,820,-1.0335860127004457,-0.11539080813356277,-2.425262436035418,1.6860419606260049
2020,AR1,821,-1.6135463052067207,-0.7539700565844375,-3.0630038469915246,1.0483005496698983
2020,AR1,822,-0.8439866368252993,-1.0349563185941628,-3.342934345814801,0.7683700508466225
2020,AR1,823,-1.405131717572631,-0.043023264264600805,-2.349126436548536,1.7621779601128869
2020,AR1,824,-1.2924220969961229,-0.7778755094993324,-3.0818736486969387,1.0294307479644844
2020,AR1,825,-1.0103325435770594,-0.6999587804207748,-3.004171813832965,1.107132582828458
2020,AR1,826,-1.0072180801006405,-0.6909345149732271,-2.994845048619428,1.1164593480419955
2020,AR1,827,-1.3549077711456978,-0.932326163026878,-3.23599709200684,0.875307304654583
2020,AR1,828,-0.5283446794697413,-0.8505215558110178,-3.1554415686499095,0.9558628280115135
2020,AR1,829,-0.8310073046917024,-0.1515804013314025,-2.4543123869689,1.656992009692523
2020,AR1,830,-2.3139136377527914,-0.5297142749202434,-2.8248242379050104,1.2844270086621012
2020,AR1,831,-2.122405662952471,-1.4598072866879914,-3.745386454737405,0.3638647918297071
2020,AR1,832,-1.6112243714863046,-1.1535546951814648,-3.432870369524493,0.6763808770426187
2020,AR1,833,-0.7218086975546893,-1.1419298083552847,-3.4204283182712616,0.6888229282958502
2020,AR1,834,-0.9753376312103417,-0.4558859092539092,-2.739833806682553,1.3694174398845589
2020,AR1,835,0.07107209782195911,-0.4096780540596228,-2.695283271020555,1.4139679755465568
2020,AR1,836,-1.0028400252132978,-0.26287651055711975,-2.5543786918436795,1.554872554723432
2020,AR1,837,-1.5124282272995309,-0.9072826212819162,-3.1988367935440296,0.9104144530230821
2020,AR1,838,-0.9345756622856605,-1.1245744989625022,-3.4130603255872423,0.6961909209798696
2020,AR1,839,-0.5685392264213706,-0.4277030953518971,-2.718108044184665,1.3911432023824473
2020,AR1,840,0.45756867318760003,-0.40938137819408255,-2.696522378282583,1.4127288682845291
2020,AR1,841,-0.09779332006040642,0.4579987112101201,-1.83148579750429,2.2777654490628216
2020,AR1,842,0.47316692750574296,-0.08679825697455465,-2.379354529347808,1.7298967172193034
2020,AR1,843,0.22249463466251454,0.013423941483228057,-2.285780369839593,1.8234708767275183
2020,AR1,844,-0.48304640776915386,-0.07618363658886118,-2.378225047690437,1.7310261988766746
2020,AR1,845,-0.2511480580138247,-0.34049084828127596,-2.640401918145851,1.468849328421261
2020,AR1,846,-1.8588679306010114,0.03327373926233465,-2.263829291919717,1.8454219546473944
2020,AR1,847,-1.6156971962935895,-1.086310581653696,-3.3743211091127217,0.7349301374543902
2020,AR1,848,-1.6162975043342969,-0.9701737687555363,-3.2597485381148834,0.8495027084522289
2020,AR1,849,-1.3651696486708254,-0.9317480367812021,-3.2176060647910525,0.8916451817760593
2020,AR1_plus_sine,650,94.24443794216772,95.04690849171102,92.3121817018337,98.09836699032665
2020,AR1_plus_sine,651,100.8973004634471,102.3979110818772,99.66189341482385,105.44807870331682
2020,AR1_plus_sine,652,109.32134306561593,109.53940213005434,106.81071759462932,112.59690288312228
2020,AR1_plus_sine,653,117.28042020714102,117.03476296793217,114.30848164974567,120.09466693823863
2020,AR1_plus_sine,654,123.94391940747211,124.86398272217963,122.13364173458388,127.91982702307683
2020,AR1_plus_sine,655,133.22275496168885,132.49649789400576,129.76611059989756,135.55229588839052
2020,AR1_plus_sine,656,141.73097240668673,140.68082593833498,137.94468936254643,143.7308746510394
2020,AR1_plus_sine,657,148.7488784486535,149.09541059561278,146.35372091154213,152.13990620003509
2020,AR1_plus_sine,658,154.41388599948996,157.1818346556844,154.43344561741938,160.21963090591237
2020,AR1_plus_sine,659,162.35363868388112,164.34409342052942,161.58311044490554,167.38748893930398
2020,AR1_plus_sine,660,170.75367606180913,171.63901836459354,168.88528187634617,174.68966037074463
2020,AR1_plus_sine,661,181.65387537583422,179.3160261952134,176.5664347407198,182.37081323511825
2020,AR1_plus_sine,662,191.15616928468154,188.0864194369656,185.3329883145307,191.13736680892913
2020,AR1_plus_sine,663,197.0755274212949,197.06916655400414,194.3113725805869,200.1327242950053
2020,AR1_plus_sine,664,206.3874546351563,204.90981575082813,202.15001512077808,207.97136683519648
2020,AR1_plus_sine,665,217.60941897693039,213.100579238525,210.33812032772542,216.15947204214382
2020,AR1_plus_sine,666,227.6649454561783,222.55444958294262,219.6943695720304,225.61406832569727
2020,AR1_plus_sine,667,233.49179790748735,232.31920579526843,229.37427857116649,235.34572701627388
2020,AR1_plus_sine,668,242.68051329784413,240.94346906186126,237.99288143840909,243.96432988351648
2020,AR1_plus_sine,669,248.18331953314515,249.44787701941536,246.49091029271142,252.46235873781882
2020,AR1_plus_sine,670,255.75138972148397,257.3418553694883,254.39046073359557,260.361909178703
2020,AR1_plus_sine,671,262.2736514979494,264.59022818934073,261.6485571202056,267.620005565313
2020,AR1_plus_sine,672,269.64159152287334,271.331306143827,268.4003308613097,274.3717793064171
2020,AR1_plus_sine,673,278.2366010256019,278.2217534131668,275.2999283161813,281.2713767612887
2020,AR1_plus_sine,674,285.6585173318253,285.3156895004595,282.40205598898956,288.37350443409696
2020,AR1_plus_sine,675,291.4839323398544,292.5120732244367,289.60257114467225,295.57401958977965
2020,AR1_plus_sine,676,300.3643180889817,298.5590644252489,295.6549898989725,301.6264383440799
2020,AR1_plus_sine,677,304.8248934412439,305.2028817265145,302.2965493674979,308.2679978126053
2020,AR1_plus_sine,678,311.3334684755752,311.009513682192,308.10436667125725,314.07581511636465
2020,AR1_plus_sine,679,315.9270199708743,316.9600188445972,314.0516598536855,320.0231082987929
2020,AR1_plus_sine,680,320.174489435877,321.7735367166992,318.8712495191525,324.8426979642599
2020,AR1_plus_sine,681,324.7584138327783,326.18236421674715,323.2874006421913,329.2588490872987
2020,AR1_plus_sine,682,327.88221897125874,330.0867081087045,327.19520622674423,333.16665467185163
2020,AR1_plus_sine,683,331.68935516657734,333.2971973626539,330.40746259696147,336.37891104206886
2020,AR1_plus_sine,684,334.19910382129024,336.3580442473768,333.46691118515554,339.43835963026294
2020,AR1_plus_sine,685,338.13259461066923,338.9106579018113,336.02535823251185,341.99680667761925
2020,AR1_plus_sine,686,339.48205513180267,341.3770655194875,338.49331270867134,344.46476115377874
2020,AR1_plus_sine,687,341.8268740808033,343.2616800427002,340.3798623631503,346.3513108082577
2020,AR1_plus_sine,688,344.5305385075139,344.68704275005496,341.80145064993565,347.77289909504304
2020,AR1_plus_sine,689,347.2115877326306,346.1664214728056,343.3225620315985,349.24322758371113
2020,AR1_plus_sine,690,348.1953814347701,347.66542564095045,344.8178590171746,350.7385245692872
2020,AR1_plus_sine,691,347.9106765952878,348.6439129769026,345.78997414427215,351.71063969638476
2020,AR1_plus_sine,692,348.38767438764415,348.7721817242157,345.91425452263235,351.83492007474496
2020,AR1_plus_sine,693,348.31905559110237,348.5640723435874,345.704232153899,351.6248977060116
2020,AR1_plus_sine,694,347.1370175028093,347.91844778033675,345.060054468486,350.9807200205986
2020,AR1_plus_sine,695,348.99171778526096,346.7098425835657,343.85516425103094,349.7758298031435
2020,AR1_plus_sine,696,348.9632166713077,346.1511930945651,343.2922968816701,349.2129624337827
2020,AR1_plus_sine,697,346.6664533960627,345.5247804770591,342.6622744185434,348.58293997065596
2020,AR1_plus_sine,698,346.03806629001923,343.99350176210294,341.1305632882237,347.05122884033625
2020,AR1_plus_sine,699,343.1651698185358,342.2152749258859,339.3529736886676,345.2736392407802
2020,AR1_plus_sine,700,340.6720626913085,340.0604393125431,337.19883173065466,343.11949728276727
2020,AR1_plus_sine,701,338.61853366254036,337.3199198996085,334.4588773599435,340.379542912056
2020,AR1_plus_sine,702,336.0243314827771,334.5321876586226,331.66990214330895,337.5905676954215
2020,AR1_plus_sine,703,333.4864541434949,331.6196835289589,328.759929726771,334.68059527888363
2020,AR1_plus_sine,704,330.95482528829655,328.3009948659379,325.4391759291161,331.3598414812287
2020,AR1_plus_sine,705,325.9877862675029,324.9090239659998,322.03825807299097,327.9589236251036
2020,AR1_plus_sine,706,320.99016073620163,320.84043704401006,317.9630266436634,323.88369219577595
2020,AR1_plus_sine,707,312.4294572688019,316.12738686893243,313.2439052553717,319.1645708074843
2020,AR1_plus_sine,708,307.4889536039116,310.0605306912871,307.134046985146,313.1054954302534
2020,AR1_plus_sine,709,303.0503869928398,303.83562160279484,300.9155911216493,306.8870395667567
2020,AR1_plus_sine,710,297.0967407716391,298.04191071703417,295.12280853915166,301.0942569842591
2020,AR1_plus_sine,711,289.6755109834112,291.81519285865505,288.8999829842248,294.8714314293322
2020,AR1_plus_sine,712,284.66877005886505,284.8315817409867,281.9249690799723,287.8964175250797
2020,AR1_plus_sine,713,276.7592014983401,278.0846010687412,275.18312027061864,281.15456871572604
2020,AR1_plus_sine,714,271.8159651938437,270.88040837246064,268.0603111957247,273.98000994939156
2020,AR1_plus_sine,715,263.7867920949993,263.7548466530232,260.93366951043055,266.8533682640974
2020,AR1_plus_sine,716,256.6453097306704,256.4314400849865,253.618201029926,259.5378997835929
2020,AR1_plus_sine,717,251.17435345305807,248.78481652258958,245.97200132935657,251.89170008302344
2020,AR1_plus_sine,718,242.2633122248863,241.6345517006474,238.81060372780883,244.73030248147566
2020,AR1_plus_sine,719,234.34530481330594,233.95513078930355,231.12957456561415,237.049273319281
2020,AR1_plus_sine,720,226.33172815702574,226.03910066157022,223.2092687736351,229.12896752730197
2020,AR1_plus_sine,721,218.21256914025705,218.0075426350166,215.1734166839676,221.09311543763442
2020,AR1_plus_sine,722,208.60899591202184,209.86924969362826,207.033474507338,212.95317326100485
2020,AR1_plus_sine,723,199.94247214948686,201.2732414578558,198.44181508381692,204.36151383748378
2020,AR1_plus_sine,724,191.18275090897365,192.57234745799704,189.74349581082888,195.66319456449574
2020,AR1_plus_sine,725,181.96193734057815,183.88966335332591,181.06361775749053,186.98331651115737
2020,AR1_plus_sine,726,174.24193877069285,174.91234504997567,172.09152156578625,178.0112203194531
2020,AR1_plus_sine,727,167.20547579698098,166.23078683989718,163.40942722440576,169.3291259780726
2020,AR1_plus_sine,728,158.29746674450934,158.08849912269864,155.26098888225818,161.180687635925
2020,AR1_plus_sine,729,149.53328534642722,149.79532076182286,146.96637942327757,152.88607817694444
2020,AR1_plus_sine,730,141.40307904788574,141.33033054506083,138.50630697829217,144.426005731959
2020,AR1_plus_sine,731,134.5375449950546,133.28020903857595,130.4540236402818,136.37372239394864
2020,AR1_plus_sine,732,125.32325891870748,125.71779196351729,122.8831045646569,128.80280331832375
2020,AR1_plus_sine,733,117.36807740456017,117.62281965538594,114.78904107783033,120.70873983149718
2020,AR1_plus_sine,734,109.06108030025003,109.57745736574711,106.74339477189412,112.66309352556097
2020,AR1_plus_sine,735,102.16356282177755,101.56113740067423,98.72655616550753,104.64625491917438
2020,AR1_plus_sine,736,94.23180092405433,94.08172682162159,91.23862606017144,97.15832481383829
2020,AR1_plus_sine,737,87.81221432338985,86.65787337244662,83.88536708180825,89.70684839246503
2020,AR1_plus_sine,738,81.13377914941607,79.73938057430242,76.95603032422916,82.77751163488594
2020,AR1_plus_sine,739,72.8686116537959,73.1771640221073,70.39102778210294,76.21250909275972
2020,AR1_plus_sine,740,66.3868046251526,66.30450105747131,63.523356781991644,69.34483809264843
2020,AR1_plus_sine,741,60.37389238383854,59.88063539431553,57.099352763843285,62.920834074500064
2020,AR1_plus_sine,742,55.46403388465874,53.948830919488195,51.172925406223165,56.99440671687995
2020,AR1_plus_sine,743,50.43766045548543,48.48741471028475,45.711673235484106,51.533154546140885
2020,AR1_plus_sine,744,44.89878754901825,43.54991423342676,40.77747258489274,46.59895389554952
2020,AR1_plus_sine,745,38.65084948257869,38.69095222394429,36.10335973247574,41.854830852444444
2020,AR1_plus_sine,746,33.83248230380227,33.8290322752393,31.245823356536036,36.99729447650474
2020,AR1_plus_sine,747,30.263900108222433,29.169597783278693,26.584943685408216,32.336414805376926
2020,AR1_plus_sine,748,23.933384408490348,25.333498254800155,22.747367430065577,28.498838550034282
2020,AR1_plus_sine,749,19.394767795132402,21.074943214382543,18.489883062956896,24.2413541829256
2020,AR1_plus_sine,750,15.765672872163284,16.927651432804694,14.348610161990274,20.10008128195898
2020,AR1_plus_sine,751,12.994415365721597,13.12463758028688,10.54746453887447,16.298935658843174
2020,AR1_plus_sine,752,10.629726551766524,10.091753456943241,7.507931528681152,13.259402648649857
2020,AR1_plus_sine,753,6.930907423827316,7.567036606711136,4.973724064756358,10.725195184725063
2020,AR1_plus_sine,754,3.7085160881477277,5.041158333203648,2.4444091597303803,8.195880279699086
2020,AR1_plus_sine,755,2.443005430890051,2.7126216703962363,0.11280425501927782,5.864275374987983
2020,AR1_plus_sine,756,1.5455695082976626,0.983218643256025,-1.6160002832793332,4.135470836689373
2020,AR1_plus_sine,757,1.3290639423590034,0.03490839751849073,-2.5686859177753543,3.1827852021933514
2020,AR1_plus_sine,758,1.0615351182906287,-0.33800723828466145,-2.9477181588572665,2.803752961111439
2020,AR1_plus_sine,759,2.3599389733944425,-0.2904901186229688,-2.896294161693384,2.728407640567276
2020,AR1_plus_sine,760,1.58879693547007,0.7062540689999175,-1.9170507568677053,3.690534866915483
2020,AR1_plus_sine,761,1.0921162005521734,1.638873353287704,-0.9915536281561572,4.616031995627031
2020,AR1_plus_sine,762,3.735411975580515,2.3633735309464394,-0.2697311132028095,5.337854510580378
2020,AR1_plus_sine,763,2.370608279025592,3.972079139226116,1.3323810780221041,6.939966701805292
2020,AR1_plus_sine,764,5.044457168545605,5.403838880089903,2.7738422311733433,8.38142785495653
2020,AR1_plus_sine,765,8.177461494703518,7.420529669930547,4.794358541113102,10.401944164896289
2020,AR1_plus_sine,766,9.813210939984264,10.261375951699433,7.636940109240607,13.244525733023794
2020,AR1_plus_sine,767,12.05385748056215,13.249001180468104,10.629015134630494,16.236600758413683
2020,AR1_plus_sine,768,14.545024230992334,16.276185703350375,13.664747172068996,19.272332795852183
2020,AR1_plus_sine,769,19.340105518275436,19.526243433072075,16.916716202011035,22.524301825794222
2020,AR1_plus_sine,770,25.238179732681687,23.539768414908394,20.93195476826451,26.539540392047698
2020,AR1_plus_sine,771,30.508413659296217,28.549047425106767,25.93699986021493,31.544585483998116
2020,AR1_plus_sine,772,35.6075306980276,34.17187218301836,31.557998268603825,37.16558389238701
2020,AR1_plus_sine,773,38.911932973466456,39.94111145782931,37.32538766790308,42.93297329168627
2020,AR1_plus_sine,774,44.27460690716774,45.14130019128342,42.18839474448347,47.78975466325698
2020,AR1_plus_sine,775,49.96790609549868,50.571995789034794,47.62973002735198,53.23108994612549
2020,AR1_plus_sine,776,55.41069749094748,56.295244861028266,53.42488713508186,58.97106569149648
2020,AR1_plus_sine,777,60.48124311925735,62.194116233886454,59.42943067510343,64.87807883094062
2020,AR1_plus_sine,778,65.85797358313087,68.10978360028604,65.34961742923109,70.79826558506828
2020,AR1_plus_sine,779,72.44537899969554,74.04741814926919,71.29469150245492,76.74333965829211
2020,AR1_plus_sine,780,78.72230186748648,80.29320583195418,77.54546779856982,82.99411595440701
2020,AR1_plus_sine,781,86.4254449511499,86.63296380260604,83.88610670106023,89.3347548568974
2020,AR1_plus_sine,782,93.997455896623,93.52350910516328,90.77188612438715,96.22053428022434
2020,AR1_plus_sine,783,102.85161488548813,101.00910783012527,98.25633873381264,103.70498688964982
2020,AR1_plus_sine,784,112.39124583823279,109.14945498787547,106.39153915821836,111.84018731405556
2020,AR1_plus_sine,785,119.80784417672864,117.81786841665907,114.95606821756716,120.50224677398178
2020,AR1_plus_sine,786,127.79949153192317,126.17933276265407,123.30759148262524,128.85377003903986
2020,AR1_plus_sine,787,135.97210063713345,134.4614180109562,131.58061880456066,137.12679736097527
2020,AR1_plus_sine,788,144.62495131629967,142.99146414366638,140.10497275897612,145.65115131539073
2020,AR1_plus_sine,789,152.51904721656268,151.75259908904135,148.8591222830259,154.4053008394405
2020,AR1_plus_sine,790,160.19282471414286,160.27814123007045,157.37870334622355,162.92488190263816
2020,AR1_plus_sine,791,167.91731549659968,168.46849250608778,165.5649313891188,171.11110994553343
2020,AR1_plus_sine,792,175.23055010450108,176.59850358384907,173.69915041034298,179.2453289667576
2020,AR1_plus_sine,793,182.37673304873127,184.46284999022157,181.5690072431351,187.11518579954972
2020,AR1_plus_sine,794,189.3267825965723,192.07578756500462,189.19344497841283,194.73962353482744
2020,AR1_plus_sine,795,198.50069779561468,199.30317040337016,196.4321076406373,201.97828619705191
2020,AR1_plus_sine,796,204.20605443376388,207.0321685753847,204.16244713609078,209.7086256925054
2020,AR1_plus_sine,797,214.22506124494282,214.26998615502103,211.40073378356462,216.95685192436687
2020,AR1_plus_sine,798,224.7610089240472,221.94763279627023,219.0791158297856,224.63523397058782
2020,AR1_plus_sine,799,232.80203469304587,230.62439095596372,227.69848567289014,233.29984559166365
2020,AR1_plus_sine,800,238.93062154295896,239.20044849730996,236.271362142585,241.8727220613585
2020,AR1_plus_sine,801,248.2113607808569,246.8099144576275,243.88294962460108,249.4843095433746
2020,AR1_plus_sine,802,255.49665006072345,254.73436445480405,251.80602251647082,257.4073824352443
2020,AR1_plus_sine,803,262.3214652830482,262.6087343133763,259.67950508331194,265.2808650020854
2020,AR1_plus_sine,804,269.24644696815795,269.8883998736653,266.9612160462364,272.5625759650099
2020,AR1_plus_sine,805,275.8748494138837,276.5779911617499,273.6517109160827,279.25307083485626
2020,AR1_plus_sine,806,283.70872937516253,283.33124546170643,280.40400292402614,286.0053628427996
2020,AR1_plus_sine,807,288.1239659238151,289.94638308730663,287.0147541208831,292.61611403965657
2020,AR1_plus_sine,808,294.88432166662267,295.8657127806457,292.9339696011292,298.5353295199027
2020,AR1_plus_sine,809,299.49952127405487,301.37961482243384,298.44985636409643,304.0512162828699
2020,AR1_plus_sine,810,304.9888789800371,306.4526558528336,303.5216457773579,309.1230056961314
2020,AR1_plus_sine,811,310.3148223289004,311.4609331587149,308.53024188718274,314.1316018059562
2020,AR1_plus_sine,812,315.545464795997,316.0915869000596,313.1574063764979,318.75876629527136
2020,AR1_plus_sine,813,319.3827676860908,320.40045974969786,317.4665441224209,323.06790404119437
2020,AR1_plus_sine,814,322.63621532764927,324.15578447493033,321.22109760261486,326.82245752138834
2020,AR1_plus_sine,815,329.07391757395203,327.35822724692014,324.42366143050936,330.0250213492829
2020,AR1_plus_sine,816,333.7977272513307,331.1986000392123,328.2526011459407,333.8539610647142
2020,AR1_plus_sine,817,338.03115733562487,335.16880361415747,332.21254285315723,337.81390277193077
2020,AR1_plus_sine,818,339.94581510067115,338.7313802219987,336.11250930563085,341.7369846519038
2020,AR1_plus_sine,819,343.56622374906846,341.55930783962265,338.9372698887057,344.5617452349787
2020,AR1_plus_sine,820,344.0334384439193,344.1887279686555,341.5563131153643,347.1807884616372
2020,AR1_plus_sine,821,345.2239757157667,345.8996831109519,343.2688064104663,348.8932817567392
2020,AR1_plus_sine,822,347.37476569233786,346.9890376381677,344.36322596054407,349.987701306817
2020,AR1_plus_sine,823,347.80245473271714,348.2197390823827,345.2534440191418,350.8548039379153
2020,AR1_plus_sine,824,348.50936226003023,348.8924311317484,345.9317776058354,351.53313752460895
2020,AR1_plus_sine,825,348.9896674564229,348.9552392500044,345.99979008436674,351.6011500031402
2020,AR1_plus_sine,826,348.79456627692576,348.77480360363086,345.82296540354724,351.4243253223208
2020,AR1_plus_sine,827,347.8526786791441,348.23552405547997,345.2878315152846,350.8891914340581
2020,AR1_plus_sine,828,347.69040764969367,347.1467012140344,344.20113189835604,349.8024918171295
2020,AR1_plus_sine,829,346.00651471628197,346.02350908352275,343.0833931498128,348.68475306858636
2020,AR1_plus_sine,830,342.7531108188669,344.54768264076336,341.66877202902236,347.2248901698246
2020,AR1_plus_sine,831,340.7888647195848,341.8649450573287,338.9994414498585,344.5555595906608
2020,AR1_plus_sine,832,338.7639189035806,338.9968711965624,336.14050335146635,341.6966214922686
2020,AR1_plus_sine,833,336.7425795802578,336.01841790770806,333.16117022643147,338.7172883672337
2020,AR1_plus_sine,834,333.2102615558307,333.0840283319175,330.51456003191737,336.025969658852
2020,AR1_plus_sine,835,330.6172756124339,329.55148972924945,326.9665027388748,332.4223991322688
2020,AR1_plus_sine,836,325.55160563706323,325.93868159340093,323.34717843334187,328.7297235742569
2020,AR1_plus_sine,837,320.7069400181575,321.6214979948282,319.3073696911006,324.6491401160526
2020,AR1_plus_sine,838,316.6162159465234,316.6675232597716,314.3523971828424,319.69416760779444
2020,AR1_plus_sine,839,311.9907523535668,311.73273506702606,309.4126856593375,314.75445608428953
2020,AR1_plus_sine,840,307.71374418518315,306.60720177108055,304.2843595516762,309.6261299766282
2020,AR1_plus_sine,841,301.5556633483272,301.45303253354655,299.1243979420465,304.4661683669986
2020,AR1_plus_sine,842,296.23699393687565,295.7133768094608,293.378826759902,298.72059718485406
2020,AR1_plus_sine,843,289.8231230750867,289.8775458649418,287.53555125072955,292.8773216756816
2020,AR1_plus_sine,844,282.694776180837,283.54892006530474,281.2037538520257,286.54552427697774
2020,AR1_plus_sine,845,276.25881111694605,276.70371720632704,274.3626780755912,279.7044485005432
2020,AR1_plus_sine,846,267.7532751241287,269.7527944420596,267.41878319050363,272.76055361545565
2020,AR1_plus_sine,847,260.8843028037066,262.11432348098356,259.7931328245272,265.13490324947924
2020,AR1_plus_sine,848,253.57334379796265,254.34883478756257,252.0321868521412,257.37395727709327
2020,AR1_plus_sine,849,246.3324576266594,246.50366918820927,244.1923783389533,249.53414876390534
2021,AR1,650,1.8454880962894447,2.161360264219724,0.15440159581462076,4.4956350957247135
2021,AR1,651,1.3645605022996352,1.861521100777578,-0.1479343959120052,4.193299103998088
2021,AR1,652,1.744722202466598,0.8039042767100852,-1.2058430495992871,3.1353904503108057
2021,AR1,653,1.1711545683663813,1.1213912225006009,-0.8888760252919223,3.4523574746181707
2021,AR1,654,-0.4593565676394459,0.704285254873288,-1.3023825953132708,3.038850904596822
2021,AR1,655,-0.6626690227554978,-0.19254997813099053,-2.1942480919488134,2.1469854079612793
2021,AR1,656,0.6543149217587633,-0.21317990708410492,-2.2113290646687602,2.129904435241332
2021,AR1,657,0.3491579316721659,0.5020741419520821,-1.4947781997926661,2.846455300117426
2021,AR1,658,-0.19634439256220976,0.6466153297495937,-1.3439855539998407,2.9972479459102517
2021,AR1,659,-1.2899499314645397,-1.7398335886299743e-05,-1.988758828873313,2.35247467103678
2021,AR1,660,0.16518908020518785,-0.5579465924430561,-2.543336521962228,1.7978969779478642
2021,AR1,661,0.9603951047044967,0.4917963590529795,-1.4882947853997606,2.852938714510332
2021,AR1,662,0.38387911047658807,0.8593639979822261,-1.1215428462772201,3.219690653632872
2021,AR1,663,-0.8368599899827498,0.4990167229361107,-1.4758489251869862,2.8653845747231066
2021,AR1,664,-0.6213660793172688,-0.31523258180429725,-2.286489230548086,2.054744269362007
2021,AR1,665,0.008754397112504586,-0.4615321348666452,-2.4323496635529915,1.908883836357101
2021,AR1,666,0.968914721542075,-0.20004237557868823,-2.169648775823385,2.1715847240867077
2021,AR1,667,-0.8295537492609164,0.27499379450114,-1.6965610478464321,2.64467245206366
2021,AR1,668,-2.0459272077850734,-0.529042224340135,-2.4954165701323103,1.8458169297777824
2021,AR1,669,-3.133436259740956,-1.1195904507338952,-3.0853609890129694,1.255872510897123
2021,AR1,670,-2.3741209124806635,-2.0283451356687245,-4.0250725884458145,0.3536011623559414
2021,AR1,671,-2.6168807377267247,-1.865122002972386,-3.857365224697386,0.52130852610437
2021,AR1,672,-1.5669223326108797,-1.716631989813736,-3.707753563636212,0.6709201871655444
2021,AR1,673,-2.0566579536779956,-1.0658401333434029,-3.058926197819118,1.3197475529826381
2021,AR1,674,-2.418359335093903,-1.170157535832384,-3.1633546423983177,1.2153191084034387
2021,AR1,675,-3.2265885787803024,-1.6727619968413023,-3.6659106203072507,0.7127631304945057
2021,AR1,676,-2.1126868100116742,-2.41824519716406,-4.404929644196397,-0.02625589339464085
2021,AR1,677,-4.096656960664841,-1.889364802781327,-3.8705434958361176,0.5081302549656386
2021,AR1,678,-3.6466275241387316,-2.631257032313188,-4.624901811751354,-0.22552485672014067
2021,AR1,679,-1.5101688426284547,-2.5623136589834186,-4.547391512463905,-0.14801455743269187
2021,AR1,680,1.087653298077186,-1.5749636803770455,-3.5648720767147295,0.8345048783164832
2021,AR1,681,1.8878810456712634,-0.296407403474736,-2.2864875700912575,2.1128893849399555
2021,AR1,682,0.5738192292236795,0.6471723481072321,-1.3481743977251184,3.0512025573060946
2021,AR1,683,1.1148250219173463,0.3482943417078628,-1.641637495786648,2.757739459244565
2021,AR1,684,-0.22174870690812054,0.6158093970955872,-1.3746987687873853,3.0246781862438277
2021,AR1,685,1.3156727162657753,-0.47300086988261514,-2.4581994813157575,1.9411774737154555
2021,AR1,686,1.8714354050076911,0.3119361895030912,-1.6508857268785644,2.728065945637292
2021,AR1,687,2.732803236545985,0.7109468704388976,-1.2533123146132166,3.12563935790264
2021,AR1,688,1.5036522659209368,1.979594541701877,0.01316912116895197,4.392120793684809
2021,AR1,689,1.6795282113078496,1.4385355707312673,-0.5228154633491477,3.856136209166709
2021,AR1,690,1.5401721501618733,1.4430982999989916,-0.5242003945757996,3.854751277940057
2021,AR1,691,2.0033877746123885,0.9238745569433262,-1.0420071765210934,3.336944495994763
2021,AR1,692,2.468774422052981,1.399674870850308,-0.7087105053300924,3.64566095038468
2021,AR1,693,1.9664419398176856,1.483955790608281,-0.6240980980582971,3.7302733576564755
2021,AR1,694,3.361557313567349,1.4558657699769988,-0.6526083808987262,3.7017630748160464
2021,AR1,695,3.6943870064426765,2.133930213228573,0.02496815667271335,4.379339612387486
2021,AR1,696,2.9914411921094652,2.3225752015886574,0.20696879765477583,4.561340253369549
2021,AR1,697,2.085660816969165,2.0175731707538787,-0.0933608509903836,4.2610106047243885
2021,AR1,698,0.9248838885579526,1.4576378211754273,-0.6499253438869461,3.7044461118278265
2021,AR1,699,1.346093610843528,0.8519471690523484,-1.254035497732702,3.100335957982071
2021,AR1,700,0.8002214148610834,1.051874323474381,-1.0531740613755602,3.301197394339212
2021,AR1,701,-0.27828324701695517,0.5413753131446692,-1.558193590610546,2.7961778651042266
2021,AR1,702,0.7299304572947757,-0.2479008394507366,-2.3391386764731106,2.015232779241662
2021,AR1,703,-0.5071413507238967,0.15647634262317467,-1.9334393146962525,2.42093214101852
2021,AR1,704,-1.8540931402457146,-0.2781893220391723,-2.3632143961533334,1.9911570595614394
2021,AR1,705,-0.32496710458127653,-0.8334570966662465,-2.909632987092147,1.444738468622626
2021,AR1,706,-0.9334478154340236,-0.016713695922423583,-2.0937979651693364,2.260573490545436
2021,AR1,707,-1.8925612459088514,-0.21962622579859814,-2.2943718081353612,2.059999647579411
2021,AR1,708,-2.033086028134199,-1.1416732359454658,-3.207011870307904,1.1473595854068686
2021,AR1,709,-2.786942411448633,-1.3967324461723223,-3.4582044839478305,0.896166971766942
2021,AR1,710,-1.9502279368785143,-1.7490168574696898,-3.806323208141742,0.5480482475730308
2021,AR1,711,-2.6642904286992595,-1.3845099170380515,-3.441830279850498,0.9125411758642745
2021,AR1,712,-2.221526580191262,-2.0744724226164877,-4.1245318611505315,0.22983959456424063
2021,AR1,713,-3.713420096968629,-1.5415951831272883,-3.5850478048354146,0.7693236508793577
2021,AR1,714,-4.484937385942317,-2.4888542558137496,-4.653979459949577,-0.2791267173967249
2021,AR1,715,-4.056686142221989,-3.5166047067099315,-5.673723872948382,-1.29887113039553
2021,AR1,716,-3.318802290621941,-3.16663158171354,-5.321715374937758,-0.9468626323849061
2021,AR1,717,-1.8131916158322536,-2.9582982844360903,-5.111855919314195,-0.737003176761343
2021,AR1,718,-1.819928852993851,-1.7816990377721884,-3.942390561659116,0.43246218089373545
2021,AR1,719,-1.168197391381995,-1.0474221639205785,-3.20858506979651,1.1662676727563417
2021,AR1,720,-1.3391173309102902,-0.874975659764622,-3.0416189602866774,1.3332337822661744
2021,AR1,721,-0.812521487170909,-0.9570643803974241,-3.127608153172691,1.247244589380161
2021,AR1,722,-0.20988790666667234,-0.8108256075527458,-2.9802489249858235,1.3946038175670283
2021,AR1,723,0.021236115124284555,-0.8661973347702009,-3.0388144426603403,1.3360382998925115
2021,AR1,724,0.609568154884377,-0.4177311828041486,-2.5904289336913897,1.7844238088614621
2021,AR1,725,-0.760757956534651,-0.2841075055230553,-2.460028369032634,1.9148243735202175
2021,AR1,726,-0.6487428896771564,-0.8466284657557285,-3.022844104935156,1.3520086376176956
2021,AR1,727,0.022382781362513815,-0.8931272828092687,-3.073706885970592,1.3011458565822598
2021,AR1,728,0.30177068172813865,-0.6074689659573418,-2.793945439439028,1.5809073031138234
2021,AR1,729,-0.039068112449201414,-0.21263365530707484,-2.4055322793240266,1.969320463228825
2021,AR1,730,-1.8614133228987442,-0.27849730124156397,-2.482800610857812,1.863392701685644
2021,AR1,731,-1.835710883839094,-1.4571482508230535,-3.6599067382475106,0.6862865742959454
2021,AR1,732,-2.950800042103049,-1.338436846369258,-3.540346581849313,0.8058467306941428
2021,AR1,733,-2.5870546191972643,-1.7301871175474313,-3.932432963689257,0.41376034885419877
2021,AR1,734,0.07530240424549683,-1.394855316183916,-3.596111084248556,0.7500822282949
2021,AR1,735,0.4472851741826742,0.10868231989094324,-2.092591176297198,2.2536021362462586
2021,AR1,736,0.6228874990284674,0.2499452061440985,-1.9416208163758446,2.352304575351014
2021,AR1,737,0.4010290398220776,-0.36541404737089966,-2.550568509066331,1.714808082516556
2021,AR1,738,-0.6161310987591861,-0.4855143631229375,-2.6694073676545944,1.5959692239282923
2021,AR1,739,-0.5059518413945205,-0.6517776618312197,-2.835009109988648,1.4303674815942387
2021,AR1,740,-2.7321156850599633,-0.6753247211298407,-2.861592337056168,1.4037842545267187
2021,AR1,741,-2.5343528484078393,-1.685667624380051,-3.8626489705468954,0.4027276210359918
2021,AR1,742,-0.8280709143797449,-1.5796542911273217,-3.755686414022331,0.5096901775605558
2021,AR1,743,-2.442042774884709,-0.4957901597000578,-2.5533246106575938,1.6911076559992855
2021,AR1,744,-1.0085666489365717,-2.020023217834271,-4.077421022146273,0.16701124451060645
2021,AR1,745,0.5534588864043283,-0.5493293579179792,-2.6101102517872983,1.6343220148695814
2021,AR1,746,1.4983950910196413,0.026021352475089354,-2.0355475465301476,2.208884720126732
2021,AR1,747,0.721926442503013,0.9646434626599257,-1.103776056586263,3.1406562100706163
2021,AR1,748,0.5883860657038397,0.0164091362497763,-2.048516093661917,2.1959161729949623
2021,AR1,749,0.24263337859685735,-0.2246255809440533,-2.289653222357489,1.9547790442993906
2021,AR1,750,0.22714579081653444,-0.2850068011174063,-2.352053282553694,1.8923789841031855
2021,AR1,751,1.738540575275375,0.09868170807735775,-1.9739322583269199,2.2705000083299596
2021,AR1,752,1.5888165182687257,0.6992652248879865,-1.38335603091602,2.8610762357408595
2021,AR1,753,1.9714139941236732,1.2969418864275217,-0.7917650613551153,3.452667205301764
2021,AR1,754,3.0117155741714257,1.5728244205468538,-0.5115863364375628,3.732845930219317
2021,AR1,755,3.41236360099554,2.25033736384444,0.16173348863116654,4.406165755288047
2021,AR1,756,5.342602302854469,2.3879190573312052,0.2917152550996889,4.536147521756568
2021,AR1,757,4.181975984428532,3.469080468826705,1.2351200566382672,5.529045448365126
2021,AR1,758,4.277368509823439,2.805601660860817,0.568474336889496,4.862399728616355
2021,AR1,759,4.662248095438178,3.1527627039482664,0.9058716035272405,5.199796995254099
2021,AR1,760,2.8415979504611304,3.2015608194832548,0.9469494391010267,5.240874830827885
2021,AR1,761,2.0946113051929554,2.4049658970204972,0.1518429445284264,4.445768336255285
2021,AR1,762,1.6203308672515457,1.2363848067067906,-1.0087301064517578,3.256646485131129
2021,AR1,763,1.850377721917153,0.6420622433417129,-1.6062993861812764,2.6590772054016103
2021,AR1,764,-0.22776857675253015,0.8182818854425746,-1.4379707903717676,2.827405801211119
2021,AR1,765,0.42720140015175545,-0.5075250198349123,-2.7644552217295804,1.5009213698533066
2021,AR1,766,0.6188519668415541,0.3013066673493051,-1.9577548450402773,2.3076217465426097
2021,AR1,767,-0.9924315749741512,0.4527129792553178,-1.80511189355446,2.4602646980284266
2021,AR1,768,-1.2263704744154105,-0.10341163843847591,-2.3538295873927346,1.9115470041901517
2021,AR1,769,0.004107192509541169,-0.5697222028522536,-2.8141108218066417,1.4512657697762448
2021,AR1,770,0.32130074001458264,0.34469288575162066,-1.8989219325157478,2.366454659067139
2021,AR1,771,3.7031187527470344,0.9409629692182586,-1.3010347216868132,2.9643418698960735
2021,AR1,772,2.6820338350637574,2.269885941832058,0.02141848918749778,4.316357032736509
2021,AR1,773,1.7279153534912726,2.404716730070044,0.16005624451219047,4.454994788061201
2021,AR1,774,0.21653164226900246,1.7505323665672894,-0.493571537676637,3.8013670058723745
2021,AR1,775,0.5373963799946868,0.1538091987056014,-2.088050827532853,2.2068877160161584
2021,AR1,776,1.7437694765606955,-0.08173300568264756,-2.3270937601968535,1.9678447833521577
2021,AR1,777,2.704841390481141,0.8596462932648358,-1.3897377383091505,2.905200805239861
2021,AR1,778,-0.18995670781290075,1.6612774095845715,-0.5956518477046797,3.6992866958443313
2021,AR1,779,1.7477116124696435,0.3853434367449438,-1.867515550846708,2.4274229927023034
2021,AR1,780,1.6721768106829247,1.1709314210559048,-1.086199277185191,3.2087392663638203
2021,AR1,781,1.8499058336279322,0.6600134125742255,-1.5973168503994901,2.697621693149521
2021,AR1,782,3.727937070730146,1.2943694585087486,-0.966045969444931,3.3288925741040805
2021,AR1,783,3.583718835411373,2.3591047757334738,0.09469717935159716,4.467706259371887
2021,AR1,784,2.677095349088783,2.851565806669319,0.5879959489921927,4.961005029012482
2021,AR1,785,2.377330615584214,2.081054785123532,-0.17245480339279018,4.1224837401562215
2021,AR1,786,2.2593632610876377,1.441074158041714,-0.8083806403024165,3.4865579032465948
2021,AR1,787,2.6236424104386833,1.5975770230440662,-0.6506360117259493,3.6443025318230617
2021,AR1,788,1.4531623267720004,1.40155129333906,-0.8492710476355645,3.4456674959134466
2021,AR1,789,0.263654463665841,0.6616277557637975,-1.584963423060315,2.7099751204886964
2021,AR1,790,-0.6904803701738661,0.12282068391202605,-2.124218321732745,2.1707202218162664
2021,AR1,791,-1.1373202265501061,-0.7970914451310797,-3.041588082707828,1.2533504608411832
2021,AR1,792,-1.2515712499493765,-0.9407739952341697,-3.1867589362524575,1.1081796072965537
2021,AR1,793,-0.7953752256083748,-0.7751183158456909,-3.0220954264634,1.2728431170856114
2021,AR1,794,0.4334834898310269,-0.3579740108239854,-2.6050085167090344,1.6899300268399768
2021,AR1,795,-0.2772515962423985,0.5063117755468025,-1.7440905246830019,2.5508480188660094
2021,AR1,796,-0.15673860461205796,0.18673899717767234,-2.0530546450315716,2.212321946551315
2021,AR1,797,1.5704465810835861,0.2602137273733728,-1.97580072083748,2.2895758707454066
2021,AR1,798,1.4017620286338839,1.0247199055678249,-1.2132411234862963,3.05213546809659
2021,AR1,799,-0.17343402235440641,1.1216217998829918,-1.115402947864703,3.149973643718184
2021,AR1,800,0.037514281627920476,-0.19638681151465492,-2.4294862476202645,1.8358903439626224
2021,AR1,801,-0.42917105730608107,-0.18453733241302184,-2.416086777363579,1.8492898142193077
2021,AR1,802,-0.8003985081094855,-0.18741865214669784,-2.414645200919364,1.8507313906635228
2021,AR1,803,-0.8673119560015297,-0.5190484154683046,-2.7433059543304674,1.5220706372524198
2021,AR1,804,-0.4643009105357049,-0.6087667448571221,-2.8353137107637716,1.4300628808191147
2021,AR1,805,-0.7887411598642864,-0.5133522412955889,-2.736847982117305,1.5285286094655823
2021,AR1,806,0.38422188431626625,-0.6659180105578956,-2.8846798721001914,1.3806967194826951
2021,AR1,807,-0.0010608122076040116,0.1426096036769477,-2.0794698499149336,2.185906741667953
2021,AR1,808,0.5171197810084959,-0.002041324209864609,-2.2232391530903515,2.0421374384925355
2021,AR1,809,-0.25776546336470346,0.5571753197215269,-1.6588510730181159,2.5519239835021303
2021,AR1,810,0.9898790060512747,-0.17516578394451868,-2.384751651385769,1.8260234051344775
2021,AR1,811,0.19234408829201832,0.48863033375436815,-1.718175816382396,2.432213101451818
2021,AR1,812,-0.6862010410531632,0.12126603064432703,-2.0914515146245867,2.0589374032096273
2021,AR1,813,-0.6700920141044382,-0.5062412627837387,-2.713140704409737,1.4372482134244773
2021,AR1,814,-2.6936562891450446,-0.3426597669892886,-2.540014154538909,1.5566075539391655
2021,AR1,815,-2.901460000525012,-1.6788722360171622,-3.8789033116351277,0.2736722545001755
2021,AR1,816,-1.8280995946171765,-2.045968268704652,-4.243247616617879,-0.09067205048257554
2021,AR1,817,-0.9854739865529928,-1.0221622478324934,-3.2232174072026436,0.9293581589326592
2021,AR1,818,-2.0413307167779196,-0.725833259982529,-2.9298493884106076,1.2227261777246952
2021,AR1,819,-1.2034074865814357,-1.2566973877795364,-3.4612839199689502,0.6912916461663525
2021,AR1,820,0.3623496895882262,-1.0382959030102827,-3.2417287682793408,0.9108467978559618
2021,AR1,821,-0.037176708593398666,-0.1945171525562141,-2.4047252969799437,1.7478502691553592
2021,AR1,822,0.020253509959241023,0.021780788684836475,-2.19226885156298,1.9603067145723225
2021,AR1,823,-0.9232783439423724,-0.4961670394745578,-2.7095054750095815,1.4430700911257208
2021,AR1,824,0.17035656887922768,-0.6804738937744297,-2.893022916527933,1.25955264960737
2021,AR1,825,0.29825281599563397,-0.27678194216404745,-2.4894946459651313,1.6630809201701713
2021,AR1,826,0.4557954074391851,-0.27810967802171593,-2.4904754653556798,1.662100100779623
2021,AR1,827,-0.7833187167492073,0.2585021994089985,-1.9613708978210187,2.191204668314284
2021,AR1,828,-2.142433461742529,-0.6722999857221267,-2.8915952613266773,1.2609803048086254
2021,AR1,829,-1.2239481639346448,-1.3485413903716528,-3.5633918636762743,0.5891837024590285
2021,AR1,830,-1.9228738604705624,-0.6867736832707897,-2.9007948686621927,1.25178069747311
2021,AR1,831,-1.815445180391697,-0.933655187224516,-3.147490576189014,1.0050849899462886
2021,AR1,832,-1.0964149025259078,-1.253476686327936,-3.4645437914950374,0.6880317746402655
2021,AR1,833,-0.9792465627086167,-0.6537520001895547,-2.8623225052798267,1.2902530608554759
2021,AR1,834,-0.31261948927011546,-0.5515243749315298,-2.76328786820232,1.389287697932983
2021,AR1,835,-0.9931694902068221,-0.6010408968064074,-2.8123963633156563,1.3401792028196462
2021,AR1,836,-2.6902588683715525,-0.9723756545461019,-3.163686850780287,0.9342466252636609
2021,AR1,837,-3.2337227873083805,-1.7707199498144184,-3.958561999660868,0.13937147638307978
2021,AR1,838,-1.284965479869287,-1.9642395774854988,-4.148194912073852,-0.050261436029904294
2021,AR1,839,0.3359874896702686,-1.3158507265275443,-3.503658658989358,0.5942748170545893
2021,AR1,840,-1.0684761138139431,-0.2609738319034973,-2.4554876983344123,1.6424457777095354
2021,AR1,841,-0.6195897442371421,-0.8485125673969137,-3.041239917053132,1.056693558990816
2021,AR1,842,-0.9301733855007076,-0.30412073613781676,-2.498014856873748,1.5999186191701997
2021,AR1,843,-0.6230070195992503,-0.5975207406640367,-2.7873831769821233,1.3105502990618243
2021,AR1,844,-0.23793639187852933,-0.5695316788188095,-2.7570681629836735,1.3408653130602746
2021,AR1,845,-0.23016364418319785,-0.31198136868338455,-2.498599028162287,1.5993344478816605
2021,AR1,846,-2.454175504526073,-0.24316254172875104,-2.4238814318244364,1.6740520442195113
2021,AR1,847,-1.513976681621762,-1.2672632684943934,-3.4641671520825623,0.6629574877708106
2021,AR1,848,-1.6747017026182103,-0.8585495713176514,-3.053342860525267,1.0737817793281066
2021,AR1,849,-1.1046336743460259,-1.3605448232588866,-3.5553395271204202,0.5717851127329532
2021,AR1_plus_sine,650,96.65584679399203,96.46855554331403,94.16063064288788,98.9968855999111
2021,AR1_plus_sine,651,103.6669332269695,103.8874811205628,101.57145082537457,106.40770578239778
2021,AR1_plus_sine,652,111.70379246190875,111.4140249767414,109.08992047219668,113.92617542921991
2021,AR1_plus_sine,653,118.93426098781767,119.13074727844202,116.8003659067786,121.63662086380181
2021,AR1_plus_sine,654,125.23744598511047,127.06107712700867,124.35503792078863,129.16500471507277
2021,AR1_plus_sine,655,133.07951726309432,134.53592944540853,131.8455119715848,136.65547876586896
2021,AR1_plus_sine,656,142.53534715868656,142.19686190486306,139.5118954805576,144.32186227484175
2021,AR1_plus_sine,657,150.44406123384752,150.4015836547535,147.7146240288924,152.5245908231765
2021,AR1_plus_sine,658,158.16884802920552,158.73970708890462,156.05095245835628,160.86091925264043
2021,AR1_plus_sine,659,165.38321479938028,166.8641635658054,164.17361543739307,168.98358223167722
2021,AR1_plus_sine,660,175.16518908020436,174.79294506761804,172.10994964869477,176.91991644297892
2021,AR1_plus_sine,661,184.28723037385924,183.16756448717067,180.48721476943143,185.29718156371558
2021,AR1_plus_sine,662,192.01868668870844,191.6827788226537,189.2087779307925,193.822970796198
2021,AR1_plus_sine,663,199.06823670784146,200.07464492525878,197.60283260282625,202.21702546823175
2021,AR1_plus_sine,664,207.4976016837551,208.13181563383108,205.66255038417458,210.27674324958008
2021,AR1_plus_sine,665,216.2665681112623,216.10376427174822,213.63271080917002,218.2469036745755
2021,AR1_plus_sine,666,225.27211216879172,224.09601128093374,221.62477072438864,226.2389635897941
2021,AR1_plus_sine,667,231.40733983128737,232.2297378432321,229.75886605264208,234.37305891804755
2021,AR1_plus_sine,668,237.9950025327724,239.85255953560463,237.39438136906085,242.00857423446635
2021,AR1_plus_sine,669,244.5641910155888,246.93697677276933,244.4923081056441,249.10650097104957
2021,AR1_plus_sine,670,252.81552038981582,253.61441666741982,251.18397531641625,255.79816818182172
2021,AR1_plus_sine,671,259.8831192622725,260.44742820682114,258.02080574275305,262.6349986081585
2021,AR1_plus_sine,672,268.045220722119,267.32406623012184,264.8998084407186,269.51400130612404
2021,AR1_plus_sine,673,274.45330122128104,274.3784090084944,271.9536958721264,276.56788873753186
2021,AR1_plus_sine,674,280.7594632535114,281.25410226301415,278.82409178700226,283.43828465240773
2021,AR1_plus_sine,675,286.374039861645,287.62882257622886,285.1953808117742,289.8095736771797
2021,AR1_plus_sine,676,293.6511401993583,293.4624875404129,291.0291914984526,295.64338436385805
2021,AR1_plus_sine,677,297.55679970772195,299.24980811922063,296.8138698259124,301.4280626913179
2021,AR1_plus_sine,678,303.60954798785605,304.3457016426484,301.91427957514765,306.5284724405531
2021,AR1_plus_sine,679,311.04912273735977,309.1665953752655,306.73066387429844,311.3448567397039
2021,AR1_plus_sine,680,318.6384449068857,314.4831375837658,312.0312024334734,316.6453952988789
2021,AR1_plus_sine,681,324.1072492911277,320.12561935981466,317.45415782205356,322.2641246163377
2021,AR1_plus_sine,682,327.1282648915002,325.52006858400216,323.0913830759903,328.05000846643406
2021,AR1_plus_sine,683,331.66102853652876,329.91180264870667,327.47832508278003,332.4369504732238
2021,AR1_plus_sine,684,333.96385048013246,334.2110235028841,331.77427988452223,336.7329052749661
2021,AR1_plus_sine,685,338.7800609940784,337.5772819980123,334.8898066087739,339.69977340305803
2021,AR1_plus_sine,686,342.24657868007455,340.9078803231854,338.22261068144644,343.0325774757306
2021,AR1_plus_sine,687,345.6440736190829,344.17105897292305,341.48290754035446,346.2928743346386
2021,AR1_plus_sine,688,346.5706767225407,347.11673991938176,344.4188938908519,349.22886068513606
2021,AR1_plus_sine,689,348.5170502322815,349.095458672445,346.4008429903038,351.2108097845879
2021,AR1_plus_sine,690,349.75892447932506,350.34827066838767,347.6503272038929,352.46029399817706
2021,AR1_plus_sine,691,351.2109742249022,351.3494019320933,348.648280714939,353.45824750922316
2021,AR1_plus_sine,692,352.2705587790794,351.80365781388485,349.0922694195385,353.9022362138227
2021,AR1_plus_sine,693,351.9664419398177,352.28088899893476,349.7490858393197,354.3635759520749
2021,AR1_plus_sine,694,353.16334167059375,352.184750709705,349.64337091106205,354.25786102381716
2021,AR1_plus_sine,695,352.9019734567325,352.0669146644187,349.5110742135029,354.1255643262581
2021,AR1_plus_sine,696,351.21019352127286,351.39463259588905,348.8412987985347,353.45578891128986
2021,AR1_plus_sine,697,348.92318283794276,350.042516031424,347.49682044852784,352.111310561283
2021,AR1_plus_sine,698,345.99190834517765,348.08928581055886,345.55629927664916,350.1707893894043
2021,AR1_plus_sine,699,344.2573639933808,345.3622351459256,342.8478906646479,347.46238077740304
2021,AR1_plus_sine,700,341.1753646899283,342.80350146075097,340.2976537980289,344.91214391078404
2021,AR1_plus_sine,701,337.1861050307956,339.6028828930423,337.10977766161636,341.72426777437147
2021,AR1_plus_sine,702,334.9155296443358,335.8001382033238,333.32377909621766,337.93826920897277
2021,AR1_plus_sine,703,330.03906216388805,331.9897990351144,329.519381616581,334.1338717293361
2021,AR1_plus_sine,704,324.7003525220314,327.42303316899495,324.95804965295605,329.57253976571116
2021,AR1_plus_sine,705,321.8944011408751,322.1018294098328,319.65104177721935,324.51454616557885
2021,AR1_plus_sine,706,316.617343793375,317.13843676250326,314.6915724066671,319.55507679502654
2021,AR1_plus_sine,707,310.66673033407926,311.7624706730038,309.31542458245167,314.1789289708111
2021,AR1_plus_sine,708,305.22308948386046,306.0266174294769,303.5789559055569,308.4424602939163
2021,AR1_plus_sine,709,298.8665142569389,299.9015588689197,297.45985756119524,302.32336194955474
2021,AR1_plus_sine,710,293.81359907249134,293.33278333533104,290.89703407068873,295.7605384590482
2021,AR1_plus_sine,711,286.93633801172587,286.9691597663297,284.5381157458097,289.40162013416915
2021,AR1_plus_sine,712,280.9562960084148,280.0518115023802,277.6097902743711,282.47329466273055
2021,AR1_plus_sine,713,272.7965390779912,273.2210493103461,270.7731931034666,275.63669749182606
2021,AR1_plus_sine,714,265.1272056687874,265.8265733634017,263.39126276257997,268.2547671509394
2021,AR1_plus_sine,715,258.44331385777815,258.05867672463506,255.62669092901626,260.4901953173757
2021,AR1_plus_sine,716,251.87083901167495,250.39516297066803,247.95878753096605,252.82229191932552
2021,AR1_plus_sine,717,245.88443565949788,242.97872895613204,240.5266760382875,245.39018042664696
2021,AR1_plus_sine,718,238.2210008875646,235.95768655017764,233.55172932205093,238.51035471249475
2021,AR1_plus_sine,719,231.06869618916673,228.77310828259309,226.57416156786502,231.49919807189593
2021,AR1_plus_sine,720,222.9640801163398,221.3996239527929,219.1858387479153,224.11087525194623
2021,AR1_plus_sine,721,215.44529222697872,213.6213506105866,211.39754920903374,216.32258571306468
2021,AR1_plus_sine,722,207.90907985640615,205.84022035753836,203.60626466429895,208.53130116832986
2021,AR1_plus_sine,723,199.92633281294894,198.00763598795453,195.7688832195733,200.6939197236042
2021,AR1_plus_sine,724,192.24437573311607,190.26553496249198,188.02407801139918,192.9491145154301
2021,AR1_plus_sine,725,182.56607731262113,182.5895879930947,180.04943346362865,184.91293785198812
2021,AR1_plus_sine,726,174.35125711032245,174.36891863671627,171.90803186709093,176.69785950785845
2021,AR1_plus_sine,727,166.69554751220718,166.13623785575683,163.6795328679465,168.46936050871403
2021,AR1_plus_sine,728,158.66696310349693,158.1425461675844,155.68489038317122,160.47471802393872
2021,AR1_plus_sine,729,150.0558351897266,150.42089216094863,147.96040516331,152.75023280407754
2021,AR1_plus_sine,730,140.01961891402888,142.56503571959962,140.10873171308197,144.89855935384946
2021,AR1_plus_sine,731,131.90647540201175,134.0052580954098,131.46683273387694,136.29123103255117
2021,AR1_plus_sine,732,122.74600251064732,125.47847623217552,122.94999470588581,127.77439300456003
2021,AR1_plus_sine,733,115.17605180025446,116.77431327794915,114.26473213907582,119.154354761461
2021,AR1_plus_sine,734,110.03437266368863,108.49904572048408,105.99463519655534,110.8842578189405
2021,AR1_plus_sine,735,102.74965789885294,101.28884075541328,98.77768451688571,103.66730713927087
2021,AR1_plus_sine,736,95.433246196732,94.38199701533743,91.8741297436055,96.76375236599065
2021,AR1_plus_sine,737,87.9010290398213,87.4866587626253,84.9718613482987,89.86148397068386
2021,AR1_plus_sine,738,79.7717258465115,80.54772516520478,78.02835751980176,82.91798014218693
2021,AR1_plus_sine,739,72.984088983646,73.48450147040467,70.9630177724641,75.85264039484926
2021,AR1_plus_sine,740,64.09006172633428,66.73705259764274,64.21221928135377,69.10184190373894
2021,AR1_plus_sine,741,57.86501871116739,59.560498247885505,56.81556906265002,61.81548428896249
2021,AR1_plus_sine,742,53.40810207625075,52.829036983651335,50.09239164165342,55.09230686796589
2021,AR1_plus_sine,743,45.90450055672807,47.09820865179925,44.362010374115435,49.361925600427895
2021,AR1_plus_sine,744,41.73525783906906,41.259948920544275,38.533089832788356,43.533005059100816
2021,AR1_plus_sine,745,37.994167306416486,36.21031570333571,33.48371215220465,38.48362737851711
2021,AR1_plus_sine,746,33.947603482210845,31.71139172689332,28.98197415106072,33.981889377373186
2021,AR1_plus_sine,747,28.502558197046902,27.701456095460514,24.966177720917422,29.966092947229882
2021,AR1_plus_sine,748,24.03394040342698,23.889066794522535,21.149000349064586,26.14891557537705
2021,AR1_plus_sine,749,19.696429863985152,19.839030317291893,17.0896199967799,22.089535223092362
2021,AR1_plus_sine,750,16.041546603775714,16.10731576391442,13.346523989292198,18.34643921560466
2021,AR1_plus_sine,751,14.274152297463013,12.744485226463087,9.976512243662743,14.976427469975206
2021,AR1_plus_sine,752,11.213673243201622,10.09413818015919,7.32078974745664,12.320704973769104
2021,AR1_plus_sine,753,9.060143611586504,7.864457828815452,5.333146897834842,10.221964931702265
2021,AR1_plus_sine,754,7.94469111755182,6.152789482599564,3.6187884245367012,8.507606458404124
2021,AR1_plus_sine,755,6.574841580021989,4.828097808650567,2.656507085506496,7.524063346725441
2021,AR1_plus_sine,756,7.123849973691175,4.049547496899085,1.8645077630282842,6.732064024247229
2021,AR1_plus_sine,757,4.974389534138793,4.30940674020324,2.05119663901219,6.976705487527014
2021,AR1_plus_sine,758,4.475584152797061,4.303040402636119,2.0372948916287377,6.962803740143562
2021,AR1_plus_sine,759,4.662248095438178,4.472467404238398,2.1996093027304147,7.125118151245239
2021,AR1_plus_sine,760,3.039813593434724,4.95236940231831,2.6710507643108,7.596559612825624
2021,AR1_plus_sine,761,2.887024854903103,5.09394111510387,2.816303549744861,7.741812398259686
2021,AR1_plus_sine,762,3.40157853808828,5.514715765985147,3.2492864873341105,8.174795335848934
2021,AR1_plus_sine,763,5.012855700943403,6.340197693256603,4.089392580535732,9.014901429050557
2021,AR1_plus_sine,764,4.705206966627608,7.713320254800159,5.468421818483549,10.393930666998372
2021,AR1_plus_sine,765,7.515931017614644,9.187597152229172,6.402475710998624,11.45847473359482
2021,AR1_plus_sine,766,10.243708691774508,11.094871875909837,8.316033856702788,13.372032879298981
2021,AR1_plus_sine,767,11.54318014721306,13.649352819709952,10.87637477652894,15.932373799125134
2021,AR1_plus_sine,768,14.588030338543824,16.30911931546928,13.550430898546669,18.606429921142862
2021,AR1_plus_sine,769,19.457903677897892,19.21266521670504,16.453899180631755,21.509898203227948
2021,AR1_plus_sine,770,23.766855077737777,23.068034722308248,20.30634712626295,25.362346148859142
2021,AR1_plus_sine,771,31.483750507290328,27.57802525056196,24.806474530981703,29.862473553577896
2021,AR1_plus_sine,772,35.13124222625505,33.35363584365624,30.554797046382284,35.675743729197194
2021,AR1_plus_sine,773,39.168623773502745,39.221647566852205,36.404292942561526,41.52523962537644
2021,AR1_plus_sine,774,42.960356130273894,44.68290245845033,41.868628200617685,46.989574883432596
2021,AR1_plus_sine,775,48.88393971160754,49.795944226882206,46.99304584223708,52.113992525052
2021,AR1_plus_sine,776,55.97994246719036,55.18447967395932,52.39952847034572,57.45552749294191
2021,AR1_plus_sine,777,63.10421295005553,61.472365364792346,58.69216905842265,63.74816808101885
2021,AR1_plus_sine,778,66.63222070358145,68.27963937381521,65.49994424727788,70.55594326987408
2021,AR1_plus_sine,779,75.23775243750927,74.66249413169704,71.90333084279102,76.90400471242864
2021,AR1_plus_sine,780,82.06003375595266,81.39542960356707,78.64204088261833,83.64271475225596
2021,AR1_plus_sine,781,89.34990583362834,88.30638244847647,85.55783026123648,90.5585041308741
2021,AR1_plus_sine,782,98.5382957684338,95.60920413068374,92.85776459809202,97.85843846772966
2021,AR1_plus_sine,783,105.88609156008064,103.81183335587264,101.0461483728357,106.1021473954319
2021,AR1_plus_sine,784,112.63616560853089,111.98954292729894,109.21226570791481,114.268264730511
2021,AR1_plus_sine,785,120.14043703503606,120.00084347456783,117.21321349394766,122.26921251654386
2021,AR1_plus_sine,786,127.95616581383693,127.7758823914828,124.97705457631842,130.03305359891462
2021,AR1_plus_sine,787,136.36582869628845,135.7549539587802,132.9451916766928,138.001190699289
2021,AR1_plus_sine,788,143.33419456369978,144.08943435686027,141.26539088410522,146.3213899067014
2021,AR1_plus_sine,789,150.35855776584054,152.24142073493033,149.41500023717828,154.4709992597745
2021,AR1_plus_sine,790,157.67471205159381,160.12768594865767,157.31580935119212,162.3718083737883
2021,AR1_plus_sine,791,165.5358445042947,167.8850241441395,165.0900114775454,170.14601050014159
2021,AR1_plus_sine,792,173.74842875005038,175.43970949418548,172.66527786355928,177.7212768861555
2021,AR1_plus_sine,793,182.5314600435463,183.09353723261302,180.3287395952672,185.38473861786338
2021,AR1_plus_sine,794,192.06829106806282,191.33893619009442,188.5716644839364,193.62766350653257
2021,AR1_plus_sine,795,199.62784510158238,199.86806317246146,197.10888533706657,202.10955920670418
2021,AR1_plus_sine,796,207.96222915845965,208.02484923955265,205.26825399512143,210.26892786475904
2021,AR1_plus_sine,797,217.82826029523332,216.07992369971538,213.31859342193295,218.31926729157058
2021,AR1_plus_sine,798,225.70495947588412,224.43583891501098,221.66046967764183,226.66114354727947
2021,AR1_plus_sine,799,232.06345955819327,232.70307145546195,229.9269094215719,234.92758329120954
2021,AR1_plus_sine,800,240.07844402218535,240.24189398337677,237.46411818869154,242.46479205832915
2021,AR1_plus_sine,801,247.26845621802417,247.65110440452736,244.8698611962784,249.87053506591602
2021,AR1_plus_sine,802,254.38924279418643,255.0199808614378,252.23828324536086,257.23895711499847
2021,AR1_plus_sine,803,261.6326880439987,262.09979702308175,259.3104277332557,264.31110160289336
2021,AR1_plus_sine,804,269.1478421441941,268.9729159883366,266.1810555655244,271.181729435162
2021,AR1_plus_sine,805,275.7212180150947,276.0855931422559,273.2918746255998,278.29254849523744
2021,AR1_plus_sine,806,283.5620444729215,282.8983936379683,280.11550527380314,285.1161791434408
2021,AR1_plus_sine,807,289.59956762821764,289.5184321369611,286.7347247578866,291.7353986275242
2021,AR1_plus_sine,808,296.2809467903775,295.94965847530267,293.1741362351026,298.17481010474023
2021,AR1_plus_sine,809,301.3956912050221,302.1307495916067,299.35954786052963,304.36022173016727
2021,AR1_plus_sine,810,308.2460545180461,307.5059479736333,304.7388894609156,309.7395633305532
2021,AR1_plus_sine,811,312.75163566828024,312.89823751429924,310.13048352136417,315.1311573910018
2021,AR1_plus_sine,812,316.8645905677553,317.84134673811417,315.0709355611873,320.07160943082494
2021,AR1_plus_sine,813,321.54927623135194,321.9820711806967,319.21147283148196,324.2121467011196
2021,AR1_plus_sine,814,323.8607893731321,325.991627278773,323.22252439829157,328.2231982679292
2021,AR1_plus_sine,815,327.64474351408643,329.2291337283545,326.4663677551807,331.46704162481836
2021,AR1_plus_sine,816,332.3574995924234,332.24999911414045,329.4928743905232,334.4935482601608
2021,AR1_plus_sine,817,336.47891429125957,335.2966065072571,332.5375674246251,337.5382412942627
2021,AR1_plus_sine,818,338.33381255828897,338.494312914532,335.72652831317106,340.7272021828087
2021,AR1_plus_sine,819,341.7078628959555,341.0303212525464,338.2595466358104,343.26022050544805
2021,AR1_plus_sine,820,345.4293741462079,343.259784675006,340.4808671411187,345.48154101075636
2021,AR1_plus_sine,821,346.80034531238005,345.63445611467534,342.8384682801316,347.83914214976926
2021,AR1_plus_sine,822,348.2390058391224,347.22819364791525,344.4267083384563,349.4273822080939
2021,AR1_plus_sine,823,348.2843081063474,348.39343458242786,345.6995206208653,350.6498905766087
2021,AR1_plus_sine,824,349.9721409259056,348.8990932081908,346.2155165974436,351.165886553187
2021,AR1_plus_sine,825,350.2982528159956,349.3174660403111,346.62874630412404,351.5791162598674
2021,AR1_plus_sine,826,350.2575797644656,349.19163008875813,346.4971950863977,351.4475650421411
2021,AR1_plus_sine,827,348.4242677335406,348.87526626266356,346.1779798727193,351.1283498284627
2021,AR1_plus_sine,828,346.07631886742087,347.824511666476,345.12892926688534,350.0792992226287
2021,AR1_plus_sine,829,345.613573857039,345.8440113572442,343.1593357653172,348.1097057210606
2021,AR1_plus_sine,830,343.14415059614913,344.1016528303653,341.4210678125931,346.3714377683365
2021,AR1_plus_sine,831,341.0958252021456,341.8555379766515,339.311331678408,344.14279271651634
2021,AR1_plus_sine,832,339.27872837254097,339.3399916657616,336.80794893767285,341.6394099757812
2021,AR1_plus_sine,833,336.4851417151039,336.5856036927489,334.052691850715,338.88415288882334
2021,AR1_plus_sine,834,333.8729796977709,333.56157984251325,331.02004307979394,335.85150411790227
2021,AR1_plus_sine,835,329.5530340244051,330.25056719182163,327.70873961670014,332.5402006548085
2021,AR1_plus_sine,836,323.864186793905,326.07181232886,323.5251530310477,328.356614069156
2021,AR1_plus_sine,837,318.9856454581487,321.0357694621742,318.4945108523311,323.32597189043946
2021,AR1_plus_sine,838,316.2658261289398,315.639356752059,313.10071679302575,317.9321778311341
2021,AR1_plus_sine,839,312.89527906965844,310.7428016484078,308.1909301299036,313.02239116801195
2021,AR1_plus_sine,840,306.1876993981816,306.1983487934896,303.62977357808387,308.4612346161922
2021,AR1_plus_sine,841,301.03386692415046,300.7279366118575,298.1635289525358,302.99498999064417
2021,AR1_plus_sine,842,294.83365362386917,294.8945527241403,292.32909620697455,297.1605572450829
2021,AR1_plus_sine,843,288.97762142082496,288.62974597240225,286.06614815036596,290.89760918847435
2021,AR1_plus_sine,844,282.9398861967276,282.2993787936159,279.7342781938612,284.56573923196953
2021,AR1_plus_sine,845,276.27979553077665,275.7039022869838,273.141999852912,277.97346089102035
2021,AR1_plus_sine,846,267.1579675502037,268.89099866487385,266.32706043742206,271.15852147553045
2021,AR1_plus_sine,847,260.9860233183784,261.3753181985061,258.8296548403039,263.66111587841226
2021,AR1_plus_sine,848,253.5149395996787,253.83994651877262,251.29608138395324,256.1275424220616
2021,AR1_plus_sine,849,246.5929936009842,246.07849774259776,243.5396859230816,248.37114696118996
2022,AR1,650,1.003547574059926,-0.005113129606768681,-1.543310577437475,1.916478290214186
2022,AR1,651,0.04639635946018783,0.810546016434953,-0.7403110753915002,2.7194777922601605
2022,AR1,652,-1.6669506923156074,0.11248774853220991,-1.428996676640108,2.0307921910115527
2022,AR1,653,-2.286472063072434,-1.2752879841554103,-2.7774839756880825,0.7093629116572462
2022,AR1,654,-2.2862490444198484,-1.3998641725182805,-2.9005747169170446,0.5862721704282843
2022,AR1,655,-3.2665005195737153,-1.2528802060417186,-2.7530032896835577,0.7338435976617712
2022,AR1,656,-3.140841006257606,-1.910120810541186,-3.4316894351961142,0.0870968552199427
2022,AR1,657,-2.2374140509996847,-1.8497802134885928,-3.3686606401586072,0.15012565025744973
2022,AR1,658,-1.8538103339669392,-1.7049539644935208,-3.2265334403221813,0.29225285009387614
2022,AR1,659,-1.4589219839466976,-1.6511731741842728,-3.174100807763966,0.34468548265209087
2022,AR1,660,-0.6235035201127337,-1.4076163003877697,-2.9365924701984776,0.5821938202175796
2022,AR1,661,0.4532947346585813,-0.8560458877654592,-2.368793436877046,1.1180534504682829
2022,AR1,662,1.9568916666286555,-0.13774756441156985,-1.6624348833090816,1.824412004036247
2022,AR1,663,1.5198852144566461,0.8651863952212336,-0.6966926285789315,2.822591748999288
2022,AR1,664,1.4370615740517967,1.162253839204412,-0.39803945796732854,3.1212449196108913
2022,AR1,665,-0.5688633839476458,1.325173054546216,-0.23978844076299666,3.279495936815223
2022,AR1,666,-0.8234399897582976,-0.05161385589254378,-1.6454761756015137,1.914175364615701
2022,AR1,667,0.5629912636464515,-0.40258741771025874,-1.9918542731226445,1.5677972670945701
2022,AR1,668,2.9387111261678323,0.02622623182119809,-1.572382920939387,1.9872686192778277
2022,AR1,669,3.6844578446097858,1.5970492896845894,-0.01606847472887707,3.679498455980834
2022,AR1,670,1.6321980466494783,2.0727302980452427,0.4544098630224054,4.158989020999907
2022,AR1,671,0.5349502873025438,0.9026816425353279,-0.7068765545037772,2.9977026034737246
2022,AR1,672,-0.5376640427641896,0.20255971667166464,-1.4079188702615215,2.29666028771598
2022,AR1,673,-0.19711902843279092,-0.12896884374295342,-1.7356720650662003,1.9689070929113013
2022,AR1,674,-2.4054031017891053,-0.3621152995620551,-1.966950556389895,1.7376286015876066
2022,AR1,675,-1.8716527604034785,-1.3304840129936073,-3.3582344382498563,0.3450986106829874
2022,AR1,676,-1.0154919194346748,-1.0951826563848295,-3.1223571144965505,0.580975934436293
2022,AR1,677,1.6537724164537317,-0.8275036543109817,-2.8506300785785115,0.8527029703543318
2022,AR1,678,0.061964938931745595,0.40573675284812316,-1.4358702991337577,2.3664597669472145
2022,AR1,679,-1.0913165087678192,-0.17275871148538835,-2.018829644800423,1.783500421280549
2022,AR1,680,-0.14655452613026154,-1.1138726795707858,-2.957606293703292,0.8447237723776797
2022,AR1,681,1.6735015800081006,-0.013018699240600347,-2.054134044963522,1.6499222891665613
2022,AR1,682,1.8152779846674425,1.143466908597545,-0.9065449990167112,2.8284407796689175
2022,AR1,683,-0.09483966249386344,1.4095263436542587,-0.6426716120469129,3.092314166638716
2022,AR1,684,-2.190778791641846,0.6646987527738487,-1.380204954219475,2.3547808244661543
2022,AR1,685,-1.622229511451153,-0.8099542457209387,-2.9582758977121344,0.8921347558547176
2022,AR1,686,-1.743309134602574,-0.8076191126844007,-2.8494240476268167,0.8855617310588121
2022,AR1,687,-1.0192728326489882,-1.5893892895773105,-3.6320316979951297,0.10295408069049938
2022,AR1,688,-0.3402450122439938,-0.9051762049720635,-2.951115807123154,0.7838699715624755
2022,AR1,689,0.2578887113264459,-0.2847115555102021,-2.3301229633555884,1.4048628153300404
2022,AR1,690,-0.4066598128290947,0.15598219280421285,-1.8989303331436194,1.8360554455420097
2022,AR1,691,-2.8370577144119578,-0.4986768128526152,-2.550298988489721,1.184686790195908
2022,AR1,692,-1.8685213753214358,-1.5080456179555783,-3.66981732021195,0.17785082006303532
2022,AR1,693,-1.3731060375385746,-0.552937058200607,-2.711604804442187,1.136063335832798
2022,AR1,694,0.40576614107448616,-0.6537056105206507,-2.805942231671877,1.041725908603108
2022,AR1,695,1.3424646680007872,0.2877574111725454,-1.8667663187240784,1.9809018215509069
2022,AR1,696,2.4088488785864257,0.9384576115242299,-1.2198588514364634,2.6278092888385216
2022,AR1,697,2.036958917919599,1.628399476893199,-0.5309597829323027,3.3167083573426828
2022,AR1,698,0.8737159669977788,1.261520890417915,-0.9008776953056343,2.946790444969351
2022,AR1,699,0.010912549436985497,-0.0967009160583235,-2.251554190760113,1.5961139495148724
2022,AR1,700,-0.3138331858618883,0.12490542615160341,-2.029079821134343,1.8185883191406425
2022,AR1,701,0.1091812031449022,-0.13910251778573016,-2.2879909464325046,1.5596771938424807
2022,AR1,702,0.26367056713557624,-0.18758234879570135,-2.3406848491933436,1.5069832910816412
2022,AR1,703,-0.20133865769044437,0.5024746066434631,-1.6541626727545091,2.193505467520476
2022,AR1,704,0.3819037816369608,-0.12868098418295668,-2.2776138156386483,1.5700543246363372
2022,AR1,705,-0.28184551694028737,0.21183139918201654,-1.935424943612842,1.9122431966621436
2022,AR1,706,0.21477318286366154,-0.30384252392060807,-2.451897905985433,1.3957702342895524
2022,AR1,707,-0.4466103673308301,0.18648097087446197,-1.9688155686619668,1.8788525716130184
2022,AR1,708,0.8698746347954923,0.10876327219616956,-2.0484930731988893,1.7991750670760958
2022,AR1,709,1.5376463222887549,0.7571072851519391,-1.4055446730763086,2.4421234671986767
2022,AR1,710,0.6891633589156586,1.1877524255060161,-0.9800045204950834,2.8676636197799024
2022,AR1,711,0.5725372115981592,0.6629016546472004,-1.497172946678085,2.3504951935969003
2022,AR1,712,-0.4213730617024046,0.49608035357800406,-1.6582234074566016,2.1894447328183837
2022,AR1,713,-1.471632299221099,-0.0835694718446254,-2.235560559438537,1.6121075808364482
2022,AR1,714,-1.9982257013900044,-0.8669222660189645,-3.0096099359503,0.8380582043246848
2022,AR1,715,-1.3887429806104246,-1.302706653618922,-3.4386129767079057,0.4090551635670798
2022,AR1,716,-1.7205123189994265,-1.084627337764946,-3.214469535501539,0.6331986047734461
2022,AR1,717,-1.76875664972968,-1.211781968320357,-3.340464713443244,0.5072034268317414
2022,AR1,718,-1.9212698508960517,-1.4922993775753481,-3.6110162309120426,0.2366519093629429
2022,AR1,719,-2.714174623493976,-1.4680405131522618,-3.58089520607648,0.26677293419850523
2022,AR1,720,-3.1552468155215094,-1.7354515336222605,-3.8483495928681015,-0.0006814525931162496
2022,AR1,721,-3.2986817664154087,-1.6904140830172423,-3.801800394633166,0.0458677456418195
2022,AR1,722,-2.9479425368769947,-2.0456589969009213,-4.154565550918066,-0.3068974106430804
2022,AR1,723,-2.6686869599924585,-1.9967205241681334,-4.101312702027382,-0.2536445617523966
2022,AR1,724,-2.363312518046746,-1.9178556833674392,-4.0232693082378415,-0.17560116796285619
2022,AR1,725,-2.064751108182245,-1.9956794714421242,-4.104025436268622,-0.2563572959936371
2022,AR1,726,-1.9432756743102562,-1.8526836172855259,-3.9598237743113183,-0.11215563403633322
2022,AR1,727,-2.28424502328593,-1.7406477325664202,-3.848471970275189,-0.0008038300002040089
2022,AR1,728,-1.9051346899043573,-1.9361300984075673,-4.046589193620816,-0.198921053345831
2022,AR1,729,-1.8570679900497455,-1.7746374191194851,-3.8814611012886906,-0.0337929610137051
2022,AR1,730,-1.5044390713905211,-1.4206452573279247,-3.5273996243195733,0.3202685159554117
2022,AR1,731,-2.6696250719369305,-1.193938595548855,-3.308985250270787,0.5386828900041984
2022,AR1,732,-1.5825456435598673,-1.68036168823077,-3.7904798650553486,0.0571882752196371
2022,AR1,733,-2.87039512054983,-1.4066135746497586,-3.513710406863978,0.3339577334110071
2022,AR1,734,-4.410068773464804,-1.9117387987416825,-4.009225522950411,-0.16155738267542552
2022,AR1,735,-3.888447840299191,-2.7584233967232517,-4.728842767136138,-0.7840597980183726
2022,AR1,736,-3.2574168675878323,-2.6482929596426725,-4.6134744734275825,-0.6686915043098169
2022,AR1,737,-3.0901594502828935,-2.438344800881632,-4.396134005606585,-0.45135103648882025
2022,AR1,738,-2.1590266444535606,-2.4948589300453556,-4.456750798409384,-0.5119678292916188
2022,AR1,739,-3.1911490508038014,-1.8852522125236078,-3.854159394309076,0.09062357480868899
2022,AR1,740,-1.6749215676068114,-2.1442613259404837,-4.101704935203285,-0.15692196608552011
2022,AR1,741,-0.6624731391475345,-1.8409378289666039,-3.802523882154662,0.14225908696310308
2022,AR1,742,-1.5959376212545693,-1.0022932128188837,-3.072086505365113,0.7755420392528583
2022,AR1,743,-2.5781304321857945,-0.7991630268720692,-2.859232663044963,0.9883958815730084
2022,AR1,744,-2.273040355750079,-1.2715278565471426,-3.3271482660699148,0.5204802785480562
2022,AR1,745,-2.4155829905129833,-1.118523795040755,-3.177830590770241,0.669797953847731
2022,AR1,746,-3.6107427607523057,-1.6217294468680674,-3.6738728018790123,0.1737557427389591
2022,AR1,747,-1.549998736601342,-2.439953133954634,-4.483626149169826,-0.6359976045518541
2022,AR1,748,-2.5743433401017914,-1.5785672084924176,-3.6222508994552776,0.22537764516269365
2022,AR1,749,-0.8197069513546524,-1.7697631124794604,-3.8044446487319457,0.04318389588602556
2022,AR1,750,-1.6621136013548758,-1.529082669602128,-3.5639452670644154,0.28368327755355627
2022,AR1,751,0.4256250715606611,-1.1642655625393705,-3.208030609088083,0.6395979355298884
2022,AR1,752,0.9068530202856584,-0.2690096746917261,-2.325532653288721,1.5220958913292504
2022,AR1,753,-0.0005425523567982315,0.058470429455252736,-2.0060100074454197,1.8416185371725515
2022,AR1,754,0.3015791799638804,0.44620665461641473,-1.6141146680017784,2.233513876616193
2022,AR1,755,-0.928101105384411,0.5110691811604872,-1.5537190137999826,2.293909530817989
2022,AR1,756,-2.0777708496413023,-0.026196556753160793,-2.0858809467152044,1.7617475979027668
2022,AR1,757,-2.1588259538516144,-1.0439408653496458,-3.0925688623382808,0.7550596822796904
2022,AR1,758,-3.103395612604705,-1.4789506724653194,-3.5267414194287143,0.32088712518925666
2022,AR1,759,-2.5827566139155134,-2.203198692532994,-4.234724360279615,-0.3870958156616433
2022,AR1,760,-0.2769938443134825,-2.1372139417695206,-4.158784772465807,-0.31115622784783503
2022,AR1,761,-0.4440544754387721,-1.1099120204659976,-3.136778087665747,0.7500234431051398
2022,AR1,762,-1.8757027938208448,-0.6540718520245113,-2.6884976005231365,1.1983039302477505
2022,AR1,763,-1.317199622645928,-1.2562563209945736,-3.289692330395606,0.5971092003752807
2022,AR1,764,-0.704481730903168,-0.7564109385278024,-2.793167284273552,1.0936342464973343
2022,AR1,765,0.01891706589371156,-0.44906865571696514,-2.4878707468458887,1.398930783924998
2022,AR1,766,-0.3636962055926742,0.23118082603781293,-1.8097299687521011,2.0770715620187854
2022,AR1,767,0.633202727625179,0.3097087278181581,-1.7289905633495717,2.1578109674213146
2022,AR1,768,0.5754975135851158,0.7521800030003645,-1.2826757706733707,2.604125760097516
2022,AR1,769,1.5060789258688194,0.5428587861837182,-1.4938987087126014,2.392902822058285
2022,AR1,770,0.3345138454529232,0.8009970336608139,-1.239223343675227,2.6475781870956596
2022,AR1,771,-0.09544148453521817,0.1938529276746705,-1.8469104754048105,2.0398910553660756
2022,AR1,772,0.37448674908844226,-0.15480824228556955,-2.1853392886134713,1.7014622421574153
2022,AR1,773,1.151672272671962,-0.21606457839985704,-2.2459138383640425,1.6408876924068445
2022,AR1,774,0.2709909669791194,0.5110689114916022,-1.5184884740501916,2.368313056720695
2022,AR1,775,0.5231476252217457,0.05709492860144626,-1.968559408696542,1.9182421220743446
2022,AR1,776,0.939432558855053,0.2958165254292131,-1.7264198140508336,2.160381716720053
2022,AR1,777,-0.7318224105862733,0.4226223605686032,-1.603510706129766,2.2832908246411203
2022,AR1,778,0.4748813425924783,-0.6048077309791984,-2.6299934975586075,1.2568080332122793
2022,AR1,779,1.4605749779467028,0.11025009353634257,-1.9246483522384656,1.9621531785324209
2022,AR1,780,0.5196261995429172,1.2270834123620107,-0.8080750630684692,3.0787264677024178
2022,AR1,781,0.9064791970383855,0.2031325344766362,-1.8311157152077373,2.0556858155631494
2022,AR1,782,0.5662872274257666,0.5655370115154245,-1.4636291307187332,2.4231724000521533
2022,AR1,783,0.49618057574920654,0.5441598448522512,-1.4821643694112439,2.4046371613596427
2022,AR1,784,0.13557621580010493,0.22017280577165732,-1.800039963202103,2.086761567568784
2022,AR1,785,-0.09066007602730802,-0.0660225590106192,-2.0907359049548475,1.7960656258160392
2022,AR1,786,-1.3522609461484616,-0.013600184819578726,-2.034112427010383,1.8526891037605036
2022,AR1,787,-0.1947965816207049,-0.913529663976437,-2.932842885141302,0.9539586456295843
2022,AR1,788,-0.24163675112224506,-0.3444126416813911,-2.373995084044936,1.51280644672595
2022,AR1,789,-0.5449076018920437,-0.23777847691279314,-2.2647139827071747,1.6220875480637122
2022,AR1,790,0.15201606039920368,-0.6229595930724994,-2.6459691404437558,1.2408323903271306
2022,AR1,791,0.6270133709507879,0.09591873120306257,-1.9346103991803554,1.9521911315905311
2022,AR1,792,0.6136867827349259,0.08884207687170038,-1.9512262834301495,1.935575247340737
2022,AR1,793,0.423309141741422,0.3594530356033647,-1.6833544538029928,2.203447076967894
2022,AR1,794,-0.5201831757659128,0.15508477467144685,-1.8928523573531153,1.9885586856616124
2022,AR1,795,-0.5159156271052502,-0.3596397918552777,-2.4006176095930516,1.4807934334216761
2022,AR1,796,-0.04452577447943007,-0.15298463138104829,-2.1913202998266312,1.6900907431880965
2022,AR1,797,0.6360762978859542,-0.11664408867690512,-2.162591813431562,1.718819229583166
2022,AR1,798,1.0142772290027497,0.3852844028072933,-1.6710831800554256,2.210327862959302
2022,AR1,799,0.11627780851302272,0.5553387391460094,-1.5035838643444712,2.3778271786702563
2022,AR1,800,-0.11621899269347044,0.04174913161339058,-2.0104409598192676,1.8709700831954603
2022,AR1,801,-0.2437855976786455,-0.35958705378650363,-2.4087321730619626,1.4726788699527649
2022,AR1,802,0.21076397806924646,-0.1198499008072044,-2.1658904591186654,1.715520583896062
2022,AR1,803,0.2324690668718879,0.18773978568762067,-1.8636157251600494,2.0177953178546786
2022,AR1,804,-2.147598515010559,0.14041716437019325,-1.9092173182324,1.9721937247823278
2022,AR1,805,-0.2142972182274696,-1.2668664188832437,-3.242032620892501,0.7536143060612839
2022,AR1,806,0.7684475436809955,-0.3605478386499694,-2.342169690094633,1.6534772368591515
2022,AR1,807,0.6423216363108657,0.44728651923579527,-1.537512256240688,2.458134670713097
2022,AR1,808,1.6272259005338432,0.2575292992271847,-1.731475776513886,2.264171150439899
2022,AR1,809,1.2041552265837454,0.5537541128114868,-1.4403306338703112,2.5553162930834734
2022,AR1,810,1.4215780736848829,0.6406705359876157,-1.3577075031373564,2.6379394238164284
2022,AR1,811,2.7898107783893202,0.685460612167705,-1.314411261911772,2.681235665042013
2022,AR1,812,2.780331419171109,1.52594524397428,-0.4741813825344656,3.522739306565663
2022,AR1,813,1.3565453597659565,1.9041897220726514,-0.1048645907371395,3.8920560983629895
2022,AR1,814,-0.11131479478124273,0.5007490627597478,-1.5046191992464029,2.492301489853726
2022,AR1,815,2.3335610259383914,-0.2499218053162916,-2.2497280110260514,1.7471926780740774
2022,AR1,816,2.2997970590503387,1.639824990290784,-0.42693918298884936,3.6278023606592464
2022,AR1,817,2.6698182395920567,1.5411138171337349,-0.5231892810818015,3.531552262566294
2022,AR1,818,2.4301501804886696,1.7039409106235202,-0.36419335453500623,3.6905481891130894
2022,AR1,819,1.639149070665037,1.8597443053304163,-0.20993906081942604,3.84480248282867
2022,AR1,820,1.5614330954940574,1.2575542567272455,-0.8118639741657683,3.242877569482328
2022,AR1,821,0.7936699436093636,1.0504571798774904,-1.0160922274448083,3.0386493162032875
2022,AR1,822,0.05710178142895317,0.655243297171705,-1.400252585747607,2.6544889579004884
2022,AR1,823,0.7947842734270785,-0.08907993440701402,-2.135490562596453,1.9192509810516423
2022,AR1,824,0.17603775424249135,0.17315681452188436,-1.8743755763954661,2.180365967252629
2022,AR1,825,1.1686423610404226,0.06572446197260402,-1.97303752041099,2.081704023237106
2022,AR1,826,0.46354487593154187,0.6736799154480974,-1.3685430031554509,2.686198540492645
2022,AR1,827,-0.5108316540481257,0.330626122451057,-1.7082701783601597,2.346471365287936
2022,AR1,828,0.7036769548885576,-0.5387698406071425,-2.573534575768694,1.4812069678794013
2022,AR1,829,1.8053360407195929,0.13176771580469418,-1.9099565476655158,2.1447849959825795
2022,AR1,830,1.858046353020883,1.292042335224415,-0.7542596359616025,3.3004819076864935
2022,AR1,831,3.064221768812004,1.2535195114884279,-0.7997777165395754,3.2549638271085204
2022,AR1,832,2.3598267051968924,1.8087242239441774,-0.2493511078660402,3.805390435782056
2022,AR1,833,3.589300394159104,1.6006170486283684,-0.45738271792935126,3.5973588257187448
2022,AR1,834,3.3970032529018965,2.1291824862660835,0.06701268667037352,4.121754230318469
2022,AR1,835,2.501339238972789,2.1781638531405747,0.11087563623583208,4.165617179883928
2022,AR1,836,1.964027441141584,1.6495057955564183,-0.4121523232763151,3.642589220371781
2022,AR1,837,0.840846423927086,0.9055459239622607,-1.1477358938745061,2.902391503796583
2022,AR1,838,2.4834671813021503,0.6954004841174051,-1.354905078994578,2.695222318676511
2022,AR1,839,2.2605636709859893,1.5095014241762257,-0.54969670082828,3.500430696842809
2022,AR1,840,1.5348644401201246,1.5505198141595615,-0.515541596699514,3.534585800971575
2022,AR1,841,1.9248059419316341,1.2027954022878702,-0.8689225675109706,3.1812048301601186
2022,AR1,842,3.818818084854212,1.2984014593327207,-0.7817046238686272,3.2684227738024614
2022,AR1,843,2.6943237738346735,2.537107413934876,0.2069219848958208,4.330148401159617
2022,AR1,844,2.110505998064828,1.8251597635172914,-0.49776003274512215,3.6254663835186745
2022,AR1,845,2.2608585010064974,1.124904002928968,-1.1990188192460658,2.9242075970177304
2022,AR1,846,2.5141440880788744,1.4797373244554526,-0.8516179535734414,3.271608462690355
2022,AR1,847,2.6360332054733133,1.350587082333663,-0.9892367232060733,3.133989693057723
2022,AR1,848,2.3776203485793954,1.5467590882058344,-0.8042622743107177,3.318964141953079
2022,AR1,849,-0.5214728295212852,1.6946637223548602,-0.6636599602008801,3.459566456062916
2022,AR1_plus_sine,650,95.8139062717625,93.51902309403437,91.57945128601969,95.29205793728121
2022,AR1_plus_sine,651,102.34876908413005,101.40960123237559,99.42994554748381,103.14534759935745
2022,AR1_plus_sine,652,108.29211956712653,109.08137744196962,107.09484095205397,110.77992853058515
2022,AR1_plus_sine,653,115.47663435637885,116.42576414759232,114.43592619406543,118.12101377259661
2022,AR1_plus_sine,654,123.41055350833007,123.82067293949503,121.84714575975568,125.53223333828686
2022,AR1_plus_sine,655,130.4756857662761,131.4880799834214,129.51324666633164,133.19833424486282
2022,AR1_plus_sine,656,138.7401912306702,139.03299497852421,137.0682846387444,140.75337221727557
2022,AR1_plus_sine,657,147.85748925117568,146.86451168159107,144.91130358131835,148.59639115984953
2022,AR1_plus_sine,658,156.51138208780077,155.19395560448808,153.23091752604108,156.91600510457226
2022,AR1_plus_sine,659,165.21424274689812,163.78790807694017,161.8269260587757,165.5120136373069
2022,AR1_plus_sine,660,174.37649647988644,172.4275719904411,170.44322680625464,174.07004296693967
2022,AR1_plus_sine,661,183.78013000381333,181.25954768155185,179.2655366657258,182.97979977200762
2022,AR1_plus_sine,662,193.5916992448605,190.4540416156755,188.42617566548438,192.20261277759968
2022,AR1_plus_sine,663,201.42498191228086,199.8691842964411,197.84200806797966,201.75220860790742
2022,AR1_plus_sine,664,209.55602933712416,208.76114235457527,206.70055610434673,210.6107566442745
2022,AR1_plus_sine,665,215.68895033020215,217.37103250210504,215.29414175155557,219.20434229148333
2022,AR1_plus_sine,666,223.47975745749136,225.10122321277376,223.0330945616022,226.94329510152997
2022,AR1_plus_sine,667,232.79988484419474,232.6006334053847,230.54204887583285,234.4522494157606
2022,AR1_plus_sine,668,242.9796408667253,240.4039553248206,238.35024016703812,242.2604407069659
2022,AR1_plus_sine,669,251.38208511993955,248.88768895640808,246.77938863084637,250.71486912076625
2022,AR1_plus_sine,670,256.82183934894596,257.32667560322597,255.1667859247123,259.1422939207056
2022,AR1_plus_sine,671,263.03495028730174,264.8015932546693,262.63901958285874,266.614527578852
2022,AR1_plus_sine,672,269.0744790119657,271.84619566154794,269.7173445103607,273.692852506354
2022,AR1_plus_sine,673,276.31284014652624,278.19375801988406,276.0979246752469,280.34873066264527
2022,AR1_plus_sine,674,280.7724194868162,284.4435523667012,282.3827484061952,286.6335543935936
2022,AR1_plus_sine,675,287.7289756800218,289.58118692930867,287.5729744576485,292.095836084826
2022,AR1_plus_sine,676,294.74833508993527,295.03913357485663,293.05879610148867,297.5816577286661
2022,AR1_plus_sine,677,303.3072290848405,300.9344603205933,298.9530151255142,303.4758767526916
2022,AR1_plus_sine,678,307.31814045092653,307.41986144973606,305.3954481216448,309.91830974882225
2022,AR1_plus_sine,679,311.4679750712204,312.87015593604247,310.8543490536671,315.34936907441164
2022,AR1_plus_sine,680,317.4042370826782,317.4452155979284,315.4429955937962,319.93801561454075
2022,AR1_plus_sine,681,323.8928698254646,322.25261059528054,320.24138502464376,324.7364050453883
2022,AR1_plus_sine,682,328.36972364694395,327.2788431685297,325.2582029962718,329.75322301701635
2022,AR1_plus_sine,683,330.45136385211754,331.5827185940238,329.557777807095,334.0527978278395
2022,AR1_plus_sine,684,331.99482039539873,334.57981623987797,332.57996612069974,337.0749861414443
2022,AR1_plus_sine,685,335.8421587663614,336.87076866426145,334.88629272548536,339.4904351270612
2022,AR1_plus_sine,686,338.6318341404643,339.20231103379433,337.2262767404773,341.83041914205313
2022,AR1_plus_sine,687,341.89199754988795,341.39925114911205,339.4154733739013,344.0196157754771
2022,AR1_plus_sine,688,344.7267794443758,343.4371999995253,341.43135927643004,346.03550167800586
2022,AR1_plus_sine,689,347.09541073230014,345.4936548987069,343.4773681847306,348.0815105863064
2022,AR1_plus_sine,690,347.8120925163341,347.4440833841234,345.41798743167095,350.02212983324677
2022,AR1_plus_sine,691,346.3705287358778,348.62307711510863,346.5923626344492,351.19650503602503
2022,AR1_plus_sine,692,347.93326298170496,348.475868753897,346.45091897237097,351.1174219650192
2022,AR1_plus_sine,693,348.62689396246145,348.359081530046,346.3388375849733,351.0053405776216
2022,AR1_plus_sine,694,350.2075504981009,348.2299555284419,346.19177092326606,350.8582739159143
2022,AR1_plus_sine,695,350.5500511182906,348.2207999493543,346.170887327472,350.8373903201203
2022,AR1_plus_sine,696,350.6276012077498,348.0438300787923,345.9805840150106,350.64708700765885
2022,AR1_plus_sine,697,348.8744809388932,347.72690622075584,345.6332160814603,350.29971907410857
2022,AR1_plus_sine,698,345.9407404236175,346.643088068463,344.5291432997166,349.1956462923649
2022,AR1_plus_sine,699,342.92218293197425,344.5768126912613,342.4737734601225,347.14027645277076
2022,AR1_plus_sine,700,340.06131008920534,341.7496856045541,339.67423324603305,344.34073623868136
2022,AR1_plus_sine,701,337.5735694809574,338.42828620139335,336.38499600764334,341.0514990002916
2022,AR1_plus_sine,702,334.4492697541766,334.91346557123506,332.89087071629103,337.55737370893934
2022,AR1_plus_sine,703,330.3448648569215,331.2838479136183,329.26619936544984,333.9327023580981
2022,AR1_plus_sine,704,326.936349443914,327.05569307565145,325.05436134672317,329.7208643393715
2022,AR1_plus_sine,705,321.9375227285161,322.7433311508068,320.75761410742086,325.42411710006917
2022,AR1_plus_sine,706,317.7655647916727,317.8072736558609,315.8319938231982,320.4984968158465
2022,AR1_plus_sine,707,312.11268121265726,312.802784521231,310.8310418286639,315.49754482131215
2022,AR1_plus_sine,708,308.1260501467902,307.21669333606815,305.24115625749323,309.90765925014153
2022,AR1_plus_sine,709,303.1911029906763,301.7591899478713,299.76937228764393,304.4358752802922
2022,AR1_plus_sine,710,296.4529903682855,296.11486244828063,294.1011243710382,298.7676273636865
2022,AR1_plus_sine,711,290.1731656520233,289.9335919791129,287.9118695560014,292.57837254864967
2022,AR1_plus_sine,712,282.7564495269037,283.4368239200662,281.42739047562253,286.0938934682708
2022,AR1_plus_sine,713,275.03832687573873,276.5196081409455,274.511344335478,279.1778473281263
2022,AR1_plus_sine,714,267.6139173533397,269.1250467481136,267.12505668550114,271.7915596781494
2022,AR1_plus_sine,715,261.1112570193897,261.55400448450484,259.5675892157325,264.2340922083808
2022,AR1_plus_sine,716,253.46912898329745,254.065532942757,252.0861379163349,256.7526409089832
2022,AR1_plus_sine,717,245.92887062560047,246.27452957350985,244.31045951297227,248.97696250562055
2022,AR1_plus_sine,718,238.11965988966242,238.24047109916162,236.28225002437122,240.94875301701953
2022,AR1_plus_sine,719,229.52271895705474,230.2768312287926,228.31952307609717,232.98602606874547
2022,AR1_plus_sine,720,221.14795063172858,221.85869121552565,219.90521195223093,224.5717149448792
2022,AR1_plus_sine,721,212.95913194773422,213.27350897562837,211.33082515942033,215.9973281520686
2022,AR1_plus_sine,722,205.1710252261958,204.75251557094776,202.8327595460059,207.4992625386542
2022,AR1_plus_sine,723,197.2364097378322,196.21385187825828,194.3028928910472,198.96939588369548
2022,AR1_plus_sine,724,189.27149506018495,187.882342361029,185.96244421976147,190.62894721240974
2022,AR1_plus_sine,725,181.26208416097356,179.71232845456717,177.78849492084893,182.45499791349724
2022,AR1_plus_sine,726,173.05672432568934,171.68378918814506,169.74235622873448,174.40885922138276
2022,AR1_plus_sine,727,164.38891970755873,163.65387084224267,161.6934223283009,166.35992532094917
2022,AR1_plus_sine,728,156.46005773186445,155.59828707091677,153.6162737948626,158.28277678751087
2022,AR1_plus_sine,729,148.23783531212604,147.67799402288153,145.66788292862424,150.3343859212725
2022,AR1_plus_sine,730,140.37659316553712,139.78681893624332,137.76306051108523,142.42956350373353
2022,AR1_plus_sine,731,131.0725612139139,132.01034556980997,130.08428578883417,134.62704334815774
2022,AR1_plus_sine,732,124.1142569091905,123.85147791869846,121.92946042040563,126.47221797972921
2022,AR1_plus_sine,733,114.89271129890189,116.08399155908104,114.15897692684119,118.70173448616477
2022,AR1_plus_sine,734,105.54900148597834,107.97355441075501,106.06868737891807,110.61144493824165
2022,AR1_plus_sine,735,98.41392488437108,99.5851425229161,97.3642556122658,102.25058639771866
2022,AR1_plus_sine,736,91.5529418301157,91.75887794787005,89.56035595464645,94.44668674009932
2022,AR1_plus_sine,737,84.40984054971632,84.38667189588533,82.20985112009222,87.0961819055451
2022,AR1_plus_sine,738,78.22883030081712,77.17551497104179,75.00995916889855,79.89628995435142
2022,AR1_plus_sine,739,70.29889177423672,70.55061014629833,68.37545326799815,73.26178405345102
2022,AR1_plus_sine,740,65.14725584378743,63.82953559797016,61.64799213927681,66.53432292472968
2022,AR1_plus_sine,741,59.73689842042769,57.78378561422036,55.574592245482556,60.460923030935426
2022,AR1_plus_sine,742,52.64023536937592,52.34246219534339,50.09825278534337,54.98458357079625
2022,AR1_plus_sine,743,45.768412899426984,46.73451294118228,44.48258169882912,49.368912484282
2022,AR1_plus_sine,744,40.47078413225555,40.86360450828305,38.62852953408032,43.51486031953319
2022,AR1_plus_sine,745,35.02512542949918,35.5597111678508,33.32971583989927,38.21604662535214
2022,AR1_plus_sine,746,28.8384656304389,30.527920279645897,28.295438790111362,33.18176957556423
2022,AR1_plus_sine,747,26.230633017942548,25.307812666197687,23.077597784502288,27.963928569955158
2022,AR1_plus_sine,748,20.871210997621347,21.248340621919542,18.990816133683392,23.877146919136266
2022,AR1_plus_sine,749,18.63408953403364,17.306156989546558,15.042341047870543,19.928671833323417
2022,AR1_plus_sine,750,14.152287211604303,13.995845649842735,11.728250341745575,16.61458112719845
2022,AR1_plus_sine,751,12.9612367937483,10.855803313126293,8.608306400265032,13.494637185717904
2022,AR1_plus_sine,752,10.531709745218556,8.612059071370266,6.352239700324681,11.238570485777553
2022,AR1_plus_sine,753,7.088187065106034,6.836194999683676,4.548823915204328,9.4351547006572
2022,AR1_plus_sine,754,5.234554723344274,4.925392643733949,2.6253052102431687,7.511635995696041
2022,AR1_plus_sine,755,2.234376873642037,3.3651406756347706,1.056865025363174,5.9431958108160465
2022,AR1_plus_sine,756,-0.29652317880459655,1.75810354838642,-0.5500526285040701,4.3362781569488025
2022,AR1_plus_sine,757,-1.3664124041413532,0.20760862838501956,-2.0840935762187565,2.802237209234116
2022,AR1_plus_sine,758,-2.905179969631083,-0.9159477317930267,-3.1830946905545527,1.7032360948983198
2022,AR1_plus_sine,759,-2.5827566139155134,-1.8027513444432621,-4.037602603931975,0.8487281815208974
2022,AR1_plus_sine,760,-0.07877820133988878,-1.8411042267920217,-4.054360578435224,0.831970207017648
2022,AR1_plus_sine,761,0.34835907427137536,-0.7613976626969584,-2.97306956076209,1.9132612246907827
2022,AR1_plus_sine,762,-0.09445512298411063,0.5874721583826584,-1.6102605120392255,3.276070273413647
2022,AR1_plus_sine,763,1.8452783563803214,1.673777025502865,-0.24423100379941354,4.396031914613466
2022,AR1_plus_sine,764,4.22849381247697,3.5552648422448634,1.6523000799710563,6.292562998383936
2022,AR1_plus_sine,765,7.1076466833566005,5.9516555470870465,4.051592202003212,8.69185512041609
2022,AR1_plus_sine,766,9.26116051934028,8.759031794627107,6.832464612703461,11.472727531116341
2022,AR1_plus_sine,767,13.168814449812391,11.74538870651065,9.799109816666784,14.439372735079662
2022,AR1_plus_sine,768,16.38989832654435,15.440165101498522,13.482876147194077,18.123139065606956
2022,AR1_plus_sine,769,20.959875411257173,19.442815552375066,17.502859005461247,22.128484112401388
2022,AR1_plus_sine,770,23.78006818317612,23.97745079510409,21.80758917249797,26.409259290140344
2022,AR1_plus_sine,771,27.685190270008075,28.503443874240485,26.332415576382626,30.934085694025
2022,AR1_plus_sine,772,32.82369514027973,33.18606356605882,31.007474408921844,35.60914452656422
2022,AR1_plus_sine,773,38.592380692683435,38.40179934841341,36.44430870241446,40.80229702723399
2022,AR1_plus_sine,774,43.01481545498401,44.072603320550755,42.09528758549654,46.45327591031607
2022,AR1_plus_sine,775,48.869690956834596,49.6476698308109,47.654885173668156,51.95967808372566
2022,AR1_plus_sine,776,55.17560554948472,55.5202769513823,53.516380017043616,57.82117292710112
2022,AR1_plus_sine,777,59.667549148988115,61.76125962917896,59.757141597812314,64.06193450786982
2022,AR1_plus_sine,778,67.29705875398683,67.76655243258543,65.70426836326058,69.90181263544481
2022,AR1_plus_sine,779,74.95061580298633,74.31611913978313,72.25763065696034,76.45517492914456
2022,AR1_plus_sine,780,80.90748314481264,81.4865431766697,79.40803608574302,83.60558035792725
2022,AR1_plus_sine,781,88.40647919703879,88.45680260226568,86.38368843881797,90.58123271100219
2022,AR1_plus_sine,782,95.37664592512941,95.63825999905582,93.58220775921494,97.77975203139916
2022,AR1_plus_sine,783,102.79855330041848,102.9359111693448,100.89380473753234,105.09134900971655
2022,AR1_plus_sine,784,110.0946464752422,110.42781134130028,108.37636826749001,112.57391253967423
2022,AR1_plus_sine,785,117.67244634342454,117.8881692063917,115.8238128083416,119.90166884280983
2022,AR1_plus_sine,786,124.34454160660083,125.59304997625087,123.52044491228278,127.59830094675101
2022,AR1_plus_sine,787,133.54738970422906,133.0959426750494,131.0298312271621,135.10768726163033
2022,AR1_plus_sine,788,141.63939548580552,141.13851365009916,139.07267086822515,143.15052690269337
2022,AR1_plus_sine,789,149.54999570028266,149.3994997101594,147.34162289281312,151.41947892728135
2022,AR1_plus_sine,790,158.5172084821669,157.59868666854274,155.55558555762155,159.63344159208978
2022,AR1_plus_sine,791,167.30017810179558,166.06073668462471,164.01263940432878,168.090495438797
2022,AR1_plus_sine,792,175.61368678273467,174.78796554051394,172.7915183419802,176.77869520918108
2022,AR1_plus_sine,793,183.7501444108961,183.4712327925448,181.46111226939846,185.44828913659936
2022,AR1_plus_sine,794,191.1146244024659,191.91333959661884,189.902934235534,193.89011110273486
2022,AR1_plus_sine,795,199.38918107071953,199.94306646913725,197.96042692183303,201.8922264486179
2022,AR1_plus_sine,796,208.07444198859227,207.95222737588227,205.91248828391335,209.73453235106328
2022,AR1_plus_sine,797,216.89389001203568,216.04297554516566,214.02867529338678,217.57699815963483
2022,AR1_plus_sine,798,225.31747467625297,224.22114582334606,222.2111942782645,225.75951714451253
2022,AR1_plus_sine,799,232.3531713890607,232.36690867463682,230.3405985021238,233.88892136837185
2022,AR1_plus_sine,800,239.92471074786397,240.08387295229056,238.04250935093617,241.59083221718421
2022,AR1_plus_sine,801,247.4538416776516,247.70256934352014,245.64684270193763,249.19516556818567
2022,AR1_plus_sine,802,255.40040528036516,255.07780131027405,253.016478618977,256.564801485225
2022,AR1_plus_sine,803,262.7324690668721,262.48470709268764,260.415717330465,263.9640401967131
2022,AR1_plus_sine,804,267.46454453971927,269.68922409882816,267.6084416794656,271.15676454571366
2022,AR1_plus_sine,805,276.2956619567315,275.8903147217842,273.67498546441317,277.36756259975175
2022,AR1_plus_sine,806,283.94627013228626,282.7927999011746,280.5652051093577,284.2577822446962
2022,AR1_plus_sine,807,290.24295007673607,289.62575514264535,287.3858275545502,291.07840468988877
2022,AR1_plus_sine,808,297.3910529099029,296.07728111128273,293.823740836072,297.51631797141056
2022,AR1_plus_sine,809,302.85761189497055,302.5034176693063,300.24519535651655,303.9377724918551
2022,AR1_plus_sine,810,308.6777535856797,308.48241413707655,306.2344271101989,309.9270042455375
2022,AR1_plus_sine,811,315.34910235837754,314.2191420273759,311.9723825399822,315.6649596753208
2022,AR1_plus_sine,812,320.3311230279795,319.86987583975616,317.6141042594051,321.30668139474363
2022,AR1_plus_sine,813,323.57591360522235,325.08449719497537,322.8169881617177,326.50956529705627
2022,AR1_plus_sine,814,326.4431308674959,329.1835056783389,326.91581936031514,330.6083964956537
2022,AR1_plus_sine,815,332.8797645405498,332.4266104431377,329.98604610340595,333.87439852292215
2022,AR1_plus_sine,816,336.4853962460909,336.2109752453481,333.7608989001236,337.64925131963986
2022,AR1_plus_sine,817,340.13420651740466,339.4609256444384,337.001422737266,340.88977515678226
2022,AR1_plus_sine,818,342.80529345555556,342.5413237694606,340.0706656364552,343.95901805597146
2022,AR1_plus_sine,819,344.550419453202,345.23453593170404,342.7588941200027,346.64724653951896
2022,AR1_plus_sine,820,346.6284575521138,347.2977157921858,344.8201791868042,348.7085316063204
2022,AR1_plus_sine,821,347.6311919645828,348.88077736184243,346.40157386044484,350.28992627996104
2022,AR1_plus_sine,822,348.27585411059215,349.92565069560106,347.45442258188734,351.3427750014036
2022,AR1_plus_sine,823,350.00237072371687,350.31097787243124,347.8589066010745,351.7472590205907
2022,AR1_plus_sine,824,349.97782211126884,350.65668745677016,348.216505213497,352.10485763301324
2022,AR1_plus_sine,825,351.16864236104044,350.76768281720115,348.34696641419663,352.2353188337129
2022,AR1_plus_sine,826,350.2653292329579,350.6234414995111,348.2132327302815,352.10158514979776
2022,AR1_plus_sine,827,348.6967547962417,349.9245219059804,347.53092435353574,351.419276773052
2022,AR1_plus_sine,828,348.922429284052,348.66364565317326,346.28933327093625,350.1776856904525
2022,AR1_plus_sine,829,348.64285806169323,347.3517873844239,344.9835703822679,348.87192280178414
2022,AR1_plus_sine,830,346.9250708096406,345.9693769868639,343.5942551325908,347.482607552107
2022,AR1_plus_sine,831,345.9754921513493,344.082033650292,341.70372746663503,345.5920798861513
2022,AR1_plus_sine,832,342.73496998026377,342.12457907713514,340.1476510197241,344.0788908958458
2022,AR1_plus_sine,833,341.05368867197166,339.5700803795598,337.59006318196987,341.5213030580916
2022,AR1_plus_sine,834,337.5826024399429,336.69868371578104,334.6923036915504,338.62354356767213
2022,AR1_plus_sine,835,333.0475427535847,333.43124962715734,331.6715123031514,335.4946714622773
2022,AR1_plus_sine,836,328.5184731034181,329.58087866833995,327.8125800202072,331.6357391793331
2022,AR1_plus_sine,837,323.06021466938415,324.92495877587476,323.164229343321,326.9873885024469
2022,AR1_plus_sine,838,320.03425879011127,319.7847564179141,317.78773031884396,321.6907901517259
2022,AR1_plus_sine,839,314.8198552509742,314.80377403921676,312.81371404436163,316.7167738772436
2022,AR1_plus_sine,840,308.7910399521157,309.4551621567296,307.46151781247926,311.36457764536124
2022,AR1_plus_sine,841,303.57826261031926,303.5659279726136,301.5912237216205,305.4942835545025
2022,AR1_plus_sine,842,299.5826450942241,297.58880793343724,295.3696350633916,299.08143674061944
2022,AR1_plus_sine,843,292.2949522142589,291.96369959693453,289.9694304625876,293.8980792187548
2022,AR1_plus_sine,844,285.28832858667096,285.6487132953122,283.6415072058296,287.5701559619968
2022,AR1_plus_sine,845,278.7708176759664,278.78289085408755,276.77509904715345,280.70374780332065
2022,AR1_plus_sine,846,272.1262871428086,271.93689383612457,269.9235588891734,273.8522076453407
2022,AR1_plus_sine,847,265.1360332054735,264.9111450311824,262.8786730204733,266.80732177664055
2022,AR1_plus_sine,848,257.56726165087633,257.63091560228594,255.60486029243634,259.5335090486036
2022,AR1_plus_sine,849,247.17615444580892,250.24222265015723,248.21280722573775,252.14145598190498
