date,observed,trend,seasonal_132,cycle_level,remainder,abs_remainder,rolling_remainder_sd
1900-01-01,15.7,74.48192726038158,-57.52775409510049,16.95417316528109,-1.2541731652810881,1.2541731652810881,
1900-02-01,22.8,74.3114500311138,-41.586607751858764,32.72484227925503,-9.924842279255031,9.924842279255031,
1900-03-01,14.4,74.1417909697748,-52.71995098482746,21.42183998494734,-7.021839984947334,7.021839984947334,
1900-04-01,26.8,73.9729658044989,-46.98486499867181,26.988100805827088,-0.18810080582709077,0.18810080582709077,
1900-05-01,25.3,73.80499136075711,-54.43743277161426,19.367558589142853,5.932441410857152,5.932441410857152,
1900-06-01,20.1,73.63788473581384,-62.081424189282814,11.556460546531028,8.543539453468966,8.543539453468966,
1900-07-01,13.9,73.47166252849134,-59.34937624732508,14.122286281166254,-0.22228628116624805,0.22228628116624805,
1900-08-01,7.1,73.30634065318237,-66.35273746920468,6.953603183977691,0.14639681602230326,0.14639681602230326,
1900-09-01,13.9,73.14193502282015,-66.78529362872621,6.356641394093941,7.543358605906064,7.543358605906064,
1900-10-01,21.6,72.97846153463777,-63.099102404484654,9.87935913015312,11.720640869846875,11.720640869846875,
1900-11-01,7.5,72.81593532752191,-64.28169302753413,8.534242299987781,-1.0342422999877812,1.0342422999877812,
1900-12-01,0.5,72.65437053194455,-69.76638559623925,2.8879849357053047,-2.3879849357053047,2.3879849357053047,6.374765783982737
1901-01-01,0.4,72.49378125502301,-72.66634618304681,-0.17256492802380308,0.5725649280238088,0.5725649280238088,6.104459706100282
1901-02-01,4.0,72.33418188355205,-74.84246943958394,-2.5082875560318882,6.508287556031888,6.508287556031888,6.049800054141251
1901-03-01,7.4,72.17558672720014,-70.40742479657122,1.7681619306289207,5.631838069371085,5.631838069371085,5.933522454076604
1901-04-01,0.0,72.01800946849094,-78.48713960678677,-6.469130138295824,6.469130138295824,6.469130138295824,5.85819870028673
1901-05-01,17.0,71.86146307051686,-68.93095862302619,2.9305044474906765,14.069495552509323,14.069495552509323,6.389714262696199
1901-06-01,9.7,71.70595956369485,-71.19989810430036,0.5060614593944877,9.193938540605515,9.193938540605515,6.387763236705217
1901-07-01,1.2,71.55150952276927,-75.07139054601558,-3.519881023246313,4.719881023246316,4.719881023246316,6.220076872959631
1901-08-01,1.7,71.39812233706029,-72.61814657649747,-1.2200242394371799,2.9200242394371827,2.9200242394371827,6.054321407368958
1901-09-01,0.9,71.24580665639043,-73.53325451168587,-2.28744785529544,3.1874478552954457,3.1874478552954457,5.901055644029925
1901-10-01,6.3,71.09457059288563,-74.13135033226487,-3.0367797393792415,9.336779739379239,9.336779739379239,5.910297897266098
1901-11-01,6.4,70.94442159729003,-78.42310986358797,-7.478688266297937,13.878688266297942,13.878688266297942,6.1750997529445115
1901-12-01,0.0,70.79536587924686,-76.6142152203384,-5.818849341091536,5.818849341091536,5.818849341091536,6.052847257338361
1902-01-01,9.3,70.64740808144259,-72.48642662665044,-1.8390185452078498,11.139018545207847,11.139018545207847,6.0986120119348195
1902-02-01,0.0,70.50055164985622,-83.10176103290296,-12.601209383046736,12.601209383046736,12.601209383046736,6.197761984847909
1902-03-01,20.7,70.35479853271731,-77.5831905238731,-7.228391991155789,27.92839199115579,27.92839199115579,7.563337188848677
1902-04-01,0.0,70.21014873708461,-79.2674985504981,-9.057349813413495,9.057349813413495,9.057349813413495,7.4540490099024685
1902-05-01,4.7,70.06659970074959,-75.06661548317629,-5.000015782426701,9.700015782426703,9.700015782426703,7.360544184995061
1902-06-01,2.4,69.92414708108248,-72.77628784255953,-2.8521407614770453,5.252140761477051,5.252140761477051,7.232937721212418
1902-07-01,1.5,69.78278501006298,-67.31176515777685,2.4710198522861333,-0.9710198522861333,0.9710198522861333,7.210442701296814
1902-08-01,3.8,69.64250647882334,-79.20708879482942,-9.564582316006081,13.364582316006079,13.364582316006079,7.2299527204094165
1902-09-01,12.6,69.50330359260626,-71.22917290415249,-1.7258693115462336,14.325869311546228,14.325869311546228,7.272975913052444
1902-10-01,27.2,69.36516660553997,-58.02728128893136,11.337885316608606,15.862114683391397,15.862114683391397,7.360659438658176
1902-11-01,17.2,69.22808351991266,-59.53742772789792,9.690655792014738,7.509344207985265,7.509344207985265,7.254742011775499
1902-12-01,1.8,69.09204004482893,-73.52140086862278,-4.429360823793843,6.22936082379384,6.22936082379384,7.150357523757639
1903-01-01,13.9,68.95702007841233,-65.67121712965842,3.2858029487539113,10.614197051246094,10.614197051246094,7.066063053099508
1903-02-01,28.4,68.82300580093978,-55.693183112659796,13.129822688279987,15.270177311720019,15.270177311720019,6.614691628159471
1903-03-01,22.5,68.68997725188238,-54.888000748161495,13.801976503720887,8.698023496279106,8.698023496279106,6.143526164717868
1903-04-01,43.5,68.5579119754394,-36.79768656036622,31.760225415073172,11.739774584926835,11.739774584926835,6.023747210196864
1903-05-01,24.3,68.42678523317406,-49.04497455518962,19.38181067798444,4.918189322015564,4.918189322015564,6.036435629423148
1903-06-01,27.2,68.29656993259607,-35.624248595324694,32.67232133727138,-5.4723213372713815,5.4723213372713815,6.4421494379543365
1903-07-01,46.4,68.16723714329586,-40.37306430301274,27.794172840283125,18.60582715971688,18.60582715971688,6.547182141391206
1903-08-01,48.0,68.03875648661726,-32.54248962044472,35.49626686617254,12.503733133827453,12.503733133827453,6.436683472812095
1903-09-01,18.5,67.91109468069284,-36.49767918595467,31.413415494738175,-12.913415494738175,12.913415494738175,7.3625317710465135
1903-10-01,64.8,67.78421580547476,8.635156059048024,76.41937186452279,-11.619371864522783,11.619371864522783,8.02020324865666
1903-11-01,74.2,67.6580830651308,9.815717198947137,77.47380026407794,-3.2738002640779342,3.2738002640779342,8.095126713375238
1903-12-01,76.2,67.5326589667767,27.170071416943493,94.7027303837202,-18.502730383720184,18.502730383720184,9.034341033475972
1904-01-01,52.6,67.40790490684098,-6.996053593286294,60.41185131355469,-7.8118513135546905,7.8118513135546905,9.30358290434239
1904-02-01,40.8,67.28378180351756,-11.109030288559119,56.17475151495844,-15.37475151495844,15.37475151495844,9.99673071853313
1904-03-01,61.9,67.16024976202513,4.936473711496868,72.096723473522,-10.196723473521999,10.196723473521999,10.353363743068485
1904-04-01,71.6,67.03726828020724,-0.590443500196312,66.44682478001093,5.153175219989066,5.153175219989066,10.352245781519995
1904-05-01,65.7,66.9147957069667,3.793468852029247,70.70826455899595,-5.008264558995947,5.008264558995947,10.388484651198397
1904-06-01,69.8,66.79278811161426,36.6460364488242,103.43882456043846,-33.63882456043846,33.63882456043846,12.18638930986789
1904-07-01,84.3,66.67120000897948,32.54853356160536,99.21973357058485,-14.919733570584846,14.919733570584846,12.575813788660952
1904-08-01,97.1,66.54998581216081,40.797788807951164,107.34777462011198,-10.247774620111983,10.247774620111983,12.774703298989245
1904-09-01,50.2,66.4290992877481,14.840384589845907,81.26948387759401,-31.06948387759401,31.06948387759401,13.969200048302133
1904-10-01,90.4,66.30849324444723,35.75409608087254,102.06258932531978,-11.662589325319772,11.662589325319772,14.08782587113481
1904-11-01,63.4,66.18812025455806,7.811544079146115,73.99966433370417,-10.599664333704176,10.599664333704176,14.055002713223365
1904-12-01,91.1,66.0679318869392,37.3176471561727,103.3855790431119,-12.285579043111909,12.285579043111909,14.187643286005535
1905-01-01,91.2,65.94787833293051,46.136777603466854,112.08465593639737,-20.884655936397365,20.884655936397365,14.479002603282797
1905-02-01,143.0,65.82790856062853,83.31150013359061,149.13940869421913,-6.139408694219142,6.139408694219142,14.321177300419071
1905-03-01,94.3,65.7079705801308,48.74431865447317,114.45228923460397,-20.152289234603977,20.152289234603977,13.750605642706457
1905-04-01,65.5,65.58801070506566,96.15279236286645,161.74080306793212,-96.2408030679321,96.2408030679321,20.660862771401167
1905-05-01,79.9,65.46797381297192,61.615447026938945,127.08342083991087,-47.18342083991086,47.18342083991086,21.615580098104143
1905-06-01,81.6,65.34780244981165,44.91823591436795,110.2660383641796,-28.666038364179606,28.666038364179606,21.79957006164398
1905-07-01,121.6,65.22743845202076,45.52292070743439,110.75035915945514,10.849640840544836,10.849640840544836,21.997470475308404
1905-08-01,98.1,65.10682258531028,23.263026995513627,88.36984958082391,9.730150419176084,9.730150419176084,21.906049721936256
1905-09-01,91.8,64.9858913115665,37.8615481454474,102.8474394570139,-11.047439457013908,11.047439457013908,21.578592682546045
1905-10-01,131.2,64.86457615656698,59.875093412051136,124.73966956861813,6.460330431381863,6.460330431381863,21.330361089461352
1905-11-01,178.7,64.74280484141072,94.52653953685294,159.26934437826367,19.430655621736335,19.430655621736335,21.68038277044068
1905-12-01,92.5,64.62049947296674,32.872153204202355,97.4926526771691,-4.992652677169097,4.992652677169097,21.543325009134755
1906-01-01,75.8,64.49757499209575,63.239505646874406,127.73708063897016,-51.93708063897016,51.93708063897016,22.43865017455683
1906-02-01,52.3,64.37394106348609,73.80804436083857,138.18198542432464,-85.88198542432465,85.88198542432465,25.272050586739404
1906-03-01,107.4,64.24950372690279,81.10988337039254,145.35938709729533,-37.95938709729532,37.95938709729532,25.306815475272984
1906-04-01,92.2,64.12416397137366,74.3584937720812,138.48265774345487,-46.28265774345486,46.28265774345486,25.427480160861382
1906-05-01,96.2,63.99781957512771,131.74948490149254,195.74730447662023,-99.54730447662024,99.54730447662024,28.695784651570197
1906-06-01,105.3,63.870365095775064,129.07669840328742,192.9470634990625,-87.64706349906248,87.64706349906248,30.771375141267836
1906-07-01,172.7,63.741689056362766,127.68426960108769,191.42595865745045,-18.72595865745047,18.72595865745047,30.00358908810431
1906-08-01,79.6,63.61167373398366,77.50372889195741,141.11540262594107,-61.51540262594107,61.51540262594107,30.075780648917696
1906-09-01,93.5,63.4801974639945,158.75563479488383,222.23583225887833,-128.73583225887833,128.73583225887833,34.64745251888422
1906-10-01,29.7,63.34713575431268,67.28381214637653,130.63094790068922,-100.9309479006892,100.9309479006892,36.603522656064555
1906-11-01,64.8,63.21235974913469,27.59237490294868,90.80473465208337,-26.00473465208337,26.00473465208337,36.32061677808071
1906-12-01,108.0,63.07573763101506,41.48816319448528,104.56390082550034,3.4360991744996596,3.4360991744996596,36.71540690267475
1907-01-01,127.4,62.937138981718064,73.33969512640694,136.276834108125,-8.876834108124996,8.876834108124996,36.6972534520159
1907-02-01,180.3,62.79643590786097,70.29792876491182,133.09436467277277,47.20563532722723,47.20563532722723,38.84196442073498
1907-03-01,101.1,62.65350724311133,49.26830118746043,111.92180843057176,-10.821808430571764,10.821808430571764,38.83367825910154
1907-04-01,87.6,62.5082414465343,46.3522711080168,108.8605125545511,-21.260512554551106,21.260512554551106,38.426344196810604
1907-05-01,71.4,62.36054944594073,41.05283086658409,103.41338031252482,-32.01338031252481,32.01338031252481,38.20210304832029
1907-06-01,67.2,62.21037956216096,52.79358403636583,115.00396359852678,-47.803963598526785,47.803963598526785,38.31321780464886
1907-07-01,82.9,62.05773478905507,57.302646006716586,119.36038079577165,-36.46038079577165,36.46038079577165,38.23243455438324
1907-08-01,90.5,61.902693553128614,84.96315902454256,146.86585257767118,-56.36585257767118,56.36585257767118,38.28937501160048
1907-09-01,141.7,61.74543452308502,74.39346501616656,136.13889953925158,5.561100460748413,5.561100460748413,38.806075550110826
1907-10-01,109.1,61.58626388190732,59.622668401311444,121.20893228321876,-12.10893228321877,12.10893228321877,38.79970072104942
1907-11-01,102.5,61.425642171005556,69.77461286143192,131.20025503243747,-28.700255032437475,28.700255032437475,38.64089061101944
1907-12-01,78.9,61.264217217281825,34.960852754536965,96.22506997181878,-17.325069971818785,17.325069971818785,38.577282269152555
1908-01-01,65.4,61.102850838859624,21.655402334561394,82.75825317342102,-17.358253173421012,17.358253173421012,38.610596973535124
1908-02-01,56.6,60.94262440171279,22.14909526191315,83.09171966362594,-26.491719663625943,26.491719663625943,38.371891646824444
1908-03-01,47.9,60.784811087921334,11.822388230529327,72.60719931845065,-24.707199318450662,24.707199318450662,38.33785070100963
1908-04-01,96.1,60.63079228053104,25.618242358604324,86.24903463913536,9.850965360864635,9.850965360864635,37.3654380049145
1908-05-01,68.0,60.52277063387647,3.4235689720808606,63.94633960595733,4.053660394042673,4.053660394042673,37.650432906517196
1908-06-01,80.2,60.41640200321705,17.209272654022467,77.62567465723951,2.5743253427604813,2.5743253427604813,37.996754284148125
1908-07-01,65.8,60.31193747438922,18.855438694114955,79.16737616850418,-13.367376168504173,13.367376168504173,37.513580160105725
1908-08-01,150.9,60.20959244131538,67.93240128743177,128.14199372874714,22.758006271252853,22.758006271252853,37.94788291631867
1908-09-01,144.9,60.10955437366531,52.38914845304268,112.49870282670798,32.401297173292015,32.401297173292015,39.160857496640936
1908-10-01,53.9,60.01198851699161,9.629492383123575,69.64148090011518,-15.741480900115185,15.741480900115185,38.80189202291033
1908-11-01,75.9,59.91705752587196,11.496082781163947,71.4131403070359,4.486859692964096,4.486859692964096,38.36840571733194
1908-12-01,65.9,59.824930992684465,0.051699447627317485,59.87663044031178,6.023369559688227,6.023369559688227,38.595663225874176
1909-01-01,94.6,59.73577734601761,18.94639431381196,78.68217165982958,15.917828340170416,15.917828340170416,39.00365411446334
1909-02-01,77.6,59.649784830105666,25.769814158433633,85.41959898853929,-7.819598988539305,7.819598988539305,37.68308970484507
1909-03-01,110.5,59.56714573621573,44.034656807161525,103.60180254337726,6.898197456622746,6.898197456622746,37.91739022195306
1909-04-01,53.7,59.48805238409992,-8.818777790058293,50.66927459404163,3.0307254059583713,3.0307254059583713,37.89906840513639
1909-05-01,60.0,59.412692661867816,-7.760627785929081,51.652064875938734,8.347935124061259,8.347935124061259,35.66552373194591
1909-06-01,37.8,59.341249550393385,-19.625588788256607,39.71566076213678,-1.9156607621367812,1.9156607621367812,33.649765154171426
1909-07-01,59.6,59.27388683441337,-17.299040809134475,41.97484602527889,17.62515397472111,17.62515397472111,34.079573162242724
1909-08-01,38.5,59.21075804064215,-31.465191249576325,27.745566791065823,10.754433208934174,10.754433208934174,33.32448318841364
1909-09-01,64.7,59.151993537743024,-7.051178173095197,52.10081536464783,12.599184635352174,12.599184635352174,26.889203288296773
1909-10-01,97.4,59.09770341581922,3.99212628435921,63.08982970017843,34.31017029982157,34.31017029982157,22.669131386709804
1909-11-01,93.0,59.04797139315544,-6.621841933417869,52.426129459737574,40.573870540262426,40.573870540262426,23.552280985342538
1909-12-01,90.2,59.00285915311423,-5.041010458954996,53.96184869415924,36.23815130584077,36.23815130584077,24.408251601598426
1910-01-01,44.0,58.96237926834803,-25.015610316695483,33.946768951652544,10.053231048347456,10.053231048347456,24.451077586781754
1910-02-01,52.5,58.92651477612246,-18.66610715291679,40.260407623205666,12.239592376794334,12.239592376794334,23.13726188490753
1910-03-01,35.7,58.895243588010345,-26.816663223768202,32.07858036424214,3.62141963575786,3.62141963575786,23.106095614045593
1910-04-01,14.1,58.868537023681505,-38.349272687541614,20.51926433613989,-6.419264336139889,6.419264336139889,22.87753873716818
1910-05-01,36.9,58.84633032126334,-32.31024130972233,26.53608901154101,10.363910988458997,10.363910988458997,22.332691843103177
1910-06-01,20.5,58.82854200292487,-30.252359177549998,28.57618282537487,-8.076182825374872,8.076182825374872,20.837784017355652
1910-07-01,23.5,58.815095061235624,-31.930653915122015,26.88444114611361,-3.384441146113609,3.384441146113609,19.84252047753676
1910-08-01,19.3,58.80592401685131,-41.48083924855492,17.325084768296385,1.9749152317036192,1.9749152317036192,17.14153999043295
1910-09-01,43.7,58.80097446031554,-38.45601519035494,20.344959269960597,23.3550407300394,23.3550407300394,17.454023544576735
1910-10-01,63.9,58.80019445414915,-38.29201124060964,20.50818321353951,43.391816786460495,43.391816786460495,18.40886841766099
1910-11-01,8.3,58.80351333633212,-51.74424859635611,7.059264739976008,1.240735260023996,1.240735260023996,17.466478140808896
1910-12-01,9.6,58.81083288845732,-45.32220551312539,13.48862737533193,-3.8886273753319287,3.8886273753319287,17.08335366179962
1911-01-01,5.6,58.82206287524651,-56.68207394450013,2.1399889307463766,3.460011069253625,3.460011069253625,16.58665774573703
1911-02-01,15.0,58.83713636089535,-43.38055516540664,15.45658119548871,-0.45658119548870957,0.45658119548870957,15.605354125579517
1911-03-01,13.0,58.85599403855329,-54.43202455122423,4.42396948732906,8.57603051267094,8.57603051267094,14.555479763427531
1911-04-01,27.6,58.8785598682631,-49.67880740266171,9.199752465601392,18.40024753439861,18.40024753439861,14.63849666568265
1911-05-01,15.1,58.904742619734634,-53.96833373437011,4.936408885364521,10.16359111463548,10.16359111463548,14.611525343214073
1911-06-01,3.7,58.93446938050564,-59.24708615906457,-0.3126167785589331,4.012616778558936,4.012616778558936,14.594135284337499
1911-07-01,5.9,58.9676771062013,-58.43652297332567,0.5311541328756277,5.368845867124371,5.368845867124371,14.080652237758054
1911-08-01,6.7,59.004304921838056,-61.955758559895536,-2.9514536380574796,9.651453638057475,9.651453638057475,13.910123045969813
1911-09-01,6.7,59.04431978696043,-61.154015825409154,-2.1096960384487247,8.80969603844872,8.80969603844872,13.352153393203745
1911-10-01,4.5,59.08769904355625,-57.68220999154765,1.4054890520085976,3.0945109479914024,3.0945109479914024,12.708716034534334
1911-11-01,7.0,59.134421632568795,-62.51711216111651,-3.3826905285477125,10.382690528547705,10.382690528547705,12.679994455945508
1911-12-01,3.7,59.184503280722865,-60.47671027689721,-1.2922069961743432,4.992206996174346,4.992206996174346,12.689654093510637
1912-01-01,0.4,59.23799388609723,-66.86532422657442,-7.627330340477187,8.027330340477192,8.027330340477192,12.646414161277601
1912-02-01,0.0,59.29494625375598,-68.02287786507033,-8.727931611314347,8.727931611314347,8.727931611314347,12.29732015334898
1912-03-01,8.2,59.35537530795678,-64.23616561315528,-4.880790305198502,13.080790305198505,13.080790305198505,12.297474010295103
1912-04-01,7.6,59.41928846315706,-65.16457876837622,-5.745290305219157,13.345290305219152,13.345290305219152,12.248972574998332
1912-05-01,7.4,59.48669198371559,-57.769439183216306,1.7172528004992813,5.682747199500724,5.682747199500724,12.26946316072813
1912-06-01,6.9,59.557578368408294,-60.17506118472323,-0.61748281631494,7.517482816314946,7.517482816314946,12.101204246659323
1912-07-01,4.9,59.63191707125939,-63.39419561015089,-3.7622785388915005,8.662278538891506,8.662278538891506,12.043314761972672
1912-08-01,0.5,59.70967411657055,-66.5931516873698,-6.883477570799251,7.383477570799251,7.383477570799251,12.052703225853172
1912-09-01,15.9,59.790831989532805,-60.62442661959892,-0.8335946300661163,16.733594630066122,16.733594630066122,12.095870990354284
1912-10-01,7.6,59.8753520270187,-55.50521479925386,4.370137227764843,3.2298627722351583,3.2298627722351583,11.424569891027552
1912-11-01,1.9,59.96315480671788,-62.10955381794562,-2.146399011227736,4.046399011227734,4.046399011227734,10.12990949266632
1912-12-01,10.6,60.05414805315501,-65.28772030850476,-5.233572255349749,15.833572255349743,15.833572255349743,9.042156730699517
1913-01-01,3.8,60.14822406942753,-60.19068370590597,-0.04245963647844064,3.842459636478438,3.842459636478438,9.058479872968729
1913-02-01,4.8,60.2452505655784,-57.83354692586661,2.4117036397117957,2.3882963602882015,2.3882963602882015,9.066037420760804
1913-03-01,0.8,60.3450925500408,-56.073221678296854,4.27187087174395,-3.4718708717439526,3.4718708717439526,9.22662077203621
1913-04-01,1.6,60.447605967202115,-60.324233501480464,0.12337246572165128,1.4766275342783501,1.4766275342783501,8.983699001523307
1913-05-01,0.0,60.552650055390444,-51.65386507840992,8.898784976980522,-8.898784976980522,8.898784976980522,9.370081583319159
1913-06-01,0.0,60.66008714812581,-49.019322189684445,11.640764958441366,-11.640764958441366,11.640764958441366,9.550049576231007
1913-07-01,2.9,60.76977744908686,-49.81817405725671,10.951603391830147,-8.051603391830149,8.051603391830149,9.72249764996885
1913-08-01,0.4,60.88155977553273,-55.08577480089023,5.795784974642501,-5.395784974642503,5.395784974642503,9.900370380424746
1913-09-01,2.0,60.99525433240353,-45.04932552906384,15.94592880333969,-13.94592880333969,13.94592880333969,10.034200957649166
1913-10-01,5.2,61.11065729084821,-35.08517534270235,26.02548194814586,-20.825481948145857,20.825481948145857,8.715707919008606
1913-11-01,1.2,61.22754658253473,-41.047040579696166,20.180506002838563,-18.98050600283856,18.98050600283856,9.492668191149889
1913-12-01,6.3,61.34571143489543,-47.76664261676501,13.579068818130416,-7.279068818130419,7.279068818130419,9.580323576988482
1914-01-01,4.7,61.46496540225774,-41.11901943981736,20.345945962440382,-15.64594596244038,15.64594596244038,10.070680153746798
1914-02-01,4.4,61.58511648609448,-29.453535271051518,32.13158121504296,-27.731581215042958,27.731581215042958,11.253484910937125
1914-03-01,5.3,61.705980846147575,-31.592198993248914,30.11378185289866,-24.813781852898664,24.813781852898664,12.021215851608662
1914-04-01,28.9,61.82739597557454,-16.985305428595147,44.84209054697939,-15.942090546979394,15.942090546979394,11.945601092674682
1914-05-01,8.7,61.94920632783395,-29.1589420964395,32.790264231394445,-24.09026423139445,24.09026423139445,12.452329597663784
1914-06-01,19.1,62.07125450517464,-18.585352277255275,43.48590222791937,-24.385902227919367,24.385902227919367,13.004956535277605
1914-07-01,9.1,62.1933836936875,-24.203904362336626,37.98947933135088,-28.889479331350877,28.889479331350877,13.692232888911025
1914-08-01,12.9,62.315418103397036,-15.306227176752005,47.00919092664503,-34.10919092664503,34.10919092664503,14.469862823555326
1914-09-01,21.2,62.43716702562544,-17.72816690798719,44.709000117638254,-23.50900011763825,23.50900011763825,14.648833116144171
1914-10-01,13.7,62.55846116646086,20.496777673966992,83.05523884042785,-69.35523884042786,69.35523884042786,18.08254487712455
1914-11-01,27.3,62.67916244292267,22.157804167273653,84.83696661019633,-57.536966610196316,57.536966610196316,19.6900304527627
1914-12-01,37.3,62.799137895788924,36.90864583042937,99.7077837262183,-62.4077837262183,62.4077837262183,21.458643986866967
1915-01-01,38.5,62.91824449159247,6.083434184294266,69.00167867588674,-30.50167867588673,30.50167867588673,21.45628531906353
1915-02-01,70.4,63.03634275018318,6.644080547858751,69.68042329804193,0.7195767019580757,0.7195767019580757,21.277953661387414
1915-03-01,64.8,63.15329553088635,15.550941809711261,78.70423734059762,-13.904237340597618,13.904237340597618,20.838460530569144
1915-04-01,68.9,63.268951950288034,8.147120428180495,71.41607237846853,-2.5160723784685217,2.5160723784685217,20.433831995468125
1915-05-01,55.1,63.38318185426797,12.190499115745848,75.57368097001381,-20.47368097001381,20.47368097001381,20.205854333804357
1915-06-01,114.7,63.495878712828045,38.4441470508341,101.94002576366213,12.759974236337854,12.759974236337854,20.383161159838174
1915-07-01,119.4,63.606989137419916,40.40642585673026,104.01341499415017,15.386585005849824,15.386585005849824,20.6243754497889
1915-08-01,116.0,63.716493860864475,40.281772544836976,103.99826640570146,12.001733594298557,12.001733594298557,20.772613610618375
1915-09-01,82.4,63.82437838693553,21.44724573221684,85.27162411915236,-2.871624119152365,2.871624119152365,20.20671270270394
1915-10-01,89.1,63.93062642535894,41.62781235536121,105.55843878072014,-16.45843878072015,16.45843878072015,19.99119284836245
1915-11-01,70.9,64.0352120530077,17.23978052632837,81.27499257933607,-10.374992579336066,10.374992579336066,19.75015120926794
1915-12-01,57.5,64.13809200592493,43.789278000618275,107.92737000654321,-50.42737000654321,50.42737000654321,19.882730250170635
1916-01-01,75.5,64.23920703316905,48.15593238464309,112.39513941781215,-36.89513941781214,36.89513941781214,19.831799730669527
1916-02-01,92.4,64.33851948102148,78.89284937621744,143.23136885723892,-50.831368857238914,50.831368857238914,20.250712069053552
1916-03-01,111.7,64.43602126156328,46.81402719016461,111.25004845172789,0.4499515482721108,0.4499515482721108,20.349372524735696
1916-04-01,119.8,64.53172053980212,91.18835380569564,155.72007434549778,-35.92007434549777,35.92007434549777,20.210908727204426
1916-05-01,124.0,64.62564477219958,57.788092923565785,122.41373769576536,1.586262304234637,1.586262304234637,20.455001271144408
1916-06-01,112.9,64.71785026952803,45.95341932147862,110.67126959100665,2.228730408993357,2.228730408993357,20.746983784286634
1916-07-01,89.3,64.80838430091484,44.88363683288208,109.69202113379691,-20.392021133796923,20.392021133796923,20.650873617138817
1916-08-01,58.6,64.89727617384573,21.861324534528947,86.75860070837467,-28.15860070837467,28.15860070837467,20.537993407067294
1916-09-01,75.1,64.98456728263295,34.27987277555811,99.26444005819107,-24.16444005819107,24.16444005819107,20.513036663369107
1916-10-01,84.5,65.07031752734459,54.70326903045842,119.77358655780301,-35.27358655780301,35.27358655780301,20.651369456448823
1916-11-01,109.5,65.1545891738129,83.41878775736048,148.57337693117336,-39.07337693117337,39.07337693117337,20.855925072834616
1916-12-01,88.3,65.23743209495437,34.2193254732043,99.45675756815868,-11.156757568158675,11.156757568158675,20.78809969446467
1917-01-01,124.5,65.31891288603003,56.07166843329148,121.39058131932151,3.1094186806784876,3.1094186806784876,21.183633925724674
1917-02-01,119.9,65.3991161175301,62.725982217016295,128.1250983345464,-8.225098334546388,8.225098334546388,21.26893041029692
1917-03-01,158.0,65.47812022498962,69.45297135181238,134.931091576802,23.068908423197996,23.068908423197996,22.48331547623291
1917-04-01,124.6,65.55603880342831,65.36768378115686,130.92372258458516,-6.32372258458517,6.32372258458517,22.58526054356823
1917-05-01,190.2,65.6330239821811,113.93245843368304,179.56548241586415,10.63451758413585,10.63451758413585,23.112769418738974
1917-06-01,191.4,65.70925420614368,110.7810929032167,176.49034710936039,14.90965289063962,14.90965289063962,23.741076498879256
1917-07-01,199.7,65.78490425692826,109.07593590329962,174.8608401602279,24.83915983977211,24.83915983977211,24.662778331623816
1917-08-01,257.7,65.86017834688882,67.37697711230894,133.23715545919777,124.46284454080224,124.46284454080224,33.77743574439056
1917-09-01,215.6,65.9352914823707,131.72880956468538,197.66410104705608,17.935898952943916,17.935898952943916,34.05824050946692
1917-10-01,120.3,66.01045504411769,53.90844502333095,119.91890006744865,0.3810999325513649,0.3810999325513649,32.550537385791635
1917-11-01,160.7,66.08589956381586,18.596499587906475,84.68239915172234,76.01760084827767,76.01760084827767,34.3420066639008
1917-12-01,215.5,66.16188650582707,28.99196460787858,95.15385111370566,120.34614888629436,120.34614888629436,38.77508073739932
1918-01-01,160.0,66.23868895029342,56.30553581476933,122.54422476506275,37.45577523493725,37.45577523493725,38.8782904424526
1918-02-01,108.7,66.31656788395645,54.70197221128634,121.0185400952428,-12.318540095242788,12.318540095242788,38.95463316469764
1918-03-01,120.4,66.3957595352598,38.988854020814244,105.38461355607404,15.015386443925962,15.015386443925962,38.91556476514232
1918-04-01,134.1,66.4765182970183,37.87348998997036,104.35000828698867,29.74999171301134,29.74999171301134,39.16046852344355
1918-05-01,127.9,66.55910556947696,32.04340536633276,98.60251093580972,29.297489064190287,29.297489064190287,39.161418855619715
1918-06-01,99.0,66.64374112347274,42.60364408001334,109.24738520348608,-10.247385203486076,10.247385203486076,39.22014433152815
1918-07-01,179.5,66.73061515257804,42.18840981606407,108.9190249686421,70.58097503135788,70.58097503135788,40.7108618192977
1918-08-01,169.6,66.8199002083278,64.17734909873855,130.99724930706634,38.602750692933654,38.602750692933654,41.06333104025576
1918-09-01,133.2,66.91173647821003,58.78523419433467,125.6969706725447,7.503029327455295,7.503029327455295,41.030557256255534
1918-10-01,141.7,67.00624132975501,42.72004846076357,109.72628979051859,31.97371020948141,31.97371020948141,41.03348389872846
1918-11-01,139.0,67.10350263170916,50.650139153793255,117.75364178550242,21.24635821449759,21.24635821449759,40.95972345336889
1918-12-01,98.5,67.20357572191595,21.536541837502376,88.74011755941834,9.759882440581677,9.759882440581677,39.66325852589709
1919-01-01,80.2,67.30648592595885,9.891970765979263,77.19845669193812,3.0015433080618834,3.0015433080618834,38.83863524256011
1919-02-01,132.5,67.41224468324334,9.39458395163182,76.80682863487516,55.69317136512484,55.69317136512484,37.96278756414815
1919-03-01,110.9,67.52085609374322,0.0785455628870777,67.59940165663029,43.300598343369714,43.300598343369714,38.166035459449915
1919-04-01,86.3,67.63228850031938,12.160095978362216,79.7923844786816,6.5076155213183995,6.5076155213183995,37.15380680858462
1919-05-01,146.9,67.74643878074936,-5.009735181541129,62.73670359920823,84.16329640079176,84.16329640079176,38.67210847461918
1919-06-01,185.3,67.86314120058157,7.42480888841045,75.28795008899202,110.012049911008,110.012049911008,41.3654078158585
1919-07-01,107.8,67.98219248970464,9.398533802697342,77.38072629240199,30.41927370759801,30.41927370759801,40.71774309113189
1919-08-01,115.1,68.10337499808354,48.610674300718564,116.71404929880211,-1.614049298802101,1.614049298802101,39.97933570280473
1919-09-01,91.1,68.22644001184989,35.13304228377715,103.35948229562703,-12.259482295627045,12.259482295627045,39.610570866078774
1919-10-01,88.0,68.35109456915671,0.5172546178616262,68.86834918701834,19.13165081298166,19.13165081298166,38.256148416524475
1919-11-01,69.9,68.47700664694699,-0.13120285597818437,68.3458037909688,1.554196209031204,1.554196209031204,36.8360928640571
1919-12-01,58.0,68.60383767722085,-10.019574399803753,58.5842632774171,-0.5842632774170937,0.5842632774170937,36.558245987833864
1920-01-01,85.3,68.73124569963969,4.001101362201123,72.73234706184081,12.567652938159185,12.567652938159185,36.40770711985211
1920-02-01,89.8,68.858891809962,11.148508969509276,80.00740077947128,9.792599220528714,9.792599220528714,36.0130546718654
1920-03-01,116.9,68.98642103290898,25.088014381614432,94.0744354145234,22.8255645854766,22.8255645854766,36.01418274250571
1920-04-01,24.7,69.11343929162517,-17.298570244727916,51.81486904689726,-27.114869046897255,27.114869046897255,36.75245316696977
1920-05-01,55.4,69.2395249979959,-18.633887736637487,50.60563726135841,4.794362738641581,4.794362738641581,36.845019043503335
1920-06-01,64.6,69.3642612615054,-28.655647947362855,40.70861331414255,23.89138668585744,23.89138668585744,36.783875733295424
1920-07-01,45.7,69.48723947130141,-26.65876445939054,42.82847501191087,2.871524988089135,2.871524988089135,37.024299745872526
1920-08-01,31.9,69.60803769014636,-36.259962505975935,33.348075184170426,-1.4480751841704347,1.4480751841704347,33.389802899269526
1920-09-01,60.5,69.72623847073999,-18.654080353898525,51.072158116841464,9.427841883158536,9.427841883158536,33.465352441123294
1920-10-01,82.7,69.84144243765063,-9.827989230265356,60.01345320738527,22.686546792614735,22.686546792614735,33.22206888021136
1920-11-01,45.3,69.953275232252,-17.95698889455879,51.996286337693206,-6.696286337693209,6.696286337693209,32.412858510387764
1920-12-01,49.8,70.06138350280183,-17.668457886500928,52.3929256163009,-2.592925616300903,2.592925616300903,27.954721728712766
1921-01-01,52.5,70.16543351610413,-33.69772532334174,36.46770819276239,16.032291807237613,16.032291807237613,27.774993319033708
1921-02-01,47.1,70.26511371960996,-28.502240979401485,41.76287274020847,5.337127259791529,5.337127259791529,27.372504336729154
1921-03-01,44.5,70.36012755638579,-33.739505921069636,36.620621635316155,7.879378364683845,7.879378364683845,27.426145347208447
1921-04-01,54.0,70.4502166849077,-42.64364507254547,27.806571612362234,26.193428387637766,26.193428387637766,27.39105705415856
1921-05-01,37.0,70.53518952726965,-38.041739110774884,32.49345041649477,4.506549583505233,4.506549583505233,27.422373248678962
1921-06-01,56.2,70.61490778590209,-37.845601753328694,32.7693060325734,23.430693967426606,23.430693967426606,27.010649925464815
1921-07-01,69.7,70.68925899293458,-39.53167928797006,31.157579704964526,38.54242029503547,38.54242029503547,25.75101695493892
1921-08-01,38.0,70.75813015138904,-46.02128705168782,24.73684309970122,13.263156900298782,13.263156900298782,25.511773905501745
1921-09-01,29.6,70.82143176939468,-44.61684494197301,26.20458682742167,3.39541317257833,3.39541317257833,25.56510316112652
1921-10-01,30.3,70.87911451822602,-42.60818226527331,28.27093225295271,2.029067747047293,2.029067747047293,25.551033362204365
1921-11-01,29.6,70.93115446924995,-54.27703010917151,16.654124360078434,12.945875639921567,12.945875639921567,25.541320873408072
1921-12-01,33.9,70.97757098117593,-48.88363496996641,22.09393601120952,11.806063988790484,11.806063988790484,25.52946131166346
1922-01-01,19.7,71.01842067066531,-55.59180557060132,15.426615100063984,4.273384899936019,4.273384899936019,25.511845566727303
1922-02-01,43.9,71.05377144090068,-45.087463118781926,25.96630832211875,17.933691677881257,17.933691677881257,24.59413886278399
1922-03-01,91.3,71.08369057596265,-55.87126707201619,15.21242350394646,76.08757649605353,76.08757649605353,26.225867426724683
1922-04-01,18.3,71.10824823440221,-51.80418795276902,19.30406028163319,-1.004060281633187,1.004060281633187,26.332303302413344
1922-05-01,13.4,71.12750941596386,-53.11168266654918,18.01582674941468,-4.61582674941468,4.61582674941468,23.76773254109294
1922-06-01,9.8,71.1415184852489,-56.09987828509907,15.041640200149828,-5.241640200149831,5.241640200149831,17.215793169752413
1922-07-01,18.3,71.15029179853919,-57.332365375937485,13.817926422601701,4.482073577398296,4.482073577398296,16.87676488937774
1922-08-01,10.9,71.15382502201867,-57.44546198052638,13.708363041492284,-2.808363041492285,2.808363041492285,16.899973695936886
1922-09-01,7.8,71.15212021397114,-55.182498632252546,15.969621581718599,-8.169621581718602,8.169621581718602,16.764390742486963
1922-10-01,10.4,71.14518998528145,-52.03068021486569,19.114509770415758,-8.71450977041576,8.71450977041576,16.942694033435135
1922-11-01,12.2,71.13304409536495,-60.41968070501041,10.713363390354544,1.4866366096454584,1.4866366096454584,16.9435003530394
1922-12-01,29.0,71.11567261455728,-51.16519346497228,19.950479149585,9.049520850414993,9.049520850414993,16.870268307937945
1923-01-01,7.5,71.09306091577751,-60.81464090940116,10.27842000637635,-2.7784200063763507,2.7784200063763507,16.967627989455558
1923-02-01,2.5,71.06518343161159,-60.23080429643348,10.834379135178104,-8.334379135178104,8.334379135178104,17.193749681763094
1923-03-01,5.5,71.03205120383485,-57.21864745584369,13.813403747991167,-8.313403747991167,8.313403747991167,17.20648597095212
1923-04-01,10.2,70.99370794795252,-51.30577708458342,19.687930863369097,-9.487930863369101,9.487930863369101,16.43962618136159
1923-05-01,5.3,70.95022035335549,-46.12846810837824,24.821752244977247,-19.52175224497725,19.52175224497725,17.044871756371688
1923-06-01,15.3,70.90166352068475,-48.663061131107334,22.238602389577416,-6.938602389577412,6.938602389577412,16.940129303197086
1923-07-01,5.9,70.84813510524715,-51.562054344181384,19.28608076106577,-13.38608076106577,13.38608076106577,17.240706288082343
1923-08-01,0.8,70.78974019596795,-60.232678629573,10.55706156639495,-9.757061566394952,9.757061566394952,17.39237612251952
1923-09-01,22.1,70.72658192952998,-46.96822205391918,23.758359875610807,-1.658359875610799,1.658359875610799,17.416153796707626
1923-10-01,19.5,70.65876685749893,-36.82989775672041,33.82886910077852,-14.328869100778519,14.328869100778519,17.43705026031603
1923-11-01,16.7,70.58643907387412,-45.402193986269154,25.184245087604964,-8.484245087604961,8.484245087604961,17.47092662842801
1923-12-01,4.6,70.50979595034461,-52.8397537426501,17.670042207694507,-13.070042207694506,13.070042207694506,17.669331307842462
1924-01-01,0.8,70.42907809904277,-47.31912599688152,23.10995210216125,-22.309952102161255,22.309952102161255,18.054167619212855
1924-02-01,8.5,70.34455337736514,-32.66303551195442,37.681517865410726,-29.181517865410726,29.181517865410726,18.80581729897909
1924-03-01,3.0,70.25651013703575,-34.361687875199856,35.89482226183589,-32.89482226183589,32.89482226183589,19.629396627525207
1924-04-01,18.9,70.16526706749667,-41.2569079820398,28.908359085456873,-10.008359085456874,10.008359085456874,19.198726165749452
1924-05-01,34.6,70.07116687157514,-28.524194693893957,41.546972177681184,-6.9469721776811895,6.9469721776811895,19.20839450827594
1924-06-01,40.0,69.97454505751651,-25.51082437285455,44.46372068466196,-4.463720684661951,4.463720684661951,18.759913195792
1924-07-01,46.9,69.87572661638924,-32.69758283238137,37.17814378400787,9.72185621599212,9.72185621599212,17.57608956221928
1924-08-01,32.1,69.77503254451896,-30.848489550085823,38.92654299443314,-6.82654299443314,6.82654299443314,17.382848582535264
1924-09-01,41.9,69.67276731492508,-19.01786338821737,50.65490392670771,-8.754903926707712,8.754903926707712,17.374171137971818
1924-10-01,42.6,69.56924993251083,-12.421056603702603,57.148193328808226,-14.548193328808225,14.548193328808225,17.44888069493296
1924-11-01,37.5,69.46482000642835,-22.763262110286643,46.70155789614171,-9.201557896141708,9.201557896141708,17.232739417955933
1924-12-01,27.5,69.35982045962803,-22.19442703905912,47.165393420568904,-19.665393420568904,19.665393420568904,17.18749211060352
1925-01-01,9.1,69.25459089372544,-16.99953901675863,52.2550518769668,-43.15505187696681,43.15505187696681,18.22446695725576
1925-02-01,38.6,69.14945209047603,-3.634803075995276,65.51464901448075,-26.91464901448075,26.91464901448075,18.03486006003242
1925-03-01,30.0,69.0446821168129,-9.027002116476552,60.01768000033634,-30.01768000033634,30.01768000033634,11.374880687907625
1925-04-01,53.0,68.94051104678333,2.6396063355213055,71.58011738230464,-18.580117382304635,18.580117382304635,11.321982697201609
1925-05-01,71.4,68.83713662310683,-9.649092881818365,59.18804374128847,12.211956258711538,12.211956258711538,11.933771943955158
1925-06-01,79.1,68.73473240196512,-2.692338489211859,66.04239391275325,13.05760608724674,13.05760608724674,12.549558280724455
1925-07-01,64.2,68.63343291098963,-8.001171928190802,60.632260982798826,3.567739017201177,3.567739017201177,12.519768840866249
1925-08-01,63.3,68.53335455067587,1.6861739482573281,70.2195284989332,-6.919528498933197,6.919528498933197,12.468301386368832
1925-09-01,100.3,68.43457955453879,0.5086042556980237,68.9431838102368,31.356816189763194,31.356816189763194,14.278805053440548
1925-10-01,115.3,68.3371712120095,31.82430897573511,100.1614801877446,15.138519812255396,15.138519812255396,14.848688999699055
1925-11-01,97.6,68.24117243407362,33.696336021424756,101.93750845549837,-4.33750845549838,4.33750845549838,14.766762158784568
1925-12-01,164.4,68.1466281210039,45.741403802209305,113.8880319232132,50.5119680767868,50.5119680767868,17.552600105204753
1926-01-01,119.7,68.05358433311103,18.492939926597256,86.54652425970829,33.15347574029171,33.15347574029171,18.813557712627187
1926-02-01,116.4,67.96207676976478,24.208031039512424,92.1701078092772,24.229892190722808,24.229892190722808,19.500416547937085
1926-03-01,104.2,67.87211850900732,25.636827518858183,93.5089460278655,10.691053972134497,10.691053972134497,19.685187221711818
1926-04-01,64.2,67.78371527744683,16.588403279320275,84.3721185567671,-20.172118556767103,20.172118556767103,19.831454217641085
1926-05-01,107.0,67.69685742394299,19.773800087706856,87.47065751164985,19.529342488350153,19.529342488350153,20.109274013006964
1926-06-01,122.4,67.61154058611741,39.90526108195501,107.51680166807242,14.883198331927574,14.883198331927574,20.35872921272156
1926-07-01,87.2,67.52773800372287,47.62816729703583,115.1559053007587,-27.9559053007587,27.9559053007587,20.696343598131644
1926-08-01,102.7,67.44540012954869,39.64245459485756,107.08785472440624,-4.387854724406246,4.387854724406246,20.674673440018974
1926-09-01,101.4,67.36447714040376,26.891058579498473,94.25553571990224,7.144464280097765,7.144464280097765,20.7559787526188
1926-10-01,119.3,67.28492130307086,46.66586995797685,113.95079126104771,5.349208738952285,5.349208738952285,20.73072272731759
1926-11-01,100.8,67.20667291980604,26.040937547069692,93.24761046687573,7.55238953312427,7.55238953312427,20.78802134351677
1926-12-01,132.4,67.12967769653572,49.247072491899914,116.37675018843564,16.02324981156437,16.02324981156437,20.94385493080134
1927-01-01,136.0,67.05388322161765,49.04986550319463,116.10374872481228,19.89625127518771,19.89625127518771,20.95755688921543
1927-02-01,155.1,66.97922607671991,73.81010560094448,140.7893316776644,14.310668322335601,14.310668322335601,20.52737286645438
1927-03-01,116.1,66.9056427479219,44.29433388730937,111.19997663523128,4.900023364768728,4.900023364768728,19.72953274338168
1927-04-01,155.8,66.83308050665548,85.14911161427173,151.9821921209272,3.8178078790728023,3.8178078790728023,19.635471909109423
1927-05-01,131.9,66.76151230841484,53.28224695089724,120.04375925931208,11.856240740687923,11.856240740687923,19.64669060744621
1927-06-01,98.5,66.69092526095912,45.92841883822111,112.61934409918024,-14.119344099180232,14.119344099180232,19.80699869125489
1927-07-01,91.6,66.62132386098983,43.697159362431165,110.318483223421,-18.718483223421003,18.718483223421003,20.05734003997555
1927-08-01,89.6,66.55274731130214,20.14610898026574,86.69885629156788,2.901143708432116,2.901143708432116,20.010931688548915
1927-09-01,114.1,66.48527230108488,29.909099364547636,96.39437166563252,17.705628334367475,17.705628334367475,20.108552503925168
1927-10-01,105.2,66.41901917507434,49.0241983338372,115.44321750891154,-10.243217508911535,10.243217508911535,20.01838407546915
1927-11-01,112.1,66.35414552242432,71.9296056638154,138.28375118623973,-26.183751186239718,26.183751186239718,20.49336479215158
1927-12-01,75.3,66.2908613843313,34.71450307406451,101.0053644583958,-25.705364458395806,25.705364458395806,20.698662935963096
1928-01-01,139.2,66.2294072990383,48.61681888513558,114.84622618417387,24.353773815826102,24.353773815826102,19.541469829097515
1928-02-01,122.4,66.17003783219937,51.409637058514186,117.57967489071356,4.820325109286443,4.820325109286443,18.828004101750395
1928-03-01,142.4,66.11302356170305,57.67489299364732,123.78791655535036,18.61208344464964,18.61208344464964,18.008166959687326
1928-04-01,134.3,66.05862462654837,55.65838054922345,121.71700517577182,12.582994824228194,12.582994824228194,17.543759420136954
1928-05-01,128.3,66.00709108594066,96.22774082586957,162.23483191181023,-33.93483191181022,33.93483191181022,18.772797383941608
1928-06-01,152.4,65.95866332304823,92.86829976556125,158.8269630886095,-6.426963088609469,6.426963088609469,18.82722886409014
1928-07-01,163.4,65.91359809277712,90.68515718618855,156.59875527896565,6.801244721034337,6.801244721034337,18.82848850787069
1928-08-01,139.6,65.87216929898838,56.8339122313544,122.70608153034277,16.893918469657223,16.893918469657223,18.81705746633929
1928-09-01,149.6,65.83461833706272,105.18094855955523,171.01556689661794,-21.41556689661796,21.41556689661796,18.811495864981897
1928-10-01,102.3,65.80115107916248,40.71286455162568,106.51401563078815,-4.214015630788161,4.214015630788161,18.76550514704939
1928-11-01,83.9,65.7719525202884,9.40417332960943,75.17612584989783,8.723874150102176,8.723874150102176,18.733282417433653
1928-12-01,98.3,65.74715177337225,16.81402100131332,82.56117277468557,15.738827225314424,15.738827225314424,17.090643853363954
1929-01-01,114.8,65.72681969183016,39.8046886910041,105.53150838283426,9.268491617165736,9.268491617165736,16.334614576028855
1929-02-01,104.7,65.71101431825866,39.60881020494854,105.3198245232072,-0.6198245232071997,0.6198245232071997,15.9035724500233
1929-03-01,83.8,65.69976989724857,28.79038624957668,94.49015614682526,-10.69015614682526,10.69015614682526,15.956357365811598
1929-04-01,87.9,65.69306193965373,29.297700924311854,94.99076286396559,-7.09076286396558,7.09076286396558,15.60361128894075
1929-05-01,97.0,65.69080932512416,22.990056136006647,88.68086546113081,8.319134538869193,8.319134538869193,15.342029615167068
1929-06-01,119.9,65.69289421117253,31.762359496124308,97.45525370729683,22.444746292703172,22.444746292703172,15.58550269200737
1929-07-01,117.1,65.69916714038663,27.145317438680568,92.8444845790672,24.255515420932795,24.255515420932795,15.20593831919608
1929-08-01,109.6,65.7094810243606,43.734208812342644,109.44368983670324,0.15631016329675163,0.15631016329675163,15.163433521794234
1929-09-01,57.3,65.72369314087766,43.1709230667944,108.89461620767206,-51.59461620767206,51.59461620767206,17.65180698392279
1929-10-01,90.1,65.74167456048647,26.14591201912902,91.88758657961549,-1.7875865796154997,1.7875865796154997,17.644954645807918
1929-11-01,135.1,65.76334092734739,31.82470935780855,97.58805028515593,37.51194971484405,37.51194971484405,18.637137356792753
1929-12-01,179.9,65.78866594964538,8.103653729825433,73.89231967947082,106.0076803205292,106.0076803205292,25.392503912179567
1930-01-01,108.8,65.81765959823994,-1.8186360774012413,63.9990235208387,44.80097647916129,44.80097647916129,26.154013194701996
1930-02-01,83.1,65.85035285949839,-3.0790659886526477,62.77128687084574,20.328713129154252,20.328713129154252,26.233598279326202
1930-03-01,58.4,65.88677535238021,-11.424380927562263,54.46239442481795,3.9376055751820473,3.9376055751820473,26.23448626260323
1930-04-01,63.7,65.92695326298167,-0.9188809082186147,65.00807235476306,-1.3080723547630555,1.3080723547630555,26.256397114309674
1930-05-01,61.4,65.97093868746813,-13.255578616412015,52.71536007105612,8.68463992894388,8.68463992894388,26.23842984047837
1930-06-01,48.0,66.0187737716367,-2.3924345848747186,63.62633918676198,-15.626339186761982,15.626339186761982,26.271022716812364
1930-07-01,36.5,66.07050602951642,-0.02130605041862832,66.04919997909779,-29.549199979097793,29.549199979097793,26.61000205649615
1930-08-01,41.5,66.1262334651263,29.637087367044806,95.7633208321711,-54.26332083217111,54.26332083217111,28.36675156570246
1930-09-01,53.5,66.18610303991561,18.1021386164415,84.28824165635712,-30.78824165635711,30.78824165635711,28.801033445319035
1930-10-01,57.2,66.2502938931373,-8.613575624613555,57.636718268523744,-0.43671826852373385,0.43671826852373385,28.73070286385412
1930-11-01,59.4,66.31902214365464,-11.45673913504694,54.8622830086077,4.537716991392301,4.537716991392301,28.322493591732478
1930-12-01,43.0,66.39252740426504,-19.90524718655565,46.48728021770939,-3.4872802177093902,3.4872802177093902,27.921250341472323
1931-01-01,24.4,66.47104723276185,-10.446869932571946,56.024177300189905,-31.6241773001899,31.6241773001899,28.28237434152518
1931-02-01,71.8,66.55479164156633,-3.1281286762378717,63.426662965328454,8.37333703467155,8.37333703467155,28.29893426090994
1931-03-01,50.1,66.64398626878935,6.829655133218843,73.47364140200818,-23.37364140200819,23.37364140200819,28.460774905110966
1931-04-01,52.0,66.73889014418418,-25.854438623062606,40.884451521121576,11.115548478878424,11.115548478878424,28.444558613525192
1931-05-01,40.8,66.8397864164843,-28.999864047662314,37.83992236882199,2.9600776311780095,2.9600776311780095,27.814084976012204
1931-06-01,25.5,66.94696039620155,-37.27319446086153,29.673765935340015,-4.173765935340015,4.173765935340015,27.79746003213056
1931-07-01,29.0,67.06070600867744,-35.48149635125161,31.579209657425835,-2.579209657425835,2.579209657425835,27.79428083259521
1931-08-01,21.6,67.18132753107136,-40.851043087814695,26.330284443256666,-4.730284443256664,4.730284443256664,27.68891345685257
1931-09-01,31.7,67.30913600513756,-29.643065144903645,37.666070860233916,-5.966070860233913,5.966070860233913,27.44945497456207
1931-10-01,16.6,67.44442481212593,-22.56637811189296,44.87804670023297,-28.27804670023297,28.27804670023297,27.881663218706684
1931-11-01,31.2,67.58742025533451,-28.58792772875515,38.99949252657936,-7.799492526579357,7.799492526579357,27.88368431464137
1931-12-01,29.7,67.73826894053366,-29.55142629820421,38.18684264232945,-8.48684264232945,8.48684264232945,27.79391838807119
1932-01-01,20.1,67.8970646440089,-41.74467429063551,26.1523903533734,-6.052390353373397,6.052390353373397,27.760167136927
1932-02-01,17.6,68.06389263111575,-37.83138155789775,30.232511073218,-12.632511073217998,12.632511073217998,27.83071007113649
1932-03-01,18.8,68.23878927544028,-40.3791071854949,27.85968208994538,-9.059682089945383,9.059682089945383,27.81594692627054
1932-04-01,18.7,68.42174025674306,-46.45799467877613,21.963745577966932,-3.2637455779669295,3.2637455779669295,27.799449437273978
1932-05-01,29.7,68.61271623303114,-43.25913519183479,25.35358104119635,4.346418958803653,4.346418958803653,27.769559879049396
1932-06-01,36.9,68.81165505726905,-44.96958397944819,23.84207107782086,13.05792892217913,13.05792892217913,27.58622199673178
1932-07-01,16.0,69.01844317251508,-46.55568505949969,22.46275811301539,-6.46275811301539,6.46275811301539,27.246162659687986
1932-08-01,11.3,69.23289054031387,-50.1954713998189,19.037419140494976,-7.737419140494978,7.737419140494978,27.258808027736595
1932-09-01,6.6,69.45474287546591,-50.1859741948107,19.268768680655214,-12.668768680655212,12.668768680655212,25.993171788304014
1932-10-01,14.8,69.68370566762609,-46.13638705577277,23.547318611853314,-8.747318611853316,8.747318611853316,26.022836152566914
1932-11-01,13.7,69.91948685860018,-56.38801120793251,13.531475650667673,0.16852434933232985,0.16852434933232985,25.153739710607454
1932-12-01,18.5,70.16178176695043,-52.203054931742955,17.95872683520747,0.5412731647925284,0.5412731647925284,16.95934644825597
1933-01-01,20.4,70.41025880567221,-54.22101277066235,16.189246035009866,4.210753964990133,4.210753964990133,14.72508840646834
1933-02-01,36.9,70.66456040634256,-46.55344244974432,24.111117956598243,12.788882043401756,12.788882043401756,14.381042478919861
1933-03-01,16.8,70.92426299421376,-56.94984717640895,13.974415817804811,2.825584182195186,2.825584182195186,14.358522755119628
1933-04-01,4.9,71.18889055103408,-53.41786770850973,17.771022842524346,-12.871022842524347,12.871022842524347,14.361051965184421
1933-05-01,5.3,71.45797295549347,-52.02042120720986,19.437551748283617,-14.13755174828362,14.13755174828362,14.14462266746348
1933-06-01,8.7,71.7310498329742,-52.79666842404675,18.934381408927443,-10.234381408927447,10.234381408927447,14.087533135648892
1933-07-01,4.7,72.00764146838371,-56.131391971847776,15.876249496535934,-11.176249496535931,11.176249496535931,13.594738472852761
1933-08-01,0.4,72.28726258263676,-53.00398777363135,19.283274809005405,-18.883274809005407,18.883274809005407,11.147427972434993
1933-09-01,8.5,72.56941758079371,-49.03584348879277,23.53357409200094,-15.03357409200094,15.03357409200094,10.438485817668445
1933-10-01,5.0,72.85361084883428,-46.397058960688256,26.456551888146024,-21.456551888146024,21.456551888146024,10.720116724803905
1933-11-01,1.0,73.13935168670531,-58.09312384021662,15.04622784648869,-14.04622784648869,14.04622784648869,10.631519744800283
1933-12-01,0.4,73.42615747785061,-41.97708158304098,31.44907589480963,-31.049075894809633,31.049075894809633,11.35443364896889
1934-01-01,5.7,73.71358138508303,-54.64738296280878,19.066198422274255,-13.366198422274252,13.366198422274252,10.633711304475677
1934-02-01,12.9,74.0012415103263,-51.47125736494688,22.529984145379416,-9.62998414537941,9.62998414537941,10.305822894008672
1934-03-01,7.2,74.28883061592953,-49.42161987902171,24.867210736907815,-17.667210736907812,17.667210736907812,10.097299463608175
1934-04-01,18.8,74.57604084541832,-37.093717107685514,37.482323737732806,-18.6823237377328,18.6823237377328,9.75209152649962
1934-05-01,32.9,74.862549890706,-34.23832214371025,40.62422774699576,-7.724227746995766,7.724227746995766,9.562821852535391
1934-06-01,11.2,75.14804143657648,-36.860686545149996,38.28735489142648,-27.087354891426486,27.087354891426486,10.017153572749693
1934-07-01,15.3,75.43221526174536,-39.821155593879396,35.61105966786596,-20.311059667865962,20.311059667865962,10.120008572829194
1934-08-01,13.9,75.71477480000314,-53.6213512985471,22.093423501456044,-8.193423501456039,8.193423501456039,10.08834369606563
1934-09-01,6.7,75.99541490137887,-32.68103595342929,43.31437894794958,-36.614378947949575,36.614378947949575,11.011419774763125
1934-10-01,9.5,76.27386838153595,-18.40813085704215,57.865737524493795,-48.365737524493795,48.365737524493795,12.35953600100003
1934-11-01,14.5,76.54989681154514,-28.552196906493503,47.99769990505163,-33.49769990505163,33.49769990505163,12.89101484848775
1934-12-01,25.7,76.82325851917702,-39.31121670715859,37.512041812018424,-11.812041812018421,11.812041812018421,12.878012210616099
1935-01-01,31.1,77.09374818223392,-33.988090361313304,43.10565782092062,-12.005657820920618,12.005657820920618,12.838158908930945
1935-02-01,34.1,77.36120811588306,-7.936747654314972,69.42446046156809,-35.32446046156809,35.32446046156809,13.4082309048037
1935-03-01,38.5,77.62552014690833,-12.809815724082437,64.81570442282589,-26.31570442282589,26.31570442282589,13.579710162056932
1935-04-01,20.4,77.88658260855824,-22.2409092330105,55.645673375547744,-35.245673375547746,35.245673375547746,13.9499005253046
1935-05-01,45.4,78.14431164448503,-5.935348045748763,72.20896359873626,-26.80896359873627,26.80896359873627,13.736163522441037
1935-06-01,76.2,78.39865909844207,-2.3384990263730066,76.06016007206907,0.13983992793093591,0.13983992793093591,13.138299392481356
1935-07-01,56.5,78.64962083963223,-16.093178245842225,62.55644259379001,-6.05644259379001,6.05644259379001,13.14632133299759
1935-08-01,50.2,78.89721070346347,-6.722390927530487,72.17481977593299,-21.974819775932986,21.974819775932986,13.125355105076608
1935-09-01,70.1,79.14145674755227,6.688393224175091,85.82984997172736,-15.729849971727369,15.729849971727369,13.114861998901754
1935-10-01,88.7,79.38241842310377,9.82605457881688,89.20847300192065,-0.5084730019206489,0.5084730019206489,13.31213591121709
1935-11-01,107.0,79.62017215917629,-4.622534897144475,74.99763726203182,32.002362737968184,32.002362737968184,15.297823950359533
1935-12-01,102.5,79.8547803766029,3.1050614327848605,82.95984180938777,19.54015819061223,19.54015819061223,16.143102499018166
1936-01-01,104.7,80.08630634488021,6.5636192244526885,86.64992556933291,18.050074430667095,18.050074430667095,16.74693351385689
1936-02-01,123.9,80.31483053318959,21.694604912055432,102.00943544524503,21.890564554754974,21.890564554754974,17.221637915644003
1936-03-01,128.4,80.54042095288338,12.71115794648427,93.25157889936764,35.14842110063236,35.14842110063236,18.863445624913066
1936-04-01,124.8,80.76310474623367,21.9953824141485,102.75848716038217,22.041512839617837,22.041512839617837,19.728824330045548
1936-05-01,90.9,80.98286814401604,9.470401135839001,90.45326927985504,0.44673072014496995,0.44673072014496995,19.826209480177692
1936-06-01,116.7,81.19969965338991,12.024748189611792,93.22444784300171,23.47555215699829,23.47555215699829,20.6550105772548
1936-07-01,87.2,81.4136030186246,8.165317288548877,89.57892030717348,-2.3789203071734732,2.3789203071734732,20.696694802574438
1936-08-01,145.0,81.62459911263376,18.48849723354129,100.11309634617504,44.886903653824945,44.886903653824945,22.56660479728415
1936-09-01,126.7,81.83272022209155,18.57873883862003,100.41145906071158,26.288540939288424,26.288540939288424,23.255394417408475
1936-10-01,148.2,82.03796919715194,42.92670082242254,124.96467001957447,23.23532998042552,23.23532998042552,23.660045688645788
1936-11-01,192.3,82.24033847520474,44.55432145432185,126.79465992952659,65.50534007047344,65.50534007047344,26.43225796699984
1936-12-01,205.6,82.43983035143692,54.11305958071257,136.5528899321495,69.04711006785048,69.04711006785048,28.646554563385788
1937-01-01,220.9,82.63645554713118,30.4560872281014,113.09254277523257,107.80745722476742,107.80745722476742,33.79941395508707
1937-02-01,214.1,82.83020427455786,41.68012309124874,124.5103273658066,89.5896726341934,89.5896726341934,36.707887427358855
1937-03-01,139.7,83.02105898656329,35.2913413932158,118.31240037977909,21.387599620220897,21.387599620220897,36.59003076008795
1937-04-01,182.2,83.20901396801517,24.493910509175233,107.70292447719041,74.49707552280958,74.49707552280958,38.041161103235964
1937-05-01,194.4,83.39409574674505,26.617913892236057,110.01200963898111,84.3879903610189,84.3879903610189,39.943878156440114
1937-06-01,217.1,83.5763748190281,41.26186573638362,124.83824055541172,92.26175944458828,92.26175944458828,41.576007402283935
1937-07-01,241.8,83.75593701742302,54.05033314472702,137.80627016215004,103.99372983784998,103.99372983784998,43.690224663964926
1937-08-01,229.5,83.93286000087782,38.84708740594636,122.77994740682419,106.72005259317582,106.72005259317582,45.85200945984085
1937-09-01,167.9,84.1072446814974,31.37398226878791,115.48122695028532,52.4187730497147,52.4187730497147,45.02823853159058
1937-10-01,208.2,84.27920178785374,50.96051348294457,135.2397152707983,72.96028472920167,72.96028472920167,43.997034551051485
1937-11-01,123.9,84.4488472176696,34.19640120467639,118.64524842234599,5.2547515776540195,5.2547515776540195,42.93006743076073
1937-12-01,147.9,84.61633887570368,53.863971034850884,138.48030991055455,9.419690089445439,9.419690089445439,42.50701553425493
1938-01-01,164.0,84.78187268587133,49.13719861738468,133.91907130325603,30.08092869674398,30.08092869674398,41.92488682658624
1938-02-01,198.6,84.94563572373808,68.32717222360856,153.27280794734662,45.32719205265336,45.32719205265336,40.46047485199004
1938-03-01,144.2,85.1078204545179,41.309009395302986,126.41682984982089,17.783170150179103,17.783170150179103,39.28565773634982
1938-04-01,168.4,85.26864177441807,78.17604486732618,163.44468664174425,4.955313358255751,4.955313358255751,37.81899124416804
1938-05-01,212.3,85.42830197024405,48.36257103809103,133.7908730083351,78.50912699166493,78.50912699166493,36.994134179415184
1938-06-01,162.6,85.58702121555952,44.896578763017224,130.48359997857673,32.116400021423246,32.116400021423246,36.44970546082796
1938-07-01,275.6,85.74504560421882,41.800181292072736,127.54522689629155,148.05477310370844,148.05477310370844,39.95405897062104
1938-08-01,192.8,85.90262998345335,18.096901569586578,103.99953155303993,88.80046844696008,88.80046844696008,39.084173363267894
1938-09-01,149.3,86.06003031437056,25.047952233563596,111.10798254793416,38.192017452065855,38.192017452065855,37.665760798207955
1938-10-01,165.3,86.21748317222531,42.91229213406286,129.12977530628817,36.170224693711845,36.170224693711845,36.821923531924185
1938-11-01,203.6,86.37516589664064,59.96834566653821,146.34351156317885,57.25648843682113,57.25648843682113,36.742456209349186
1938-12-01,154.7,86.53319276495077,34.261833481635726,120.7950262465865,33.904973753413486,33.904973753413486,36.49016819769024
1939-01-01,133.9,86.69161564788902,41.16508552437689,127.85670117226591,6.043298827734091,6.043298827734091,36.83838814473569
1939-02-01,129.0,86.85041548693412,39.938666789392826,126.78908227632695,2.210917723673049,2.210917723673049,37.39544785620786
1939-03-01,107.8,87.00951966283546,45.87040863685923,132.87992829969468,-25.079928299694693,25.079928299694693,39.31037187906623
1939-04-01,181.9,87.16881349008322,45.57196642659471,132.74077991667792,49.15922008332207,49.15922008332207,39.08001553935066
1939-05-01,197.3,87.32813021378674,78.55189799361277,165.8800282073995,31.419971792600506,31.419971792600506,38.34561067108983
1939-06-01,168.3,87.48722314940802,75.19868805002842,162.68591119943645,5.6140888005635645,5.6140888005635645,38.79148921984057
1939-07-01,162.6,87.6457942988748,72.57509886695473,160.22089316582952,2.3791068341704573,2.3791068341704573,38.6226954288234
1939-08-01,176.3,87.80348605714953,46.40975392386086,134.2132399810104,42.08676001898961,42.08676001898961,38.63222476323327
1939-09-01,187.7,87.95992450602333,79.0452389998287,167.005163505852,20.694836494147964,20.694836494147964,38.73336318955394
1939-10-01,146.9,88.11473838049503,27.772575632336128,115.88731401283115,31.01268598716885,31.01268598716885,38.613404846670306
1939-11-01,113.7,88.2675457077514,0.3048608297840306,88.57240653753543,25.127593462464574,25.127593462464574,38.68004065673289
1939-12-01,70.2,88.41795111494199,4.918498122592488,93.33644923753447,-23.136449237534464,23.136449237534464,40.1994546768726
1940-01-01,84.1,88.56552083692226,23.77839941705232,112.34392025397457,-28.243920253974586,28.243920253974586,40.46506621579258
1940-02-01,99.1,88.70980682210201,24.83883501899489,113.5486418410969,-14.4486418410969,14.4486418410969,40.58481681304563
1940-03-01,138.9,88.85034030929799,18.693909217519018,107.54424952681701,31.355750473182994,31.355750473182994,40.503860039980765
1940-04-01,101.1,88.98663969087889,20.597123644617334,109.58376333549623,-8.483763335496235,8.483763335496235,40.730099627862295
1940-05-01,90.6,89.11821399977744,13.968972637816893,103.08718663759433,-12.487186637594334,12.487186637594334,40.62354762835197
1940-06-01,139.8,89.24459087506568,20.70551904227883,109.95010991734452,29.84989008265549,29.84989008265549,39.33525405120339
1940-07-01,112.5,89.36529573793162,12.557972339060768,101.92326807699239,10.576731923007614,10.576731923007614,37.43865193971141
1940-08-01,175.9,89.479855418774,23.873483238484567,113.35333865725856,62.546661342741444,62.546661342741444,35.48159692752506
1940-09-01,110.8,89.58783233200906,27.361598427443685,116.94943075945274,-6.149430759452741,6.149430759452741,35.64793712910354
1940-10-01,91.5,89.68884180299618,9.900314144363813,99.58915594736,-8.089155947359998,8.089155947359998,35.14387091949209
1940-11-01,97.4,89.7825890293541,13.542428000678962,103.32501703003307,-5.925017030033061,5.925017030033061,35.35939134228651
1940-12-01,113.8,89.86884859541047,-5.128042921136827,84.74080567427364,29.059194325726352,29.059194325726352,35.29064368200349
1941-01-01,76.1,89.94742724105132,-13.25555436723367,76.69187287381764,-0.5918728738176497,0.5918728738176497,35.5052809863237
1941-02-01,74.3,90.01815664416073,-15.107972529886373,74.91018411427436,-0.6101841142743609,0.6101841142743609,35.50496950280507
1941-03-01,77.5,90.08093588244037,-22.575005488957732,67.50593039348264,9.994069606517357,9.994069606517357,35.553295970271115
1941-04-01,54.6,90.13575618941815,-13.778939293829064,76.35681689558908,-21.756816895589083,21.756816895589083,36.18155210918005
1941-05-01,49.0,90.18271550560645,-21.453558647673482,68.72915685793296,-19.729156857932978,19.729156857932978,35.39723915894406
1941-06-01,99.6,90.22203501153834,-12.287175955498695,77.93485905603964,21.665140943960353,21.665140943960353,35.3211408587692
1941-07-01,111.4,90.25405558923188,-9.45882060789208,80.7952349813398,30.604765018660203,30.604765018660203,27.497793632931547
1941-08-01,100.1,90.2792001746748,10.826147809744187,101.10534798441898,-1.0053479844189894,1.0053479844189894,24.468817772236566
1941-09-01,109.8,90.29796627536498,1.11021334733578,91.40817962270077,18.391820377299226,18.391820377299226,24.08221403112951
1941-10-01,77.2,90.31092998309863,-17.78890432995225,72.52202565314639,4.677974346853617,4.677974346853617,23.727112992299546
1941-11-01,64.0,90.31875938905125,-22.49761251788656,67.8211468711647,-3.8211468711647,3.8211468711647,22.440962669999635
1941-12-01,56.2,90.32221205378687,-29.63214955130388,60.69006250248299,-4.490062502482985,4.490062502482985,22.126653700003622
1942-01-01,59.5,90.32212480628381,-24.603541900740872,65.71858290554295,-6.218582905542931,6.218582905542931,22.248344454832207
1942-02-01,87.9,90.31941473029548,-16.940082426651145,73.37933230364433,14.520667696355673,14.520667696355673,22.260133025137275
1942-03-01,90.4,90.31506255060022,-10.830683489739545,79.48437906086068,10.91562093913933,10.91562093913933,21.538178048788563
1942-04-01,101.2,90.31006382489659,-34.26480265366375,56.04526117123284,45.154738828767165,45.154738828767165,21.333099420009905
1942-05-01,41.8,90.30537465023656,-38.88971847375779,51.41565617647877,-9.61565617647878,9.61565617647878,21.179063860383945
1942-06-01,18.9,90.30191045810457,-45.57407767857745,44.72783277952712,-25.827832779527114,25.827832779527114,21.896877347127063
1942-07-01,29.6,90.3005542612253,-43.9315549221425,46.3689993390828,-16.768999339082796,16.768999339082796,22.233956407915738
1942-08-01,33.7,90.30212431094186,-45.360399372913356,44.94172493802851,-11.241724938028497,11.241724938028497,21.535724535566406
1942-09-01,28.7,90.30736145364025,-40.11582967370827,50.191531779931985,-21.49153177993199,21.49153177993199,21.784213420283308
1942-10-01,32.0,90.31693632784379,-34.59921911441803,55.717717213425765,-23.71771721342577,23.71771721342577,21.71760544981261
1942-11-01,51.3,90.3314244779313,-38.64071542776943,51.690709050161864,-0.39070905016187396,0.39070905016187396,21.353251115725637
1942-12-01,37.6,90.35128134941255,-40.8389141939664,49.51236715544614,-11.912367155446134,11.912367155446134,21.067002803899058
1943-01-01,20.7,90.37682410196253,-49.309164931491146,41.06765917047138,-20.367659170471384,20.367659170471384,20.787645382172098
1943-02-01,48.1,90.40822638831968,-46.71447518791854,43.69375120040114,4.406248799598856,4.406248799598856,20.603725974174136
1943-03-01,45.7,90.4455740489654,-46.79462635220301,43.65094769676239,2.049052303237616,2.049052303237616,19.993078798702275
1943-04-01,43.5,90.4888649962283,-49.81720708847705,40.67165790775125,2.8283420922487466,2.8283420922487466,19.920572255171
1943-05-01,23.6,90.53801989758901,-48.06250848061183,42.47551141697718,-18.875511416977176,18.875511416977176,20.079359702401543
1943-06-01,12.7,90.59284614650619,-51.64622099901048,38.94662514749571,-26.246625147495706,26.246625147495706,20.003246570869873
1943-07-01,22.0,90.65302858715691,-53.09803354891031,37.5549950382466,-15.554995038246602,15.554995038246602,20.085080904560645
1943-08-01,32.3,90.71816478622289,-54.08707293689644,36.631091849326445,-4.331091849326455,4.331091849326455,16.915062013452488
1943-09-01,16.7,90.78773460596427,-55.372671994650396,35.41506261131388,-18.715062611313883,18.715062611313883,17.12064587115393
1943-10-01,13.0,90.86110377340523,-49.15066836515637,41.71043540824886,-28.710435408248863,28.710435408248863,17.637694896831057
1943-11-01,17.0,90.93756390408835,-58.13599475404529,32.80156915004306,-15.80156915004305,15.80156915004305,17.7539680867202
1943-12-01,31.4,91.01633962531898,-55.29622881385404,35.720110811464934,-4.320110811464929,4.320110811464929,16.841942548189074
1944-01-01,6.1,91.09656177227286,-52.63970466913314,38.456857103139725,-32.356857103139724,32.356857103139724,17.445289246108896
1944-02-01,0.8,91.17728691108408,-47.818258322590246,43.359028588493835,-42.55902858849384,42.55902858849384,18.478446790509537
1944-03-01,18.3,91.25754033474736,-57.7478109757663,33.50972935898106,-15.209729358981065,15.209729358981065,18.305149758870662
1944-04-01,0.4,91.3363514987605,-54.69962327178814,36.63672822697235,-36.23672822697235,36.23672822697235,18.782839711636065
1944-05-01,4.1,91.41278129622216,-50.930553166344495,40.48222812987767,-36.38222812987767,36.38222812987767,19.283763517904614
1944-06-01,8.2,91.4859471014986,-49.511480338792325,41.97446676270627,-33.77446676270627,33.77446676270627,19.03873411111172
1944-07-01,8.5,91.55504677538886,-55.06450811964256,36.4905386557463,-27.9905386557463,27.9905386557463,17.960963161629888
1944-08-01,27.9,91.61933171622391,-48.90000466511057,42.71932705111334,-14.819327051113333,14.819327051113333,17.879562575766244
1944-09-01,23.7,91.6781060725123,-42.89251114712659,48.785594925385716,-25.08559492538572,25.08559492538572,17.238826904324245
1944-10-01,28.1,91.73074129791871,-41.00767745896505,50.723063838953664,-22.62306383895367,22.62306383895367,17.037909237115237
1944-11-01,17.9,91.77672644400018,-55.7949995032834,35.981726940716776,-18.081726940716777,18.081726940716777,16.965708022218752
1944-12-01,47.4,91.81564144842605,-33.23927851360831,58.57636293481774,-11.176362934817746,11.176362934817746,16.893240805860533
1945-01-01,30.8,91.84714038475056,-48.583736848440225,43.263403536310335,-12.463403536310338,12.463403536310338,16.83935533067324
1945-02-01,21.2,91.87095526992161,-41.69294990879427,50.17800536112734,-28.978005361127344,28.978005361127344,16.246071934429416
1945-03-01,35.9,91.88692717430398,-40.90599573306278,50.9809314412412,-15.08093144124119,15.08093144124119,15.592479731723602
1945-04-01,53.4,91.89499208515943,-22.760644751083586,69.13434733407584,-15.73434733407585,15.73434733407585,11.478599295804667
1945-05-01,51.0,91.89518917683272,-22.238916343587054,69.65627283324567,-18.656272833245666,18.656272833245666,11.385216973517903
1945-06-01,60.2,91.88762294885636,-24.976404888851786,66.91121806000457,-6.711218060004569,6.711218060004569,11.474071274831013
1945-07-01,71.0,91.87247917889079,-28.389595894416306,63.48288328447448,7.517116715525518,7.517116715525518,12.22934401107618
1945-08-01,43.1,91.85001626652728,-46.798399204763065,45.05161706176421,-1.9516170617642103,1.9516170617642103,12.454369576579715
1945-09-01,58.1,91.82051654533785,-18.03345368214296,73.78706286319489,-15.687062863194896,15.687062863194896,12.43118899947334
1945-10-01,114.5,91.78426850890577,-0.5079534154889419,91.27631509341683,23.223684906583173,23.223684906583173,14.039407785375658
1945-11-01,76.6,91.7415639101421,-11.855155518034572,79.88640839210754,-3.286408392107546,3.286408392107546,13.958634461264431
1945-12-01,45.7,91.69268619087518,-24.817060229407854,66.87562596146732,-21.17562596146732,21.17562596146732,13.97510803161815
1946-01-01,79.3,91.63792036076951,-20.046605799123363,71.59131456164616,7.7086854383538395,7.7086854383538395,14.487148499186231
1946-02-01,143.8,91.57758320831081,16.181625220448797,107.7592084287596,36.040791571240405,36.040791571240405,16.516618639626437
1946-03-01,127.7,91.51199322253997,8.393399242489986,99.90539246502996,27.79460753497004,27.79460753497004,17.74921223866166
1946-04-01,126.1,91.44145451654289,-3.4165422568046218,88.02491225973827,38.075087740261736,38.075087740261736,19.552205583929823
1946-05-01,141.6,91.36626491949899,15.93972195356178,107.30598687306076,34.29401312693922,34.29401312693922,21.007033535156175
1946-06-01,122.6,91.28673776711577,20.484900241023546,111.77163800813932,10.828361991860675,10.828361991860675,21.145220812244563
1946-07-01,193.7,91.20320903191757,-0.306730326124314,90.89647870579326,102.80352129420675,102.80352129420675,28.254212800523494
1946-08-01,178.7,91.11602369586205,17.082905958114093,108.19892965397615,70.50107034602385,70.50107034602385,31.045019421645545
1946-09-01,157.4,91.02552435826567,32.04954345253527,123.07506781080093,34.324932189199075,34.324932189199075,31.608370902907833
1946-10-01,170.5,90.93205404732977,31.769507424083677,122.70156147141344,47.798438528586544,47.798438528586544,32.39967977534126
1946-11-01,206.3,90.83596540100993,13.647700462986323,104.48366586399625,101.81633413600375,101.81633413600375,36.52931892785919
1946-12-01,202.9,90.73761408461965,28.216691980887504,118.95430606550715,83.94569393449285,83.94569393449285,38.95473601126637
1947-01-01,163.7,90.63734975636667,29.819029948845493,120.45637970521217,43.24362029478782,43.24362029478782,38.93549296980293
1947-02-01,188.9,90.5355227873121,46.86847195091464,137.40399473822674,51.49600526177325,51.49600526177325,38.680796335045834
1947-03-01,183.8,90.43249488995372,33.99722133583921,124.42971622579293,59.37028377420708,59.37028377420708,39.31416433323267
1947-04-01,212.1,90.32866605688902,41.21342298074649,131.54208903763552,80.55791096236449,80.55791096236449,40.07195284715299
1947-05-01,285.0,90.22447990291417,28.182256850814525,118.4067367537287,166.59326324627133,166.59326324627133,46.44241070322743
1947-06-01,232.1,90.1204066548489,25.478107983196523,115.59851463804543,116.50148536195458,116.50148536195458,48.155279931656914
1947-07-01,223.5,90.01692968928059,24.267818340084975,114.28474802936556,109.21525197063444,109.21525197063444,49.29175914647923
1947-08-01,267.4,89.91451323897176,35.38734216249004,125.30185540146181,142.09814459853817,142.09814459853817,52.21285278937106
1947-09-01,239.9,89.81364806462949,36.879965923440224,126.69361398806971,113.2063860119303,113.2063860119303,52.91852704363434
1947-10-01,231.7,89.71483503411051,54.127807323184356,143.84264235729486,87.85735764270513,87.85735764270513,52.58880989549094
1947-11-01,181.3,89.61856855816477,55.25871119623585,144.8772797544006,36.42272024559939,36.42272024559939,51.65518804665393
1947-12-01,164.9,89.52531131950238,62.51696849905228,152.04227981855468,12.857720181445345,12.857720181445345,51.111686876033474
1948-01-01,153.6,89.43548699655787,42.29464042868409,131.73012742524196,21.869872574758034,21.869872574758034,50.3845548880264
1948-02-01,122.0,89.34948100934751,58.87788306374584,148.22736407309336,-26.227364073093355,26.227364073093355,50.27456554110253
1948-03-01,134.3,89.26765451512658,44.572820082775664,133.84047459790224,0.4595254020977677,0.4595254020977677,49.82745478865775
1948-04-01,268.5,89.19034452080801,31.779534463667105,120.96987898447512,147.53012101552486,147.53012101552486,51.69521444806312
1948-05-01,246.4,89.11779934572908,32.91463951096172,122.0324388566908,124.36756114330919,124.36756114330919,51.93407839150611
1948-06-01,237.5,89.05015433744322,42.681946357040644,131.73210069448385,105.76789930551612,105.76789930551612,51.69546424333472
1948-07-01,201.4,88.98745116188866,59.818537803826366,148.80598896571502,52.59401103428499,52.59401103428499,51.05601100499588
1948-08-01,223.7,88.92968623473683,37.81800269327794,126.74768892801478,96.9523110719852,96.9523110719852,50.49596476526469
1948-09-01,202.9,88.87677036974269,35.222315409585455,124.09908577932814,78.80091422067186,78.80091422067186,48.93793966442923
1948-10-01,192.9,88.82852649418798,54.791976574892686,143.62050306908066,49.279496930919336,49.279496930919336,48.54583941637645
1948-11-01,135.6,88.78474074991642,41.63952752223178,130.4242682721482,5.175731727851783,5.175731727851783,48.238783121604264
1948-12-01,195.3,88.74516580445166,57.90468356541442,146.64984936986608,48.650150630133936,48.650150630133936,46.13526261675407
1949-01-01,168.6,88.70954859530569,48.89160207388306,137.60115066918874,30.99884933081124,30.99884933081124,45.47528054272946
1949-02-01,258.0,88.67757477258412,62.81963111999628,151.4972058925804,106.5027941074196,106.5027941074196,45.70428364684083
1949-03-01,223.0,88.64884892744311,37.96042368828874,126.60927261573185,96.39072738426813,96.39072738426813,45.44951450882377
1949-04-01,208.1,88.62291577250843,70.50242243473849,159.12533820724693,48.97466179275307,48.97466179275307,45.27378955415591
1949-05-01,150.4,88.59930737505904,43.281125400504145,131.88043277556318,18.519567224436813,18.519567224436813,45.69636525090964
1949-06-01,172.4,88.57751040900747,43.114399371137864,131.69190978014535,40.70809021985467,40.70809021985467,44.87668828477443
1949-07-01,178.3,88.55695968991645,39.37828853052975,127.9352482204462,50.36475177955381,50.36475177955381,44.62062647658101
1949-08-01,175.3,88.53704392146118,15.810357717447978,104.34740163890916,70.95259836109086,70.95259836109086,44.621352921422094
1949-09-01,205.8,88.51706090880293,20.074413126733283,108.59147403553621,97.2085259644638,97.2085259644638,44.487183896622376
1949-10-01,186.3,88.49622269161027,36.72573128204095,125.22195397365121,61.07804602634879,61.07804602634879,44.35296623105631
1949-11-01,203.2,88.47373154677535,47.827092149121405,136.30082369589675,66.89917630410324,66.89917630410324,44.02546005120264
1949-12-01,166.6,88.44880346178743,33.041354563184356,121.49015802497179,45.10984197502822,45.10984197502822,44.133678504697
1950-01-01,143.9,88.42063681337741,33.70509786419055,122.12573467756796,21.774265322432043,21.774265322432043,44.62409159043455
1950-02-01,134.3,88.38843031127604,28.31356565849978,116.70199596977582,17.59800403022419,17.59800403022419,45.327680258408364
1950-03-01,155.4,88.35137104514989,33.802089189032806,122.15346023418269,33.2465397658173,33.2465397658173,45.65710319697103
1950-04-01,160.6,88.30861651735503,35.38172096475922,123.69033748211424,36.90966251788575,36.90966251788575,45.83930286269412
1950-05-01,150.5,88.25928805549309,60.972133806006056,149.23142186149914,1.2685781385008568,1.2685781385008568,43.576650496979425
1950-06-01,118.3,88.2024805921405,57.47201975469031,145.67450034683083,-27.374500346830814,27.374500346830814,44.846484508968096
1950-07-01,128.9,88.13731634317405,54.509470096232405,142.64678643940647,-13.74678643940645,13.74678643940645,45.374541627202824
1950-08-01,120.6,88.06298037081791,36.150324863753205,124.21330523457112,-3.613305234571129,3.613305234571129,43.648019560174276
1950-09-01,72.7,87.97876488862703,53.27180598643919,141.25057087506622,-68.55057087506621,68.55057087506621,46.40528202712549
1950-10-01,87.0,87.88401470994353,15.060615649779503,102.94463035972304,-15.944630359723035,15.944630359723035,46.80697214825291
1950-11-01,77.7,87.77808660614178,-8.634825385049393,79.14326122109239,-1.443261221092385,1.443261221092385,47.33129395661824
1950-12-01,76.7,87.66036493423051,-7.004346842531194,80.65601809169932,-3.9560180916993204,3.9560180916993204,47.686121573391404
1951-01-01,85.0,87.53029718983944,7.769426469863368,95.2997236597028,-10.299723659702806,10.299723659702806,48.31944946911722
1951-02-01,84.8,87.3873644726315,10.185738309715818,97.57310278234732,-12.773102782347323,12.773102782347323,47.854986471807194
1951-03-01,79.3,87.23108693971862,8.589206166575513,95.82029310629413,-16.520293106294133,16.520293106294133,48.32492079519706
1951-04-01,131.7,87.06106134842818,11.605087516718713,98.6661488651469,33.033851134853094,33.033851134853094,44.55225277262531
1951-05-01,153.7,86.87696332226396,4.762957584818898,91.63992090708285,62.06007909291712,62.06007909291712,42.13123615594987
1951-06-01,142.4,86.67855993129035,9.739383477657514,96.41794340894786,45.98205659105213,45.98205659105213,40.337504379217165
1951-07-01,87.2,86.46573553804515,-1.639033382871796,84.82670215517335,2.373297844826652,2.373297844826652,40.46406905705959
1951-08-01,86.5,86.23851864648047,4.4925810546572,90.73109970113767,-4.231099701137666,4.231099701137666,39.200025620936366
1951-09-01,117.7,85.99714840878202,11.264312784369926,97.26146119315194,20.438538806848058,20.438538806848058,38.21387065900425
1951-10-01,73.3,85.74207495659267,-6.249405541638965,79.49266941495371,-6.192669414953713,6.192669414953713,38.36305708848718
1951-11-01,74.2,85.4739578940569,-4.415758137499736,81.05819975655716,-6.8581997565571555,6.8581997565571555,38.58692297092297
1951-12-01,65.0,85.19365759090694,-18.070597127531194,67.12306046337574,-2.123060463375751,2.123060463375751,38.589705153773956
1952-01-01,57.9,84.90230232975503,-24.525295454181727,60.3770068755733,-2.4770068755733092,2.4770068755733092,38.7851743038922
1952-02-01,32.4,84.60131376936931,-27.003648965468614,57.5976648039007,-25.1976648039007,25.1976648039007,36.71390029608001
1952-03-01,31.5,84.29241729881046,-33.59604173245682,50.696375566353645,-19.196375566353638,19.196375566353638,34.66344834011279
1952-04-01,41.7,83.97765371272335,-26.768655276406882,57.20899843631647,-15.508998436316475,15.508998436316475,34.514569300092504
1952-05-01,33.6,83.65939734651347,-29.99646663024064,53.66293071627283,-20.06293071627283,20.06293071627283,34.93607960177142
1952-06-01,52.0,83.34029802702574,-22.26476458126059,61.075533445765146,-9.075533445765146,9.075533445765146,34.75085750881656
1952-07-01,56.1,83.0231800273666,-19.032146058030722,63.99103396933589,-7.891033969335879,7.891033969335879,34.19763406749555
1952-08-01,77.8,82.71100891839662,-7.945556626372851,74.76545229202377,3.0345477079762304,3.0345477079762304,32.512370729144266
1952-09-01,40.4,82.40691747299005,-15.884344985530548,66.5225724874595,-26.1225724874595,26.1225724874595,29.0587169098157
1952-10-01,34.2,82.11417225232788,-27.26390425379848,54.8502679985294,-20.650267998529394,20.650267998529394,27.600423685256967
1952-11-01,31.8,81.83608951182127,-33.46783545521293,48.36825405660834,-16.56825405660834,16.56825405660834,25.354278794993327
1952-12-01,48.9,81.57585777779576,-39.30680519781788,42.26905257997788,6.630947420022125,6.630947420022125,24.139834664686983
1953-01-01,37.9,81.33639447664727,-38.69898588328818,42.63740859335909,-4.737408593359092,4.737408593359092,23.795749743761426
1953-02-01,5.9,81.12024095898038,-30.46337240275956,50.656868556220815,-44.756868556220816,44.756868556220816,24.53129094102004
1953-03-01,14.7,80.92947171786426,-28.14702951722002,52.78244220064424,-38.08244220064424,38.08244220064424,24.27725659784813
1953-04-01,39.6,80.76557972071771,-42.36614208447583,38.39943763624188,1.2005623637581238,1.2005623637581238,23.158760224167967
1953-05-01,18.3,80.62947837642065,-48.55382877200428,32.07564960441637,-13.775649604416373,13.775649604416373,23.13279882274867
1953-06-01,31.5,80.52143366227672,-53.87570013101285,26.645733531263872,4.854266468736128,4.854266468736128,22.979143880561928
1953-07-01,12.7,80.44101468872039,-52.369496881596675,28.071517807123712,-15.371517807123709,15.371517807123709,22.994433969693176
1953-08-01,33.6,80.38711033099793,-50.006560428365226,30.3805499026327,3.2194500973673,3.2194500973673,23.051403251212317
1953-09-01,28.0,80.35795826498718,-50.30321764821431,30.054740616772868,-2.054740616772861,2.054740616772861,20.484937606233768
1953-10-01,12.3,80.35126096220624,-46.46848356334951,33.88277739885673,-21.582777398856734,21.582777398856734,20.592483713712625
1953-11-01,2.5,80.36431796524587,-48.2843163086295,32.080001656616375,-29.580001656616375,29.580001656616375,20.978887412362393
1953-12-01,3.9,80.39410169719767,-51.713618047829286,28.680483649368384,-24.780483649368385,24.780483649368385,21.20925898051616
1954-01-01,0.4,80.43739900111566,-56.7685577629634,23.668841238152268,-23.26884123815227,23.26884123815227,21.385231526549592
1954-02-01,0.8,80.490896576765,-55.29576207309172,25.195134503673273,-24.395134503673276,24.395134503673276,21.564172133945828
1954-03-01,15.8,80.55125718254196,-53.143092960768854,27.408164221773106,-11.608164221773109,11.608164221773109,21.518831245916072
1954-04-01,2.7,80.6152325677257,-53.03321986259878,27.58201270512692,-24.882012705126918,24.882012705126918,20.582053987326773
1954-05-01,1.2,80.67973095529203,-52.78666753689925,27.893063418392778,-26.693063418392775,26.693063418392775,16.84751786055208
1954-06-01,0.4,80.74184578351431,-58.277460195318355,22.464385588195952,-22.064385588195954,22.064385588195954,13.800743378992088
1954-07-01,7.3,80.79892699252824,-59.48154928950615,21.31737770302209,-14.017377703022092,14.017377703022092,13.547079901138558
1954-08-01,12.6,80.84871959504584,-57.922255014524254,22.926464580521582,-10.326464580521588,10.326464580521588,13.466335921895856
1954-09-01,2.3,80.88937723392573,-60.408544487446186,20.480832746479543,-18.180832746479545,18.180832746479545,12.148989500772414
1954-10-01,10.5,80.91939144264308,-51.98509050908591,28.934300933557168,-18.434300933557168,18.434300933557168,12.075210164745934
1954-11-01,13.4,80.9375889523535,-59.77580185860037,21.161787093753126,-7.761787093753128,7.761787093753128,12.058648524000995
1954-12-01,11.3,80.94313844489304,-58.36467060428196,22.578467840611076,-11.278467840611071,11.278467840611071,11.873051308098916
1955-01-01,33.4,80.93555068764445,-51.21094660262528,29.724604085019173,3.6753959149808253,3.6753959149808253,12.105172669134406
1955-02-01,29.9,80.91463680618929,-49.5345349286166,31.38010187757269,-1.480101877572693,1.480101877572693,12.187667912930262
1955-03-01,7.3,80.88052580249834,-58.746848841668566,22.133676960829774,-14.833676960829777,14.833676960829777,12.161176020041824
1955-04-01,16.4,80.83368493869231,-55.69091622615831,25.142768712534007,-8.742768712534016,8.742768712534016,12.19525993439881
1955-05-01,41.3,80.77479585717936,-49.960746577555895,30.81404927962346,10.485950720376536,10.485950720376536,12.8209314668045
1955-06-01,45.2,80.70462068958058,-46.10987736925891,34.59474332032167,10.605256679678334,10.605256679678334,13.413451648416318
1955-07-01,38.2,80.62401877826284,-54.27783561103194,26.346183167230897,11.853816832769098,11.853816832769098,14.009655457867833
1955-08-01,58.0,80.53398410003987,-45.18194587534563,35.35203822469424,22.64796177530576,22.64796177530576,14.968970673965256
1955-09-01,60.8,80.43561003664176,-36.62639264321945,43.809217393422315,16.99078260657768,16.99078260657768,15.496680679399292
1955-10-01,83.0,80.3300111100366,-35.551386298558555,44.77862481147804,38.22137518852196,38.22137518852196,17.385363270907312
1955-11-01,126.3,80.21827164022557,-53.67254471774989,26.545726922475673,99.75427307752432,99.75427307752432,25.03711169538307
1955-12-01,108.8,80.10143676477695,-25.172219378155155,54.929217386621794,53.87078261337821,53.87078261337821,26.86882092779538
1956-01-01,104.1,79.98049555725729,-42.616228915464916,37.36426664179237,66.73573335820763,66.73573335820763,29.361627200128236
1956-02-01,175.6,79.85635847431759,-30.034614700126006,49.82174377419158,125.77825622580842,125.77825622580842,35.44698750273465
1956-03-01,167.7,79.72985059698883,-31.085353878954592,48.64449671803423,119.05550328196577,119.05550328196577,39.73421819770079
1956-04-01,156.7,79.60176580933518,-8.144539712359418,71.45722609697576,85.24277390302422,85.24277390302422,41.81199366800346
1956-05-01,193.4,79.47288319953367,-9.79119725467335,69.68168594486032,123.71831405513967,123.71831405513967,45.75565607773468
1956-06-01,165.1,79.34394495362149,-12.63381573650131,66.71012921712018,98.38987078287981,98.38987078287981,47.89005415810127
1956-07-01,182.7,79.21563640201357,-17.048324962256782,62.16731143975679,120.53268856024319,120.53268856024319,50.6613139920798
1956-08-01,240.2,79.08859366562717,-39.44080437673916,39.64778928888801,200.55221071111197,200.55221071111197,58.880477593667486
1956-09-01,245.4,78.96339754220969,-3.0052897667765053,75.95810777543319,169.44189222456683,169.44189222456683,63.41050672222444
1956-10-01,219.9,78.8405789417298,17.075297153405,95.9158760951348,123.98412390486521,123.98412390486521,64.68542522781866
1956-11-01,285.0,78.72066084422188,4.6980592853480285,83.4187201295699,201.58127987043008,201.58127987043008,69.52776334637983
1956-12-01,272.0,78.60418872372908,-9.399800192933828,69.20438853079526,202.79561146920474,202.79561146920474,73.68977976076985
1957-01-01,233.7,78.49167762038263,-4.790703309777681,73.70097431060495,159.99902568939504,159.99902568939504,75.06176961672043
1957-02-01,184.5,78.38357838456541,40.36318776323606,118.74676614780148,65.75323385219853,65.75323385219853,73.95572344681314
1957-03-01,222.8,78.2802918400843,29.790946479605484,108.07123831968978,114.72876168031023,114.72876168031023,73.75430566020948
1957-04-01,248.0,78.18221140055502,15.451697841173322,93.63390924172835,154.36609075827167,154.36609075827167,74.08799217595838
1957-05-01,233.0,78.08973769580341,37.64539005573115,115.73512775153455,117.26487224846544,117.26487224846544,73.01831601143756
1957-06-01,284.3,78.00325723299157,43.21635074501464,121.21960797800621,163.08039202199382,163.08039202199382,73.12853126099363
1957-07-01,265.1,77.92307964870623,14.472860490459093,92.39594013916533,172.70405986083472,172.70405986083472,73.50639880856342
1957-08-01,223.7,77.84944915313737,40.78139325845919,118.63084241159656,105.06915758840343,105.06915758840343,72.10367667455779
1957-09-01,334.0,77.78257726200582,57.655146837435176,135.437724099441,198.56227590055903,198.56227590055903,72.72208877858903
1957-10-01,359.4,77.72265450729908,54.18191130204146,131.90456580934054,227.49543419065947,227.49543419065947,74.17101005643642
1957-11-01,298.6,77.66986712905808,32.52822165217758,110.19808878123565,188.40191121876435,188.40191121876435,73.77660758105327
1957-12-01,339.0,77.62439705708451,53.578032209529106,131.20242926661362,207.79757073338638,207.79757073338638,73.5188089193517
1958-01-01,286.7,77.58638700458769,53.871139713680115,131.45752671826781,155.24247328173217,155.24247328173217,71.9119407606382
1958-02-01,233.6,77.55592621396002,72.96743296735754,150.52335918131757,83.07664081868242,83.07664081868242,69.55795789776047
1958-03-01,270.0,77.53309728842305,56.446679686796315,133.97977697521935,136.02022302478065,136.02022302478065,66.23171620605376
1958-04-01,277.6,77.51797314416525,60.90776057530141,138.42573371946668,139.17426628053335,139.17426628053335,62.83121154622363
1958-05-01,248.2,77.51063734072488,46.91779031072994,124.42842765145483,123.77157234854516,123.77157234854516,60.00445746999279
1958-06-01,242.9,77.5111859735579,37.67996772206806,115.19115369562596,127.70884630437405,127.70884630437405,56.866218171803695
1958-07-01,271.0,77.5197274917186,40.647940676111496,118.1676681678301,152.83233183216993,152.83233183216993,53.56838322522723
1958-08-01,283.5,77.53639988883498,53.1388993217767,130.67529921061168,152.82470078938832,152.82470078938832,50.45181383617139
1958-09-01,285.1,77.5613880886164,56.15473798562286,133.71612607423924,151.38387392576078,151.38387392576078,46.424399556933096
1958-10-01,256.9,77.59487207861355,65.7630647591205,143.35793683773403,113.54206316226595,113.54206316226595,43.454287502176335
1958-11-01,215.6,77.63694615495076,67.62431093975815,145.26125709470892,70.33874290529108,70.33874290529108,44.476911145907295
1958-12-01,265.7,77.68758738372257,71.64537677261039,149.33296415633296,116.36703584366701,116.36703584366701,42.25835039098051
1959-01-01,307.7,77.74667511413432,55.540459750274415,133.28713486440873,174.41286513559126,174.41286513559126,40.71659756745765
1959-02-01,202.6,77.81396498052801,75.51367746171115,153.32764244223915,49.27235755776083,49.27235755776083,43.53286145331154
1959-03-01,263.0,77.88911229490914,53.64084062599896,131.5299529209081,131.4700470790919,131.4700470790919,43.4051976098527
1959-04-01,231.3,77.97170449634753,39.4060875238157,117.37779202016323,113.92220797983678,113.92220797983678,42.60692848418195
1959-05-01,243.6,78.06125254119735,41.079029735257436,119.14028227645478,124.45971772354522,124.45971772354522,42.59807866504596
1959-06-01,238.9,78.15715095138057,45.09732157254487,123.25447252392544,115.64552747607456,115.64552747607456,42.18965408885453
1959-07-01,211.9,78.25863215189172,66.93706055801466,145.19569270990638,66.70430729009361,66.70430729009361,43.90494624313662
1959-08-01,282.6,78.36478146018375,36.88175743795474,115.24653889813848,167.3534611018615,167.3534611018615,42.95417208217649
1959-09-01,205.6,78.47464630880873,39.79907057055545,118.27371687936417,87.32628312063582,87.32628312063582,43.52040652981977
1959-10-01,157.7,78.58727305014486,59.66082685333133,138.2480999034762,19.4519000965238,19.4519000965238,47.742586776283126
1959-11-01,175.6,78.70172167891579,48.67996251617152,127.3816841950873,48.21831580491269,48.21831580491269,48.448223313677616
1959-12-01,177.1,78.81701730052193,62.117302215424395,140.93431951594633,36.16568048405368,36.16568048405368,49.29766363519494
1960-01-01,207.2,78.9321453841556,49.37810662212718,128.31025200628278,78.88974799371721,78.88974799371721,49.54690406702574
1960-02-01,149.9,79.04612034040706,58.286906369547346,137.3330267099544,12.566973290045595,12.566973290045595,52.05173243436495
1960-03-01,144.6,79.15795329994529,34.795745569630725,113.95369886957602,30.64630113042398,30.64630113042398,54.2351652859568
1960-04-01,172.7,79.2666491403063,62.88964899853924,142.15629813884556,30.543701861154446,30.543701861154446,55.88300720894168
1960-05-01,169.3,79.3712271424328,38.842576499403975,118.21380364183678,51.086196358163235,51.086196358163235,56.93174144348212
1960-06-01,156.0,79.47072232789506,41.63062879801746,121.10135112591252,34.898648874087485,34.898648874087485,57.8109275660538
1960-07-01,172.4,79.56412296421216,38.65553741854937,118.21966038276153,54.18033961723849,54.18033961723849,57.56987908651404
1960-08-01,190.0,79.65037412989982,14.773465269952014,94.42383939985183,95.57616060014816,95.57616060014816,57.60395538878757
1960-09-01,180.1,79.72840605686066,16.17765673480638,95.90606279166704,84.19393720833294,84.19393720833294,55.551285544101596
1960-10-01,117.3,79.79716117963163,31.874755844013226,111.67191702364485,5.628082976355145,5.628082976355145,53.765922155490905
1960-11-01,126.9,79.85565436443139,37.25292879267771,117.1085831571091,9.79141684289091,9.79141684289091,53.43351134476858
1960-12-01,121.2,79.90303234503651,32.33125982729972,112.23429217233623,8.965707827663778,8.965707827663778,51.48218886741488
1961-01-01,82.1,79.93863490229276,26.102133106498716,106.04076800879147,-23.94076800879148,23.94076800879148,53.38246473287865
1961-02-01,65.4,79.96193066878125,17.019841117763626,96.98177178654487,-31.58177178654487,31.58177178654487,56.67366984050435
1961-03-01,75.2,79.97254993291159,21.431386801509245,101.40393673442084,-26.203936734420836,26.203936734420836,58.467258094136824
1961-04-01,86.9,79.97034515319598,25.569359447251117,105.5397046004471,-18.63970460044709,18.63970460044709,59.421448156591495
1961-05-01,72.3,79.95551794131671,44.0514455973356,124.00696353865231,-51.70696353865232,51.70696353865232,62.069180113179414
1961-06-01,109.5,79.9286246120329,39.922029282550234,119.85065389458313,-10.350653894583132,10.350653894583132,62.39107341076478
1961-07-01,99.3,79.89049627528584,36.38311286875841,116.27360914404426,-16.973609144044254,16.973609144044254,61.73065855917322
1961-08-01,79.2,79.84223068235961,25.067763418489733,104.90999410084935,-25.709994100849343,25.709994100849343,60.989621803933574
1961-09-01,90.1,79.78528255486894,28.223291955146735,108.00857451001568,-17.908574510015683,17.908574510015683,59.632222775713174
1961-10-01,53.7,79.72142572738903,2.877280778171773,82.59870650556081,-28.898706505560803,28.898706505560803,59.84757291876565
1961-11-01,46.5,79.65274875741417,-17.56240644944633,62.090342307967845,-15.590342307967845,15.590342307967845,60.45721807610456
1961-12-01,56.9,79.58152808206984,-18.34645479999413,61.2350732820757,-4.335073282075712,4.335073282075712,59.5042362669559
1962-01-01,55.1,79.51021335846457,-8.304499512114598,71.20571384634997,-16.10571384634997,16.10571384634997,55.32951736359185
1962-02-01,71.7,79.44133288805394,-3.3193904538237957,76.12194243423014,-4.421942434230132,4.421942434230132,55.58682397458693
1962-03-01,64.9,79.37731097012312,-1.2605606870106083,78.11675028311251,-13.216750283112503,13.216750283112503,53.297069699711
1962-04-01,65.9,79.32034393577023,2.8296664953707173,82.15001043114094,-16.250010431140936,16.250010431140936,51.61802417557248
1962-05-01,61.9,79.27234637377616,-4.412782999605005,74.85956337417116,-12.959563374171154,12.959563374171154,48.93852761217428
1962-06-01,59.6,79.23491393232675,-0.5226768181845252,78.71223711414223,-19.112237114142218,19.112237114142218,46.4679813306974
1962-07-01,31.4,79.20929361179536,-15.795388018479104,63.41390559331626,-32.01390559331626,32.01390559331626,46.28975097534755
1962-08-01,31.5,79.19640094479345,-14.661686474512162,64.53471447028129,-33.03471447028129,33.03471447028129,38.61609897681837
1962-09-01,72.7,79.19679432644477,-3.856865147673383,75.33992917877138,-2.639929178771382,2.639929178771382,36.132191401058215
1962-10-01,56.1,79.21065907963136,-21.824973587811893,57.38568549181946,-1.2856854918194642,1.2856854918194642,36.06008019679571
1962-11-01,38.8,79.23783772557414,-22.10617693704083,57.13166078853331,-18.331660788533313,18.331660788533313,35.450346884785766
1962-12-01,33.2,79.27788418522199,-30.33039789241002,48.94748629281197,-15.74748629281197,15.74748629281197,35.09811550475047
1963-01-01,28.7,79.33012263696686,-35.31178204183785,44.01834059512901,-15.318340595129015,15.318340595129015,32.553093974995946
1963-02-01,35.2,79.39366075496334,-38.88708008947915,40.50658066548419,-5.306580665484191,5.306580665484191,32.46852304928123
1963-03-01,24.8,79.46742440870953,-44.38211835196445,35.08530605674508,-10.285306056745085,10.285306056745085,32.0059514925834
1963-04-01,41.7,79.55021979189333,-39.076534096288064,40.47368569560526,1.2263143043947338,1.2263143043947338,31.493303627956266
1963-05-01,61.1,79.64077542109077,-38.007203440560865,41.6335719805299,19.4664280194701,19.4664280194701,30.334018379985274
1963-06-01,51.2,79.7378101190798,-31.187370271964905,48.55043984711489,2.6495601528851154,2.6495601528851154,29.59436244653929
1963-07-01,28.7,79.84004475032827,-28.114184213004222,51.72586053732405,-23.02586053732405,23.02586053732405,27.87657385458031
1963-08-01,47.5,79.94619184408694,-25.287972993824187,54.658218850262756,-7.158218850262756,7.158218850262756,21.517032306197034
1963-09-01,55.2,80.05499646508098,-31.38763219237471,48.667364272706266,6.532635727293737,6.532635727293737,14.466650479499814
1963-10-01,50.1,80.16529802097564,-36.43659327705213,43.72870474392351,6.371295256076493,6.371295256076493,14.494325741624019
1963-11-01,33.7,80.27605472903034,-43.529649940065255,36.74640478896508,-3.046404788965077,3.046404788965077,14.072840127959923
1963-12-01,21.6,80.38635478780198,-47.775159321929856,32.61119546587212,-11.01119546587212,11.01119546587212,13.557487907075988
1964-01-01,22.6,80.49545493630718,-51.500366607073815,28.99508832923337,-6.39508832923336,6.39508832923336,13.496800500610851
1964-02-01,25.3,80.60278418046468,-43.334524097252064,37.26826008321262,-11.968260083212613,11.968260083212613,13.128015834077768
1964-03-01,24.1,80.70791755897677,-44.507974243814864,36.19994331516191,-12.099943315161909,12.099943315161909,12.923650853036401
1964-04-01,12.9,80.81051604374221,-49.01155453395845,31.79896150978376,-18.89896150978376,18.89896150978376,12.927327546532178
1964-05-01,14.3,80.91036875503026,-57.09615397679524,23.81421477823502,-9.514214778235015,9.514214778235015,11.031495256872551
1964-06-01,13.5,81.00736948949806,-61.24890946492941,19.75846002456865,-6.258460024568649,6.258460024568649,11.061383970982154
1964-07-01,4.8,81.10147148951192,-59.78807435470322,21.313397134808703,-16.5133971348087,16.5133971348087,11.054631957676737
1964-08-01,13.8,81.19266744552888,-53.5094557514446,27.683211694084285,-13.883211694084281,13.883211694084281,10.77908714927482
1964-09-01,7.0,81.28099684260734,-58.912072019537064,22.368924823070273,-15.368924823070273,15.368924823070273,10.739001101593193
1964-10-01,9.2,81.36653598963572,-57.09780208719476,24.268733902440964,-15.068733902440968,15.068733902440968,10.306559333425326
1964-11-01,11.1,81.4493929227552,-56.09329346342316,25.356099459332036,-14.256099459332034,14.256099459332034,10.289285825703237
1964-12-01,22.1,81.52969588224197,-60.588696950586424,20.940998931655542,1.159001068344466,1.159001068344466,10.419272121576814
1965-01-01,25.4,81.60758238553606,-63.10178149713295,18.505800888403115,6.89419911159689,6.89419911159689,10.739823506439036
1965-02-01,20.8,81.68319549841814,-62.311375074005426,19.371820424412718,1.4281795755872793,1.4281795755872793,10.861597966269683
1965-03-01,17.5,81.75668678824736,-58.12023252431995,23.636454263927412,-6.136454263927405,6.136454263927405,10.852459579549292
1965-04-01,10.2,81.82820515490961,-55.36908557989168,26.45911957501793,-16.259119575017934,16.259119575017934,10.852631446616252
1965-05-01,34.5,81.89789021137177,-56.28356388037831,25.614326330993464,8.885673669006536,8.885673669006536,11.234000889008978
1965-06-01,23.3,81.9658727959484,-63.97648555083565,17.989387245112752,5.310612754887245,5.310612754887245,11.310836940332734
1965-07-01,17.3,82.03229599698263,-64.45784801908405,17.574447977898572,-0.2744479778985749,0.2744479778985749,10.583334618485315
1965-08-01,13.3,82.09732475854034,-60.389757935477746,21.707566823062592,-8.407566823062595,8.407566823062595,9.59715729789812
1965-09-01,24.5,82.16112389675475,-63.50074117094033,18.660382725814415,5.839617274185585,5.839617274185585,9.79008270304486
1965-10-01,29.1,82.22384850477852,-52.94795185345524,29.27589665132328,-0.1758966513232849,0.1758966513232849,9.80708904302166
1965-11-01,22.8,82.28564661415548,-59.98934260314115,22.296304011014335,0.5036959889856689,0.5036959889856689,9.629620557527279
1965-12-01,24.7,82.34667020712543,-60.14575650692455,22.20091370020088,2.4990862997991172,2.4990862997991172,9.551883810438815
1966-01-01,40.3,82.4070781791302,-47.490902442875665,34.91617573625453,5.383824263745467,5.383824263745467,9.532412983286578
1966-02-01,35.3,82.4670396514305,-49.10481627574008,33.36222337569042,1.9377766243095778,1.9377766243095778,9.588282984165483
1966-03-01,36.4,82.52675307536524,-55.73711542353487,26.78963765183037,9.61036234816963,9.61036234816963,9.796520486492183
1966-04-01,69.0,82.58644079950159,-52.82404311882976,29.762397680671825,39.237602319328175,39.237602319328175,12.108482228799703
1966-05-01,64.2,82.64633658351777,-47.21050179834547,35.4358347851723,28.764165214827713,28.764165214827713,12.67742472578851
1966-06-01,67.7,82.70669219425429,-43.293563759327,39.41312843492729,28.286871565072715,28.286871565072715,13.646324223778512
1966-07-01,80.2,82.76775281563171,-51.345141434188854,31.422611381442856,48.77738861855714,48.77738861855714,15.53915299577387
1966-08-01,72.6,82.82976457483394,-42.10262774042205,40.727136834411894,31.8728631655881,31.8728631655881,16.337224646160713
1966-09-01,71.1,82.89297846583864,-29.191121044506488,53.70185742133215,17.398142578667844,17.398142578667844,16.532186536305943
1966-10-01,81.2,82.95762038504509,-31.72831524025278,51.229305144792306,29.970694855207697,29.970694855207697,17.174244398087666
1966-11-01,81.0,83.02388066391045,-49.57223333092397,33.451647332986475,47.54835266701353,47.54835266701353,18.71278580320034
1966-12-01,99.8,83.09190891485353,-19.011849654491144,64.08005926036239,35.71994073963761,35.71994073963761,19.264699715891833
1967-01-01,157.0,83.16179790428558,-38.95751999873321,44.20427790555237,112.79572209444763,112.79572209444763,26.21243071199133
1967-02-01,132.6,83.23358098479363,-28.669115768930578,54.56446521586305,78.03553478413693,78.03553478413693,28.408110083438558
1967-03-01,158.3,83.30724079108909,-22.224486439730036,61.08275435135905,97.21724564864097,97.21724564864097,31.54190344464222
1967-04-01,98.4,83.38273042684762,1.011003642989269,84.39373406983688,14.006265930163124,14.006265930163124,31.033934786963254
1967-05-01,122.5,83.459979248526,-1.6864085410466312,81.77357070747937,40.726429292520635,40.726429292520635,31.03359205134169
1967-06-01,95.4,83.53891888944426,-7.58966765991076,75.9492512295335,19.450748770466504,19.450748770466504,30.79426478513646
1967-07-01,129.5,83.61950398655557,-10.051440342043252,73.56806364451232,55.93193635548769,55.93193635548769,30.90682301932871
1967-08-01,151.8,83.70165515706475,-31.102534897160563,52.59912025990418,99.20087974009581,99.20087974009581,33.13186181322189
1967-09-01,108.7,83.78523846239692,10.89310033712164,94.67833879951856,14.021661200481446,14.021661200481446,32.53697135812523
1967-10-01,125.0,83.87007724267794,31.32134724302206,115.1914244857,9.808575514300003,9.808575514300003,31.9645912035976
1967-11-01,133.6,83.9559454991175,22.752915075344898,106.7088605744624,26.891139425537588,26.891139425537588,31.29779902659038
1967-12-01,179.0,84.04257924338522,3.167651173460882,87.2102304168461,91.7897695831539,91.7897695831539,32.94131346581924
1968-01-01,172.5,84.12966555066751,7.404292640887822,91.53395819155533,80.96604180844466,80.96604180844466,33.925900258532764
1968-02-01,158.5,84.21686713442624,64.92635977422776,149.14322690865401,9.356773091346,9.356773091346,33.764446592506744
1968-03-01,130.5,84.30383714808441,53.01976524618448,137.3236023942689,-6.823602394268889,6.823602394268889,33.78542816070756
1968-04-01,115.0,84.39022576506788,37.001142741319555,121.39136850638744,-6.391368506387437,6.391368506387437,33.440964261260795
1968-05-01,180.0,84.47568673325766,55.00942607814652,139.48511281140418,40.51488718859582,40.51488718859582,33.2887781749471
1968-06-01,156.2,84.55985206138732,64.80781907358798,149.3676711349753,6.832328865024692,6.832328865024692,33.25649198572106
1968-07-01,136.2,84.64234369551646,20.342632789127098,104.98497648464355,31.215023515356435,31.215023515356435,32.82715118061242
1968-08-01,154.8,84.72279435096692,62.90753861333333,147.63033296430024,7.16966703569976,7.16966703569976,32.38337873228237
1968-09-01,166.0,84.80084767472995,83.4201503917757,168.22099806650567,-2.2209980665056577,2.2209980665056577,32.59735350903033
1968-10-01,152.5,84.87616074595846,74.95689746848244,159.83305821444088,-7.3330582144408964,7.3330582144408964,32.81954161700865
1968-11-01,121.7,84.94842385081056,51.71353086706139,136.66195471787194,-14.961954717871933,14.961954717871933,33.33651457736
1968-12-01,155.5,85.01736161638979,77.81008623814355,162.82744785453335,-7.327447854533347,7.327447854533347,33.617744973385214
1969-01-01,147.8,85.0827251463084,74.57581336426573,159.65853851057415,-11.858538510574121,11.858538510574121,34.1120678387738
1969-02-01,170.5,85.14428796078795,96.93448691933274,182.0787748801207,-11.57877488012069,11.57877488012069,34.5075611969931
1969-03-01,192.3,85.20185221610397,72.5172134639059,157.71906568000986,34.580934319990135,34.580934319990135,34.33387697643669
1969-04-01,151.1,85.25526584147244,79.21609149959625,164.47135734106868,-13.371357341068688,13.371357341068688,35.07700841227789
1969-05-01,169.9,85.30443204115491,61.029602177468554,146.33403421862346,23.565965781376548,23.565965781376548,35.09023063116923
1969-06-01,150.1,85.34926728882523,35.82046220339521,121.16972949222044,28.930270507779554,28.930270507779554,35.08990760625995
1969-07-01,137.1,85.38968415157562,56.5397705739224,141.92945472549803,-4.8294547254980245,4.8294547254980245,35.373161253613794
1969-08-01,138.8,85.42559620037387,69.77571759991785,155.20131380029173,-16.401313800291717,16.401313800291717,36.11934450530759
1969-09-01,129.3,85.45693339286449,71.2748875872206,156.7318209800851,-27.431820980085078,27.431820980085078,37.195475427500625
1969-10-01,135.4,85.4836405060533,69.12855447093445,154.61219497698775,-19.212194976987746,19.212194976987746,37.91006544394981
1969-11-01,132.4,85.50568413157549,70.68409195368884,156.18977608526433,-23.78977608526432,23.78977608526432,38.49283481649869
1969-12-01,138.6,85.52307279080112,70.87517719482919,156.39824998563031,-17.79824998563032,17.79824998563032,38.97080038660503
1970-01-01,157.9,85.53585401680382,59.51793825432016,145.053792271124,12.846207728876024,12.846207728876024,35.610107970630985
1970-02-01,180.8,85.54411622172604,84.65391968360584,170.1980359053319,10.601964094668133,10.601964094668133,34.07805581380855
1970-03-01,145.7,85.5479742455105,56.10642215861791,141.65439640412842,4.045603595871583,4.045603595871583,31.11771502247207
1970-04-01,155.1,85.54756786075792,41.83808835071018,127.3856562114681,27.71434378853189,27.71434378853189,31.213013629168007
1970-05-01,180.5,85.54306944547585,40.38701994246171,125.93008938793756,54.56991061206244,54.56991061206244,31.64077942126313
1970-06-01,151.3,85.5346607086254,43.56499610872336,129.09965681734877,22.200343182651253,22.200343182651253,31.657994118557347
1970-07-01,159.3,85.5225320445054,65.20695825685519,150.72949030136058,8.570509698639427,8.570509698639427,30.836021238949144
1970-08-01,131.7,85.50686771479697,36.987036425008235,122.49390413980521,9.206095860194793,9.206095860194793,27.028690476267375
1970-09-01,140.8,85.48786400943271,38.64821661737939,124.1360806268121,16.66391937318791,16.66391937318791,27.043191261183342
1970-10-01,122.6,85.46571958968302,55.36258126388437,140.82830085356738,-18.228300853567404,18.228300853567404,27.45495740469412
1970-11-01,134.8,85.44062297449646,47.856429077523735,133.2970520520202,1.5029479479798198,1.5029479479798198,27.31876318864096
1970-12-01,118.2,85.41273538493908,57.793531540774936,143.20626692571403,-25.006266925714016,25.006266925714016,23.889537135226767
1971-01-01,129.2,85.38221705158313,41.43881262816455,126.82102967974768,2.378970320252307,2.378970320252307,20.079355035262083
1971-02-01,111.8,85.34926225355045,48.00313418590314,133.3523964394536,-21.552396439453595,21.552396439453595,20.46892740258833
1971-03-01,85.9,85.31408224464388,27.566861175097433,112.88094341974131,-26.98094341974131,26.98094341974131,20.99778020998072
1971-04-01,101.6,85.27691184126168,50.65349600069933,135.930407841961,-34.33040784196101,34.33040784196101,21.811871993602246
1971-05-01,81.5,85.23800716930494,31.557967282771212,116.79597445207615,-35.29597445207615,35.29597445207615,21.553949591488742
1971-06-01,70.7,85.19762129797351,32.92345306523057,118.12107436320409,-47.42107436320408,47.42107436320408,22.846756092965627
1971-07-01,114.7,85.15603719229021,33.569686622374746,118.72572381466496,-4.025723814664957,4.025723814664957,22.10232098422601
1971-08-01,87.0,85.11356371658472,11.79921687846138,96.9127805950461,-9.912780595046101,9.912780595046101,22.049767941881736
1971-09-01,71.3,85.07053522539269,10.643393474265386,95.71392869965807,-24.41392869965808,24.41392869965808,22.307743345520507
1971-10-01,73.4,85.02733060662689,24.915340342277112,109.94267094890401,-36.542670948904,36.542670948904,22.932365232145425
1971-11-01,89.5,84.98438940040617,27.270013435693127,112.2544028360993,-22.754402836099302,22.754402836099302,23.06147816839929
1971-12-01,116.5,84.94219028678904,23.08573495635769,108.02792524314674,8.47207475685326,8.47207475685326,23.178296742887152
1972-01-01,87.0,84.9012383764842,17.302786055167456,102.20402443165166,-15.20402443165166,15.20402443165166,23.212473356118153
1972-02-01,125.3,84.86207337848961,7.596265782042723,92.45833916053233,32.841660839467664,32.841660839467664,24.03438772819016
1972-03-01,113.5,84.82528658674882,10.01080513906288,94.8360917258117,18.6639082741883,18.6639082741883,23.442536270411484
1972-04-01,89.6,84.79147014703811,11.859563890072499,96.6510340371106,-7.051034037110611,7.051034037110611,23.397765173135173
1972-05-01,113.9,84.761204889822,30.026292159983754,114.78749704980575,-0.8874970498057451,0.8874970498057451,22.91514551161089
1972-06-01,124.7,84.73509421469535,23.818168362686702,108.55326257738206,16.146737422617946,16.146737422617946,22.469100356542686
1972-07-01,108.3,84.71375356382693,21.51769930433264,106.23145286815956,2.0685471318404325,2.0685471318404325,22.503063841800902
1972-08-01,108.9,84.6978031562805,13.400557197011516,98.09836035329201,10.801639646707983,10.801639646707983,22.571415247744586
1972-09-01,90.7,84.68785132143364,11.017028073817823,95.70487939525147,-5.004879395251464,5.004879395251464,22.224514660912998
1972-10-01,86.9,84.6844999342442,-7.1787934650233876,77.50570646922081,9.394293530779194,9.394293530779194,22.16835182525018
1972-11-01,59.2,84.68832099659018,-25.639683327637485,59.04863766895269,0.15136233104730934,0.15136233104730934,21.88371711229378
1972-12-01,64.3,84.69983702601107,-24.05104737211544,60.648789653895626,3.6512103461043637,3.6512103461043637,21.741833124373773
1973-01-01,61.8,84.71952388712418,-18.214245689853584,66.5052781972706,-4.7052781972706015,4.7052781972706015,21.60207734720592
1973-02-01,60.9,84.7478187460471,-13.029762982633937,71.71805576341316,-10.81805576341317,10.81805576341317,21.53390392705059
1973-03-01,65.4,84.78509909815047,-11.237093528177287,73.54800556997318,-8.14800556997318,8.14800556997318,21.51891320445333
1973-04-01,81.8,84.83169693669903,-5.362670782378078,79.46902615432096,2.33097384567904,2.33097384567904,20.885349977153023
1973-05-01,60.3,84.88789883063177,-13.519225627220708,71.36867320341106,-11.068673203411066,11.068673203411066,18.35072551353836
1973-06-01,56.1,84.953967509521,-12.931551102690314,72.02241640683067,-15.922416406830678,15.922416406830678,17.787482314686176
1973-07-01,33.2,85.03011165399332,-26.450208798387436,58.57990285560588,-25.379902855605877,25.379902855605877,17.852748097718067
1973-08-01,36.6,85.11647449445114,-26.531783304129192,58.58469119032195,-21.984691190321946,21.984691190321946,17.76662537636248
1973-09-01,84.1,85.21315302562753,-13.927161300624478,71.28599172500306,12.814008274996937,12.814008274996937,17.62155382164583
1973-10-01,43.7,85.32023739941138,-31.096527085141094,54.22371031427029,-10.52371031427029,10.52371031427029,17.548542950380785
1973-11-01,34.3,85.43780446733375,-32.83387243472717,52.60393203260658,-18.303932032606582,18.303932032606582,17.53850536354753
1973-12-01,33.3,85.56589469755663,-39.151394853598504,46.414499843958126,-13.114499843958129,13.114499843958129,17.3390198910187
1974-01-01,39.4,85.70448410880924,-42.10616182078443,43.59832228802481,-4.198322288024812,4.198322288024812,17.253860304863206
1974-02-01,37.3,85.853501105897,-45.70024632539667,40.153254780500326,-2.853254780500336,2.853254780500336,17.141295428197825
1974-03-01,30.9,86.0128464456478,-50.91356510727063,35.09928133837717,-4.199281338377176,4.199281338377176,16.850739677184013
1974-04-01,57.5,86.18237304248854,-45.7939650946589,40.388407947829634,17.111592052170366,17.111592052170366,16.70734635685621
1974-05-01,56.3,86.3619105182354,-42.629359316630634,43.73255120160477,12.567448798395233,12.567448798395233,16.2280988468934
1974-06-01,51.5,86.5512579261538,-37.3078364667866,49.2434214593672,2.256578540632802,2.256578540632802,14.535411784059082
1974-07-01,79.1,86.7501950633935,-36.231192856078934,50.51900220731457,28.580997792685423,28.580997792685423,15.48942359148361
1974-08-01,47.9,86.95849212930844,-35.05439389913397,51.90409823017447,-4.004098230174463,4.004098230174463,15.441417758448168
1974-09-01,57.2,87.17591081004093,-41.013421473694365,46.16248933634657,11.037510663653435,11.037510663653435,15.12984147054077
1974-10-01,67.2,87.40220509261263,-44.22727832222769,43.17492677038494,24.02507322961506,24.02507322961506,14.474426742104747
1974-11-01,35.9,87.63713003143432,-49.03848320733095,38.598646824103376,-2.6986468241033776,2.6986468241033776,13.942327777703419
1974-12-01,29.6,87.88040921217586,-51.85860378640883,36.021805425767035,-6.421805425767033,6.421805425767033,13.927477670813472
1975-01-01,27.3,88.13170303750259,-56.30778475860789,31.823918278894702,-4.523918278894698,4.523918278894698,13.698963360633385
1975-02-01,16.7,88.39062496952991,-50.74819546698005,37.64242950254986,-20.942429502549857,20.942429502549857,13.00047961124978
1975-03-01,16.9,88.65678264998051,-50.64617576399438,38.010606885986135,-21.110606885986144,21.110606885986144,12.983473564071042
1975-04-01,7.7,88.92979720189861,-53.16360667239806,35.76619052950055,-28.066190529500545,28.066190529500545,13.672588775964659
1975-05-01,13.1,89.20930245976487,-59.10329975009752,30.10600270966735,-17.006002709667356,17.006002709667356,13.87881934704135
1975-06-01,16.7,89.49488570718194,-63.08591835695665,26.40896735022529,-9.708967350225294,9.708967350225294,13.524065954485927
1975-07-01,40.4,89.78605923833143,-61.97786845008972,27.80819078824171,12.591809211758289,12.591809211758289,13.764345463397818
1975-08-01,56.7,90.08223916923924,-55.508762565189585,34.57347660404966,22.126523395950343,22.126523395950343,14.220690415939657
1975-09-01,20.3,90.38277624433226,-60.68978076203941,29.69299548229285,-9.392995482292847,9.392995482292847,14.25613198392994
1975-10-01,13.6,90.68696431150919,-58.70651145834172,31.980452853167463,-18.38045285316747,18.38045285316747,14.304612711597034
1975-11-01,27.9,90.99405733789925,-57.65325404877757,33.34080328912168,-5.440803289121675,5.440803289121675,14.288526583045039
1975-12-01,11.6,91.30331222929817,-61.922556095001234,29.380756134296938,-17.780756134296936,17.780756134296936,14.399747314890226
1976-01-01,11.9,91.6140243226681,-63.10366932580101,28.510354996867093,-16.610354996867088,16.610354996867088,14.534594763449867
1976-02-01,6.4,91.92555415511815,-63.36434199425654,28.561212160861608,-22.16121216086161,22.16121216086161,14.783192577185348
1976-03-01,31.5,92.23729981876727,-59.89665521689457,32.3406446018727,-0.8406446018726967,0.8406446018726967,14.794586174147788
1976-04-01,27.3,92.54870205337946,-55.757900976886816,36.79080107649264,-9.490801076492644,9.490801076492644,14.753796833584731
1976-05-01,18.2,92.85917434337148,-56.98888504729925,35.87028929607223,-17.670289296072227,17.670289296072227,14.865232848769775
1976-06-01,17.9,93.16809455147545,-64.23221598246876,28.93587856900669,-11.035878569006698,11.035878569006698,14.791459460770152
1976-07-01,2.9,93.47481589131604,-64.14396289371425,29.330852997601795,-26.43085299760179,26.43085299760179,14.832641976078829
1976-08-01,24.1,93.77867769374527,-60.71812738204407,33.0605503117012,-8.960550311701198,8.960550311701198,14.578370190271972
1976-09-01,20.0,94.0790111037932,-63.10717576121998,30.97183534257323,-10.971835342573229,10.971835342573229,14.272394434652877
1976-10-01,29.7,94.37515044206698,-51.105248210337095,43.26990223172989,-13.569902231729884,13.569902231729884,14.309547075985318
1976-11-01,7.9,94.66644096062393,-56.42089946174498,38.24554149887895,-30.345541498878944,30.345541498878944,14.739910624013811
1976-12-01,22.3,94.95225524469846,-58.04626593516999,36.90598930952847,-14.605989309528468,14.605989309528468,14.761624946249038
1977-01-01,23.8,95.23199849321828,-45.69127055597096,49.540727937247325,-25.74072793724733,25.74072793724733,15.103969657528042
1977-02-01,33.3,95.50510628612277,-48.33021700119343,47.174889284929336,-13.874889284929338,13.874889284929338,15.129967233903121
1977-03-01,13.0,95.77104536575351,-52.75013409768132,43.02091126807219,-30.020911268072183,30.020911268072183,15.585483226648446
1977-04-01,19.0,96.02931529917247,-50.473993066448436,45.55532223272403,-26.555322232724038,26.555322232724038,15.27246241183692
1977-05-01,27.0,96.27945535414143,-46.32511460501827,49.95434074912316,-22.954340749123162,22.954340749123162,14.970483765038253
1977-06-01,54.9,96.52105290186725,-43.271315611389554,53.2497372904777,1.650262709522309,1.650262709522309,14.956420006627068
1977-07-01,30.6,96.75374072418505,-47.96724158965434,48.78649913453071,-18.186499134530706,18.186499134530706,13.446291174714103
1977-08-01,43.0,96.97720662674791,-41.78630201921099,55.19090460753692,-12.190904607536922,12.190904607536922,13.384948836098872
1977-09-01,62.4,97.19118373324538,-25.13011802419636,72.06106570904902,-9.661065709049026,9.661065709049026,12.811304382864703
1977-10-01,62.1,97.39546743396252,-31.362344374930956,66.03312305903157,-3.9331230590315727,3.9331230590315727,11.30495216733514
1977-11-01,41.6,97.58991916267976,-45.68482040583118,51.90509875684858,-10.30509875684858,10.30509875684858,11.175704468363207
1977-12-01,61.4,97.7744495636323,-16.159238391680375,81.61521117195193,-20.215211171951935,20.215211171951935,11.16987122955393
1978-01-01,73.7,97.9490161744088,-35.8104287934455,62.138587380963294,11.561412619036702,11.561412619036702,11.847570695869614
1978-02-01,132.6,98.11360128417384,-26.847227502713526,71.26637378146032,61.33362621853969,61.33362621853969,17.091990257265785
1978-03-01,108.4,98.26820493752629,-15.487157088634776,82.78104784889152,25.618952151108488,25.618952151108488,18.045594719133355
1978-04-01,141.2,98.41283085800686,3.962357110682987,102.37518796868984,38.82481203131013,38.82481203131013,19.481299463236567
1978-05-01,117.1,98.54748437972862,2.2279428022293777,100.775427181958,16.324572818042,16.324572818042,19.819730087731735
1978-06-01,134.6,98.67220105701759,-7.216894610559566,91.45530644645802,43.14469355354197,43.14469355354197,21.48996035040285
1978-07-01,99.7,98.78704122064936,-5.2117503278568975,93.57529089279245,6.124709107207551,6.124709107207551,21.36197257656967
1978-08-01,82.4,98.89209476611862,-23.614492973298237,75.27760179282038,7.122398207179629,7.122398207179629,20.948474529098007
1978-09-01,195.7,98.98752917857098,20.863652937961795,119.85118211653278,75.8488178834672,75.8488178834672,24.98195732194472
1978-10-01,177.1,99.07355922412242,38.93248370267062,138.00604292679304,39.09395707320695,39.09395707320695,25.83379842947472
1978-11-01,138.5,99.15043462896382,39.921042124450345,139.07147675341417,-0.57147675341416,0.57147675341416,25.828150630028656
1978-12-01,173.9,99.21843321313597,13.549497306937765,112.76793052007373,61.13206947992629,61.13206947992629,27.72030533275812
1979-01-01,235.9,99.27786826639047,19.27200483953635,118.54987310592682,117.35012689407318,117.35012689407318,33.725892097820854
1979-02-01,194.7,99.32910673053384,88.74850096970289,188.07760770023674,6.622392299763263,6.622392299763263,33.427263501620615
1979-03-01,195.3,99.37258314785534,75.6819406398079,175.05452378766324,20.24547621233677,20.24547621233677,33.50982865043357
1979-04-01,143.7,99.40878877161255,57.885039089963456,157.293827861576,-13.593827861576017,13.593827861576017,33.56887736632778
1979-05-01,190.3,99.43823518207994,72.21927144118702,171.65750662326695,18.642493376733057,18.642493376733057,33.40427194505361
1979-06-01,211.7,99.46149528184137,86.16678893685584,185.62828421869722,26.071715781302785,26.071715781302785,33.42645932436187
1979-07-01,225.7,99.47918609988531,29.23400895941073,128.71319505929603,96.98680494070393,96.98680494070393,36.08756605444647
1979-08-01,201.4,99.49194189964226,84.98376057204388,184.47570247168613,16.924297528313872,16.924297528313872,35.94094499335911
1979-09-01,266.9,99.50040579133095,108.96926029352102,208.46966608485195,58.43033391514801,58.43033391514801,36.55820225526354
1979-10-01,263.6,99.50519183255054,95.28574137568515,194.79093320823569,68.80906679176434,68.80906679176434,37.389971943729805
1979-11-01,259.5,99.5068624693783,70.02294845458754,169.52981092396584,89.97018907603415,89.97018907603415,38.51705598198973
1979-12-01,249.6,99.50597544543815,101.6599884951033,201.16596394054147,48.434036059458535,48.434036059458535,38.376462071829714
1980-01-01,226.1,99.50306606133213,94.29468256416337,193.7977486254955,32.30225137450449,32.30225137450449,37.57663139336548
1980-02-01,219.4,99.49864915915434,119.45541851458958,218.9540676737439,0.44593232625608437,0.44593232625608437,37.25604251495924
1980-03-01,178.7,99.49319409123464,87.43691840962028,186.93011250085493,-8.23011250085493,8.23011250085493,36.54353194473054
1980-04-01,232.2,99.48712129695888,96.92120738803592,196.40832868499479,35.79167131500519,35.79167131500519,35.57259253264465
1980-05-01,254.7,99.48080829393967,75.03524446567906,174.51605275961873,80.18394724038126,80.18394724038126,35.74154784923869
1980-06-01,222.7,99.47455959368945,37.51655223356954,136.99111182725898,85.708888172741,85.708888172741,36.703556722380746
1980-07-01,192.9,99.46864511526576,72.2388814357457,171.70752655101145,21.19247344898855,21.19247344898855,35.79155471856841
1980-08-01,191.7,99.46330131846278,85.46837098341962,184.9316723018824,6.768327698117588,6.768327698117588,35.26698335656849
1980-09-01,219.6,99.45869317432795,85.58342267857005,185.042115852898,34.557884147102016,34.557884147102016,34.538538183012015
1980-10-01,233.3,99.45491794847524,71.80424576468377,171.259163713159,62.040836286841,62.040836286841,34.261871093794426
1980-11-01,209.5,99.45202327315032,71.9529014661252,171.40492473927551,38.0950752607245,38.0950752607245,33.37053650455599
1980-12-01,246.9,99.45000383326999,69.25284983746285,168.70285367073285,78.19714632926718,78.19714632926718,32.625835055253866
1981-01-01,156.6,99.44880890822931,62.18674111304068,161.63555002126998,-5.035550021269998,5.035550021269998,33.139279065258364
1981-02-01,189.9,99.4483437089753,92.03218635963452,191.48053006860982,-1.5805300686098178,1.5805300686098178,33.564307727260385
1981-03-01,196.6,99.44849744483396,58.65508560382753,158.1035830486615,38.4964169513385,38.4964169513385,33.509344689902825
1981-04-01,225.3,99.44913309096661,45.20219004343961,144.65132313440623,80.6486768655938,80.6486768655938,34.28174786101177
1981-05-01,194.7,99.45008282794313,40.80667143061425,140.25675425855738,54.44324574144261,54.44324574144261,34.168661608755265
1981-06-01,131.6,99.45114392366995,41.62218406698562,141.07332799065557,-9.473327990655577,9.473327990655577,35.11903910395565
1981-07-01,205.3,99.45207018122963,62.46750130853269,161.91957148976232,43.38042851023769,43.38042851023769,34.69915353871325
1981-08-01,242.5,99.45258427739573,36.704163204831715,136.15674748222744,106.34325251777254,106.34325251777254,36.00736163711157
1981-09-01,245.3,99.45238573131678,37.74845142236649,137.20083715368327,108.09916284631674,108.09916284631674,37.258228540910295
1981-10-01,216.2,99.45114187041467,50.15859067586344,149.6097325462781,66.59026745372189,66.59026745372189,37.46362342547556
1981-11-01,186.0,99.44847707831897,47.019535547038664,146.46801262535763,39.53198737464237,39.53198737464237,36.70562559464747
1981-12-01,195.4,99.44395231498912,53.080882826836984,152.5248351418261,42.8751648581739,42.8751648581739,36.59622088965155
1982-01-01,149.8,99.43705529732885,33.253710109411564,132.6907654067404,17.109234593259586,17.109234593259586,34.620924953139294
1982-02-01,230.9,99.42727717162933,36.84777531503691,136.27505248666625,94.62494751333378,94.62494751333378,35.20591303620625
1982-03-01,221.1,99.414113734702,19.669538703903026,119.08365243860503,102.01634756139498,102.01634756139498,36.26968607268872
1982-04-01,170.3,99.39702878010662,37.96617384715047,137.3632026272571,32.93679737274293,32.93679737274293,34.888293151581784
1982-05-01,119.3,99.3754304371046,23.790816864959556,123.16624730206415,-3.866247302064153,3.866247302064153,35.610522406683636
1982-06-01,163.7,99.34871303596056,23.82898455752735,123.1776975934879,40.52230240651208,40.52230240651208,35.45289432209109
1982-07-01,139.4,99.3162658159956,27.224251450814258,126.54051726680987,12.859482733190148,12.859482733190148,34.83540345120381
1982-08-01,161.9,99.27744054632213,8.351895012663675,107.6293355589858,54.270664441014205,54.270664441014205,34.538629437037706
1982-09-01,167.4,99.231617840381,4.466138956579272,103.69775679696028,63.70224320303973,63.70224320303973,34.60498260911279
1982-10-01,134.3,99.17822167925833,17.120804373467667,116.29902605272599,18.00097394727402,18.00097394727402,34.68038359548737
1982-11-01,127.5,99.11670335082115,16.718080683826535,115.8347840346477,11.665215965352303,11.665215965352303,34.19923894096226
1982-12-01,169.0,99.0465891685921,13.804629095641506,112.85121826423361,56.14878173576639,56.14878173576639,34.26273404333788
1983-01-01,115.5,98.96747539935474,8.102638881267492,107.07011428062224,8.429885719377765,8.429885719377765,34.69478376647557
1983-02-01,73.1,98.87904612246386,-1.9158641393847997,96.96318198307907,-23.863181983079073,23.863181983079073,35.74480817056416
1983-03-01,88.7,98.78108865337198,-1.224971629581558,97.55611702379042,-8.856117023790418,8.856117023790418,35.76968518390552
1983-04-01,109.6,98.67346130193667,-2.213245581045278,96.4602157208914,13.139784279108596,13.139784279108596,36.06522918471521
1983-05-01,132.5,98.55607014136243,15.863572208398166,114.4196423497606,18.080357650239407,18.080357650239407,35.597667869585614
1983-06-01,131.5,98.42886878032857,7.63994215244553,106.0688109327741,25.4311890672259,25.4311890672259,34.73676321110672
1983-07-01,108.9,98.29185257135337,6.488176089402089,104.78002866075546,4.119971339244543,4.119971339244543,35.07577760727264
1983-08-01,96.0,98.14504376059948,2.160724880058518,100.305768640658,-4.305768640658002,4.305768640658002,35.392717927988635
1983-09-01,69.9,97.98852752360392,-5.731590079623036,92.25693744398089,-22.356937443980883,22.356937443980883,36.722249411645606
1983-10-01,72.5,97.82245392704121,-17.248466457150343,80.57398746989087,-8.073987469890866,8.073987469890866,37.09315215636574
1983-11-01,45.7,97.64705236017362,-33.73311040150405,63.91394195866957,-18.213941958669565,18.213941958669565,38.04047380458522
1983-12-01,45.6,97.46267617411405,-29.907537164819512,67.55513900929454,-21.95513900929454,21.95513900929454,38.17314793212803
1984-01-01,74.8,97.26982126881298,-27.795712608796446,69.47410866001653,5.325891339983471,5.325891339983471,37.951515079018066
1984-02-01,110.2,97.06907847686101,-22.620390595141664,74.44868788171934,35.751312118280666,35.751312118280666,37.60656836788644
1984-03-01,116.7,96.86109562029768,-21.363583536734854,75.49751208356282,41.20248791643718,41.20248791643718,37.627101912651945
1984-04-01,90.4,96.64652173566469,-13.814101178898596,82.8324205567661,7.56757944323391,7.56757944323391,36.772444901555914
1984-05-01,96.9,96.42598654357298,-22.888024025296573,73.5379625182764,23.362037481723604,23.362037481723604,36.494459355379966
1984-06-01,65.1,96.20009383155819,-25.77535844464602,70.42473538691218,-5.324735386912181,5.324735386912181,36.38236352169496
1984-07-01,55.7,95.96941556976306,-36.90912017891002,59.060295390853035,-3.3602953908530395,3.3602953908530395,36.61869491253865
1984-08-01,35.0,95.73452091391466,-37.699493170968225,58.03502774294644,-23.03502774294644,23.03502774294644,34.793448485398294
1984-09-01,22.6,95.49600922179638,-23.8873649866177,71.60864423517869,-49.00864423517868,49.00864423517868,33.545332676346575
1984-10-01,12.6,95.2544975506311,-40.70744474196135,54.54705280866975,-41.947052808669746,41.947052808669746,33.91613671920169
1984-11-01,26.5,95.01059021688904,-43.701268501842215,51.30932171504683,-24.809321715046835,24.809321715046835,34.271599184922316
1984-12-01,21.4,94.76485137767169,-47.68847234549348,47.07637903217821,-25.676379032178218,25.676379032178218,34.47153616476333
1985-01-01,17.8,94.51785683093976,-49.1226410635467,45.39521576739306,-27.595215767393057,27.595215767393057,35.05128371868902
1985-02-01,20.7,94.27018047207997,-52.23230529885946,42.03787517322051,-21.33787517322051,21.33787517322051,32.26142071845319
1985-03-01,16.9,94.0223430988572,-57.459988937502544,36.56235416135466,-19.662354161354656,19.662354161354656,28.094109710294664
1985-04-01,20.4,93.77477918765403,-52.358557463736794,41.41622172391724,-21.01622172391724,21.01622172391724,27.907116225397438
1985-05-01,32.4,93.52782448428593,-47.09344034162961,46.43438414265632,-14.034384142656322,14.034384142656322,28.017489679291902
1985-06-01,28.3,93.28171868290895,-43.43745769407161,49.844260988837334,-21.544260988837337,21.544260988837337,27.453617092605636
1985-07-01,39.9,93.0366031290924,-44.40681870266457,48.629784426427825,-8.729784426427827,8.729784426427827,27.39610778560011
1985-08-01,10.1,92.79251018457711,-44.879606292622846,47.912903891954265,-37.812903891954264,37.812903891954264,26.3884532766164
1985-09-01,4.3,92.54938461207958,-50.6582392976234,41.891145314456175,-37.59114531445618,37.59114531445618,24.35672704740089
1985-10-01,22.0,92.30708945740257,-51.898369303071966,40.4087201543306,-18.408720154330595,18.408720154330595,24.079010720148517
1985-11-01,17.9,92.06546384565151,-54.713522486989305,37.3519413586622,-19.45194135866221,19.45194135866221,23.94149910144526
1985-12-01,15.8,91.82435153090047,-56.35828346215062,35.466068068749856,-19.66606806874985,19.66606806874985,21.325543413464285
1986-01-01,2.8,91.58357402941978,-61.13336627258723,30.450207756832548,-27.65020775683255,27.65020775683255,21.27539811392005
1986-02-01,27.9,91.34291507631146,-58.2513610102396,33.09155406607186,-5.191554066071859,5.191554066071859,21.18394758006448
1986-03-01,13.8,91.10210875037488,-56.80851249036488,34.29359626001,-20.493596260009994,20.493596260009994,21.244829945635065
1986-04-01,22.4,90.86083312943357,-57.693096310402346,33.16773681903123,-10.767736819031228,10.767736819031228,20.840030022542084
1986-05-01,16.1,90.61873084552136,-61.31819431289151,29.30053653262985,-13.200536532629854,13.200536532629854,20.209042456056448
1986-06-01,0.6,90.37545500145423,-65.21788468888454,25.15757031256969,-24.557570312569695,24.557570312569695,19.22266646269794
1986-07-01,18.1,90.13069050005764,-64.11992150170134,26.010768998356298,-7.910768998356289,7.910768998356289,19.00424587584123
1986-08-01,9.9,89.88419429861545,-57.74205904120842,32.142135257407034,-22.24213525740703,22.24213525740703,18.97231932215132
1986-09-01,5.1,89.6358445864214,-62.98994165085467,26.64590293556673,-21.54590293556673,21.54590293556673,18.963454118846347
1986-10-01,40.1,89.38560032262309,-60.33386674686666,29.05173357575643,11.048266424243579,11.048266424243579,19.416283107337613
1986-11-01,15.4,89.13348635144271,-59.5913009803083,29.542185371134416,-14.142185371134417,14.142185371134417,19.403802727403324
1986-12-01,5.8,88.87956883400095,-63.74463311040965,25.134935723591298,-19.3349357235913,19.3349357235913,19.378159103627382
1987-01-01,9.8,88.6239692803959,-63.37642866372135,25.24754061667455,-15.447540616674544,15.447540616674544,19.094478797031172
1987-02-01,3.4,88.36686306797432,-65.01534903145175,23.351514036522573,-19.951514036522568,19.951514036522568,17.049893835601704
1987-03-01,17.4,88.10843720538941,-62.04067675029079,26.067760455098615,-8.667760455098616,8.667760455098616,14.018313321280226
1987-04-01,46.0,87.84887307320139,-56.34223157692934,31.506641496272046,14.493358503727961,14.493358503727961,14.413769533036884
1987-05-01,39.1,87.58837421696329,-57.95977730880487,29.62859690815842,9.47140309184158,9.47140309184158,13.448193324040368
1987-06-01,18.8,87.32715803508256,-64.81970189098915,22.50745614409341,-3.7074561440934133,3.7074561440934133,13.493235914928137
1987-07-01,38.2,87.06544686733636,-64.23248713891108,22.83295972842528,15.367040271574723,15.367040271574723,14.390071812078466
1987-08-01,47.9,86.80346400576451,-61.13265938589525,25.67080461986926,22.229195380130733,22.229195380130733,15.768543104357192
1987-09-01,42.2,86.54144119695673,-62.86431250327606,23.677128693680665,18.52287130631933,18.52287130631933,15.727650851229033
1987-10-01,63.4,86.27962416930394,-49.32584190645456,36.95378226284938,26.44621773715062,26.44621773715062,16.369439098096393
1987-11-01,48.8,86.01827729051062,-53.05687908154904,32.96139820896158,15.838601791038414,15.838601791038414,16.860236091298788
1987-12-01,29.1,85.7576599412706,-56.39931296897832,29.35834697229228,-0.2583469722922729,0.2583469722922729,16.757488975683287
1988-01-01,70.5,85.49803584773812,-44.19912648386973,41.29890936386839,29.20109063613161,29.20109063613161,17.72232660320416
1988-02-01,45.4,85.23969426233323,-48.007259162556124,37.232435099777106,8.1675649002229,8.1675649002229,17.801283837439215
1988-03-01,91.2,84.98291575733936,-49.97804476177504,35.00487099556432,56.19512900443567,56.19512900443567,20.627115071832627
1988-04-01,108.8,84.72795132762084,-47.80978681507867,36.91816451254218,71.88183548745783,71.88183548745783,24.167429727239853
1988-05-01,74.2,84.47505246274719,-45.1095636336446,39.36548882910259,34.834511170897414,34.834511170897414,24.900031127993888
1988-06-01,124.3,84.22447923295772,-42.14985959879003,42.07461963416769,82.22538036583231,82.22538036583231,28.31982406014965
1988-07-01,131.4,83.97647847467726,-44.811923384483336,39.16455509019393,92.23544490980606,92.23544490980606,32.07072608664127
1988-08-01,139.4,83.73126383092769,-40.92464541538694,42.80661841554075,96.59338158445927,96.59338158445927,34.78534290439337
1988-09-01,142.7,83.48905001165397,-20.63935347752279,62.84969653413118,79.85030346586879,79.85030346586879,35.912257061909465
1988-10-01,156.5,83.25006456853787,-29.862513270923976,53.38755129761389,103.11244870238612,103.11244870238612,38.683976892545616
1988-11-01,156.8,83.01452697495947,-41.65473490713777,41.359792067821694,115.44020793217831,115.44020793217831,41.737274972834285
1988-12-01,231.2,82.7826591060118,-12.564142368385092,70.21851673762671,160.98148326237327,160.98148326237327,47.53473604183553
1989-01-01,210.1,82.55468368837339,-31.328155862812746,51.22652782556064,158.87347217443934,158.87347217443934,51.82469937026166
1989-02-01,208.7,82.3308420592047,-20.844727678814046,61.48611438039065,147.21388561960936,147.21388561960936,55.13717568695134
1989-03-01,170.4,82.11140746754931,-6.562900972211033,75.54850649533827,94.85149350466172,94.85149350466172,55.3240972576311
1989-04-01,166.3,81.89669287930761,10.278667179294256,92.17536005860187,74.12463994139816,74.12463994139816,55.09789675403587
1989-05-01,195.4,81.68701436328124,8.95974115719735,90.64675552047859,104.75324447952141,104.75324447952141,55.47167610414766
1989-06-01,284.5,81.48265543094254,-3.1640316400528157,78.31862379088973,206.18137620911028,206.18137620911028,60.72804786280383
1989-07-01,180.5,81.28388865523658,1.4267813171690418,82.71066997240563,97.78933002759439,97.78933002759439,60.51776641711413
1989-08-01,232.0,81.09100540764143,-15.59555688219885,65.49544852544258,166.50455147455742,166.50455147455742,62.177521418487295
1989-09-01,225.1,80.90429028604375,32.26379329300971,113.16808357905346,111.93191642094654,111.93191642094654,61.404043173267056
1989-10-01,212.2,80.72403158140577,46.53284785008499,127.25687943149076,84.94312056850924,84.94312056850924,60.96893383217823
1989-11-01,238.2,80.55048714999552,56.940752015840935,137.49123916583645,100.70876083416354,100.70876083416354,59.88591154672971
1989-12-01,211.4,80.38390527001302,26.2410376878057,106.62494295781872,104.7750570421813,104.7750570421813,58.45810374360986
1990-01-01,227.4,80.224481538811,32.46622100259668,112.69070254140769,114.70929745859232,114.70929745859232,57.14261696224384
1990-02-01,171.8,80.07232520805297,111.56060729256332,191.63293250061628,-19.83293250061628,19.83293250061628,57.13717503636568
1990-03-01,191.7,79.92749808434444,98.0298096077257,177.95730769207012,13.742692307929858,13.742692307929858,56.351110049013975
1990-04-01,189.7,79.79003861468678,78.50705371323726,158.29709232792402,31.402907672075955,31.402907672075955,55.92253730245539
1990-05-01,175.2,79.6599344773119,88.8057567491026,168.4656912264145,6.7343087735854965,6.7343087735854965,56.0131364888643
1990-06-01,153.3,79.53709617185486,107.11401783742461,186.65111400927947,-33.351114009279456,33.351114009279456,57.372954921458344
1990-07-01,191.1,79.42133240272231,38.307040274264246,117.72837267698657,73.37162732301344,73.37162732301344,56.54320160251124
1990-08-01,252.1,79.31237168497721,106.92943455831956,186.24180624329676,65.85819375670322,65.85819375670322,55.872231746222845
1990-09-01,169.1,79.20991798681598,134.0791128094037,213.2890307962197,-44.1890307962197,44.1890307962197,58.59176656935048
1990-10-01,199.4,79.11361159472519,115.18408519006766,194.29769678479283,5.102303215207158,5.102303215207158,59.18299568884982
1990-11-01,178.8,79.0230648154434,88.09739346050232,167.12045827594574,11.679541724054289,11.679541724054289,59.30084438706438
1990-12-01,197.1,78.93787860194838,125.19994361443952,204.13782221638792,-7.037822216387909,7.037822216387909,59.548597420555474
1991-01-01,195.3,78.85764616237084,113.33674024999401,192.19438641236485,3.105613587635162,3.105613587635162,60.24257484346796
1991-02-01,240.3,78.78195719873241,141.21224401740102,219.99420121613343,20.305798783866578,20.305798783866578,59.910801010497856
1991-03-01,197.0,78.71040363977623,101.07172955009017,179.78213318986639,17.2178668101336,17.2178668101336,60.551089992374884
1991-04-01,197.6,78.64255944394043,114.3090541835779,192.95161362751833,4.648386372481667,4.648386372481667,61.54530384499047
1991-05-01,166.9,78.57799645334377,88.64615993398534,167.22415638732912,-0.32415638732911134,0.32415638732911134,62.37512808681908
1991-06-01,224.7,78.51626930844564,39.273658999135115,117.78992830758077,106.91007169241924,106.91007169241924,62.67150427060202
1991-07-01,240.2,78.45687261675748,87.90043710065007,166.35730971740753,73.84269028259244,73.84269028259244,62.548475279491704
1991-08-01,240.8,78.39927711413971,100.88757876904698,179.2868558831867,61.513144116813336,61.513144116813336,62.36529347730642
1991-09-01,168.9,78.34295588239058,99.68285656005041,178.025812442441,-9.125812442440989,9.125812442440989,63.5985303244584
1991-10-01,197.1,78.28741396545017,74.30311656567527,152.59053053112544,44.509469468874556,44.509469468874556,63.33615973705139
1991-11-01,159.5,78.23222844875269,72.20507847451408,150.43730692326676,9.062693076733225,9.062693076733225,63.30365919512513
1991-12-01,212.6,78.17699766447582,67.3627169959479,145.53971466042373,67.06028533957625,67.06028533957625,60.91753656467613
1992-01-01,198.3,78.12131136663376,63.955589120041736,142.0769004866755,56.22309951332451,56.22309951332451,58.38615332787853
1992-02-01,230.7,78.06472283782223,98.96624477190137,177.0309676097236,53.6690323902764,53.6690323902764,56.18853590405744
1992-03-01,151.0,78.00676198217684,61.037936173961306,139.04469815613814,11.95530184386186,11.95530184386186,56.08235433295059
1992-04-01,142.2,77.94692893093554,47.91456638281284,125.86149531374838,16.33850468625161,16.33850468625161,56.19121200841026
1992-05-01,94.3,77.88469563423833,40.38760445955347,118.2723000937918,-23.9723000937918,23.9723000937918,56.579441518492665
1992-06-01,98.5,77.81957442635093,39.19876342097321,117.01833784732413,-18.518337847324133,18.518337847324133,50.283658540913706
1992-07-01,114.2,77.75120706505521,58.352373487249736,136.10358055230495,-21.903580552304945,21.903580552304945,50.195686284361564
1992-08-01,91.9,77.67941375497756,36.18305855914624,113.8624723141238,-21.962472314123794,21.962472314123794,45.7153823994962
1992-09-01,94.0,77.6041792517396,36.13296101684756,113.73714026858715,-19.737140268587154,19.737140268587154,44.19458977676429
1992-10-01,133.4,77.52567168984278,44.14703847767159,121.67271016751437,11.727289832485624,11.727289832485624,43.079709676770044
1992-11-01,129.6,77.44421645855178,45.803935506657936,123.24815196520971,6.3518480347902795,6.3518480347902795,41.10846047192301
1992-12-01,122.0,77.36027292527137,47.78998164470074,125.1502545699721,-3.1502545699721054,3.1502545699721054,38.723645049577485
1993-01-01,81.4,77.27437797681446,24.444978709754096,101.71935668656856,-20.319356686568554,20.319356686568554,35.541523777934245
1993-02-01,127.8,77.18711950169687,25.307972999857263,102.49509250155413,25.30490749844587,25.30490749844587,35.08197493125967
1993-03-01,102.4,77.0991372585672,11.423933653749632,88.52307091231683,13.87692908768318,13.87692908768318,35.08174121754218
1993-04-01,94.4,77.01111075171237,24.774764114046977,101.78587486575934,-7.385874865759334,7.385874865759334,35.189054621790724
1993-05-01,78.8,76.9237747499825,15.662804742027916,92.58657949201042,-13.786579492010418,13.786579492010418,35.48956753519179
1993-06-01,69.6,76.83791491315682,14.08576476402677,90.9236796771836,-21.3236796771836,21.3236796771836,35.08242597331474
1993-07-01,80.4,76.75434716112272,19.736312394199903,96.49065955532262,-16.090659555322617,16.090659555322617,33.95338257331148
1993-08-01,62.5,76.67392528138194,4.463725576965071,81.13765085834702,-18.637650858347016,18.637650858347016,33.04295203372313
1993-09-01,31.2,76.5975139580802,-2.04486174229741,74.55265221578279,-43.35265221578279,43.35265221578279,33.00417584840442
1993-10-01,71.1,76.52597756732314,8.939826757633318,85.46580432495645,-14.365804324956464,14.365804324956464,33.24243960167559
1993-11-01,48.2,76.46014640424156,5.798423549708402,82.25856995394996,-34.058569953949956,34.058569953949956,34.013457974607306
1993-12-01,68.4,76.4007841164787,3.8347821979905357,80.23556631446924,-11.835566314469233,11.835566314469233,34.083453255401494
1994-01-01,84.9,76.3485244130153,-1.0232025797429936,75.3253218332723,9.574678166727708,9.574678166727708,34.074600497526326
1994-02-01,54.9,76.30382602765137,-11.59513403721224,64.70869199043912,-9.80869199043913,9.80869199043913,34.135034279346584
1994-03-01,47.5,76.2669750265023,-12.467622904022013,63.79935212248028,-16.29935212248028,16.29935212248028,34.31134850049742
1994-04-01,27.4,76.238108388816,-16.502801074884356,59.73530731393164,-32.33530731393165,32.33530731393165,34.91048815791156
1994-05-01,29.8,76.21720485175881,1.7642733900950214,77.98147824185384,-48.181478241853824,48.181478241853824,36.022958050347974
1994-06-01,39.7,76.2040439202413,-8.457082509474608,67.7469614107667,-28.04696141076669,28.04696141076669,31.772288606658115
1994-07-01,50.6,76.19822441485363,-8.358277999942217,67.83994641491141,-17.239946414911408,17.239946414911408,29.26735727947706
1994-08-01,34.3,76.19917890872804,-8.899399718365753,67.29977919036229,-32.99977919036229,32.99977919036229,27.565373103968838
1994-09-01,40.5,76.2061991026725,-21.97995987853226,54.226239224140244,-13.726239224140244,13.726239224140244,27.595854078724837
1994-10-01,67.1,76.21845448765721,-27.101417598563327,49.11703688909388,17.982963110906113,17.982963110906113,26.568556306760314
1994-11-01,29.5,76.23499625569596,-41.71164045009678,34.52335580559918,-5.023355805599181,5.023355805599181,26.446392793086282
1994-12-01,32.2,76.2547921860316,-35.709559016455366,40.54523316957623,-8.345233169576218,8.345233169576218,23.27209233132386
1995-01-01,32.6,76.27676418805646,-36.94444365857877,39.33232052947769,-6.73232052947769,6.73232052947769,20.48182931284405
1995-02-01,45.8,76.29978393305083,-31.968277032987476,44.33150690006336,1.4684930999366372,1.4684930999366372,17.466652579681817
1995-03-01,46.3,76.32271925818215,-31.2935306699434,45.029188588238746,1.270811411761244,1.270811411761244,17.144243807850046
1995-04-01,21.6,76.34445438244941,-22.37584020035416,53.96861418209525,-32.36861418209526,32.36861418209526,16.77717265118504
1995-05-01,19.4,76.36395504296885,-32.197251072954295,44.16670397001456,-24.76670397001456,24.76670397001456,16.7923087082837
1995-06-01,22.5,76.38029854395177,-38.68859199544522,37.691706548506545,-15.191706548506545,15.191706548506545,16.771274469868928
1995-07-01,20.4,76.3926778321241,-46.91662262911933,29.476055203004762,-9.076055203004756,9.076055203004756,16.71495145507969
1995-08-01,18.2,76.40037058875184,-48.09991775738657,28.30045283136527,-10.100452831365274,10.100452831365274,16.64469701364625
1995-09-01,15.7,76.40275882223318,-34.089787646409256,42.312971175823925,-26.61297117582393,26.61297117582393,16.770164158142162
1995-10-01,30.6,76.39931137803704,-50.182521167586025,26.216790210451016,4.383209789548985,4.383209789548985,16.50840200924034
1995-11-01,14.0,76.38957320003136,-54.18609316620546,22.203480033825905,-8.203480033825898,8.203480033825898,16.201222980646367
1995-12-01,14.9,76.37317367816442,-55.84274281644261,20.53043086172181,-5.6304308617218055,5.6304308617218055,16.16245671357926
1996-01-01,13.3,76.3498548892392,-55.949206660051225,20.400648229187972,-7.100648229187968,7.100648229187968,16.14804940183723
1996-02-01,7.7,76.31947984993123,-58.42177407893821,17.897705770993014,-10.19770577099301,10.19770577099301,14.77308203945417
1996-03-01,12.6,76.28199731170868,-63.72058915689761,12.561408154811069,0.03859184518893244,0.03859184518893244,14.198639196350657
1996-04-01,6.8,76.2374459673628,-58.84953739235964,17.38790857500316,-10.587908575003155,10.587908575003155,14.164200972401096
1996-05-01,7.6,76.18594378278902,-51.62547595169547,24.560467831093554,-16.960467831093553,16.960467831093553,14.17034438834687
1996-06-01,16.5,76.12770939157653,-49.61007291534157,26.517636476234962,-10.01763647623497,10.01763647623497,14.139082253032448
1996-07-01,11.8,76.06304366629665,-52.56712624968379,23.495917416612862,-11.695917416612858,11.695917416612858,14.140764502448032
1996-08-01,19.7,75.99230382938529,-54.6035338526723,21.388769976712993,-1.6887699767129902,1.6887699767129902,14.264298084965235
1996-09-01,3.0,75.91591883243646,-60.35609841276881,15.559820419667652,-12.559820419667652,12.559820419667652,13.318038500943262
1996-10-01,0.7,75.83438465094527,-59.64381933691508,16.190565314030188,-15.490565314030185,15.490565314030185,13.323387056986371
1996-11-01,24.9,75.74819117588139,-60.199005351509356,15.549185824372032,9.350814175627974,9.350814175627974,13.301958226899442
1996-12-01,14.0,75.657825097693,-60.79700024131771,14.860824856375295,-0.8608248563753023,0.8608248563753023,13.419779680086418
1997-01-01,7.4,75.56377929083857,-65.77463059791575,9.789148692922822,-2.3891486929228165,2.3891486929228165,13.032760482607983
1997-02-01,11.0,75.46655759528974,-65.2573721366,10.209185458689745,0.7908145413102545,0.7908145413102545,13.191944648848647
1997-03-01,12.1,75.36668338928725,-62.427085645793376,12.93959774349387,-0.8395977434938686,0.8395977434938686,13.27438393724888
1997-04-01,23.0,75.26470759258551,-61.96063507941214,13.304072513173367,9.695927486826633,9.695927486826633,13.176418441082035
1997-05-01,25.4,75.16121767565875,-63.16824752931649,11.992970146342259,13.407029853657747,13.407029853657747,11.975072735291121
1997-06-01,20.8,75.05683098711103,-67.14468237698976,7.912148610121264,12.887851389878733,12.887851389878733,11.955341964072526
1997-07-01,12.9,74.95217119873638,-65.9870071106019,8.965164088134486,3.9348359118655196,3.9348359118655196,11.948382404615424
1997-08-01,35.7,74.84783940582129,-59.95917676698085,14.888662638840437,20.811337361159573,20.811337361159573,11.868254686046559
1997-09-01,59.7,74.74438800771593,-64.98944919145089,9.754938816265039,49.945061183734964,49.945061183734964,14.85672325652611
1997-10-01,32.8,74.64235715009602,-61.37080387973176,13.271553270364258,19.528446729635732,19.528446729635732,14.921055676226691
1997-11-01,50.4,74.54229474549433,-61.143776899693556,13.398517845800775,37.00148215419922,37.00148215419922,16.328869181156307
1997-12-01,55.5,74.44469625131998,-65.24231507407936,9.202381177240625,46.297618822759375,46.297618822759375,18.13753706127626
1998-01-01,44.5,74.3499657045721,-63.31167947165283,11.038286232919269,33.46171376708074,33.46171376708074,18.944948475758274
1998-02-01,50.2,74.25844196199182,-66.38428681421985,7.8741551477719725,42.32584485222803,42.32584485222803,20.16528222602992
1998-03-01,82.0,74.17044490720636,-64.04371991957596,10.126724987630396,71.87327501236959,71.87327501236959,23.282441955701493
1998-04-01,70.6,74.08627493618701,-56.44925902833009,17.63701590785692,52.962984092143074,52.962984092143074,23.81345883059946
1998-05-01,74.0,74.0062077365159,-58.585257186567134,15.42095054994877,58.57904945005123,58.57904945005123,24.735117203474662
1998-06-01,90.5,73.93048812707967,-65.12976029556447,8.800727831515204,81.6992721684848,81.6992721684848,27.21201939347348
1998-07-01,96.7,73.85931685013945,-63.98856384914253,9.87075300099692,86.82924699900308,86.82924699900308,29.73201976538575
1998-08-01,121.1,73.79287305491302,-61.25852099162642,12.534352063286597,108.5656479367134,108.5656479367134,33.34011115274017
1998-09-01,132.0,73.73135065204222,-62.34836623515845,11.382984416883772,120.61701558311621,120.61701558311621,36.661629356574714
1998-10-01,78.5,73.67496314749087,-47.10944449603871,26.56551865145216,51.93448134854785,51.93448134854785,36.886559604154854
1998-11-01,97.3,73.62389378266754,-49.38191278259284,24.241981000074695,73.0580189999253,73.0580189999253,37.421949455864954
1998-12-01,119.2,73.57831068414164,-54.622701618887724,18.955609065253917,100.24439093474608,100.24439093474608,39.070884210999324
1999-01-01,86.0,73.53836000068425,-42.422444729468,31.115915271216252,54.88408472878375,54.88408472878375,38.8482168143891
1999-02-01,98.0,73.50411714528443,-47.42001965815419,26.084097487130236,71.91590251286976,71.91590251286976,38.85230017907723
1999-03-01,103.5,73.47559837657386,-46.83792124033443,26.637677136239425,76.86232286376057,76.86232286376057,39.15907279173505
1999-04-01,93.6,73.45278240102756,-44.895704640845224,28.557077760182338,65.04292223981766,65.04292223981766,38.721301704135854
1999-05-01,149.6,73.43559494752655,-43.850111809753386,29.585483137773167,120.01451686222681,120.01451686222681,40.05839868565767
1999-06-01,207.2,73.42391380334217,-41.09580891714059,32.32810488620159,174.8718951137984,174.8718951137984,45.012132106445875
1999-07-01,173.5,73.41759350861223,-41.796934919116396,31.620658589495832,141.87934141050414,141.87934141050414,46.71990723314373
1999-08-01,142.3,73.41646628967106,-40.210238326219724,33.20622796345134,109.09377203654867,109.09377203654867,46.908572319629194
1999-09-01,106.3,73.42031828204904,-16.093635301030098,57.32668298101894,48.97331701898105,48.97331701898105,45.57412741980803
1999-10-01,168.7,73.42887762125245,-28.590130327560452,44.838747293692,123.86125270630798,123.86125270630798,45.40694914325052
1999-11-01,188.3,73.4418240147466,-37.68394535794487,35.75787865680173,152.5421213431983,152.5421213431983,47.254859611146664
1999-12-01,116.8,73.45880286167622,-9.104526297468162,64.35427656420805,52.44572343579193,52.44572343579193,46.04833838984783
2000-01-01,133.1,73.47943826875817,-26.923570919326796,46.55586734943138,86.54413265056863,86.54413265056863,44.7812503902206
2000-02-01,165.7,73.50330728666935,-14.64294681926895,58.860360467400405,106.83963953259959,106.83963953259959,43.85021155221522
2000-03-01,217.7,73.52997091338754,2.589999936748413,76.11997085013596,141.580029149864,141.580029149864,43.802565948717344
2000-04-01,191.5,73.5589694020242,16.70003565539537,90.25900505741957,101.24099494258043,101.24099494258043,42.67350956408446
2000-05-01,165.9,73.5898445553314,15.638601243877018,89.22844579920842,76.67155420079159,76.67155420079159,41.32890896380705
2000-06-01,188.0,73.62215871676601,0.8679320184355824,74.49009073520159,113.5099092647984,113.5099092647984,40.24623351892702
2000-07-01,244.3,73.65550284473497,7.844956503366301,81.50045934810127,162.79954065189875,162.79954065189875,40.38179070051041
2000-08-01,180.5,73.68949660695958,-7.519070420757732,66.17042618620185,114.32957381379816,114.32957381379816,39.16598970325427
2000-09-01,156.0,73.72378746280434,43.83308208445548,117.55686954725982,38.44313045274019,38.44313045274019,39.521926050248176
2000-10-01,141.6,73.75799851621933,53.4179098978311,127.17590841405044,14.424091585949569,14.424091585949569,39.77792857095485
2000-11-01,158.1,73.79170529370442,73.61640039004499,147.4081056837494,10.691894316250583,10.691894316250583,40.9382061612647
2000-12-01,143.3,73.82442926636402,39.27535234516977,113.09978161153379,30.20021838846621,30.20021838846621,41.4662304069183
2001-01-01,142.6,73.85563649675262,45.74654012474059,119.60217662149321,22.99782337850678,22.99782337850678,41.87484408388973
2001-02-01,121.5,73.88474156261974,133.31105284859763,207.19579441121738,-85.69579441121736,85.69579441121736,50.21180555047957
2001-03-01,165.8,73.91115580420032,120.0366920829205,193.94784788712082,-28.147847887120804,28.147847887120804,53.423171297784904
2001-04-01,161.7,73.93430963349903,99.19952366525746,173.13383329875649,-11.433833298756497,11.433833298756497,55.35292837663244
2001-05-01,142.1,73.95364721972895,104.45175904858984,178.40540626831879,-36.30540626831879,36.30540626831879,58.424686699027845
2001-06-01,202.9,73.96861168020364,127.6069482580963,201.57555993829993,1.3244400617000736,1.3244400617000736,59.65575413036323
2001-07-01,123.0,73.9787183508066,47.05820401832036,121.03692236912696,1.9630776308730304,1.9630776308730304,60.722153099888
2001-08-01,161.5,73.98355677637699,128.37176499348908,202.35532176986607,-40.855321769866066,40.855321769866066,63.05090869742916
2001-09-01,238.2,73.9827419860052,158.7566230876045,232.7393650736097,5.460634926390284,5.460634926390284,63.0978370804736
2001-10-01,194.1,73.97590412171294,134.7157517403403,208.69165586205324,-14.591655862053244,14.591655862053244,64.37256312115102
2001-11-01,176.6,73.9626837222954,106.31351062258464,180.27619434488003,-3.676194344880045,3.676194344880045,65.20953022383986
2001-12-01,213.4,73.94273818398572,148.39909819941576,222.34183638340147,-8.94183638340148,8.94183638340148,65.74276579477927
2002-01-01,184.6,73.91574630562177,131.77120861266766,205.68695491828942,-21.086954918289436,21.086954918289436,66.96532519725855
2002-02-01,170.2,73.88140154660061,162.5550798528189,236.4364813994195,-66.23648139941952,66.23648139941952,69.76318237191947
2002-03-01,147.1,73.83941250772568,113.52648749176223,187.3658999994879,-40.265899999487914,40.265899999487914,71.16204830168729
2002-04-01,186.9,73.7894964911739,131.37175883050605,205.16125532167996,-18.261255321679954,18.261255321679954,71.8801131785459
2002-05-01,187.5,73.7314187533895,101.81335324367623,175.54477199706574,11.955228002934263,11.955228002934263,70.85594656989699
2002-06-01,128.8,73.66504511098414,40.541249793502324,114.20629490448647,14.593705095513556,14.593705095513556,67.12903613260643
2002-07-01,161.0,73.59030938345192,103.39580120468148,176.98611058813339,-15.9861105881334,15.9861105881334,65.16648209592954
2002-08-01,175.6,73.5071832980506,116.29650951672714,189.80369281477775,-14.203692814777753,14.203692814777753,64.23075997834444
2002-09-01,187.9,73.41567413337408,113.77842600375226,187.19410013712633,0.7058998628736646,0.7058998628736646,64.29594017187527
2002-10-01,151.2,73.3158269309534,76.67881132104384,149.99463825199723,1.205361748002744,1.205361748002744,62.24488717058232
2002-11-01,147.2,73.20770863357203,71.75849746712146,144.96620610069348,2.233793899306505,2.233793899306505,58.27710683090018
2002-12-01,135.3,73.09141764062646,65.49966791281739,138.59108555344386,-3.2910855534438355,3.2910855534438355,58.12039421654107
2003-01-01,133.5,72.96707857019199,65.12978973282345,138.09686830301544,-4.596868303015441,4.596868303015441,57.027496351881354
2003-02-01,75.7,72.83488079034797,105.49170074195715,178.3265815323051,-102.62658153230511,102.62658153230511,58.12190854111996
2003-03-01,100.7,72.69514491412338,63.088307397660266,135.78345231178363,-35.08345231178364,35.08345231178364,53.98170300547329
2003-04-01,97.9,72.5482879689196,49.70811636034558,122.25640432926517,-24.356404329265168,24.356404329265168,51.57699667721426
2003-05-01,86.8,72.39481267710765,38.75485277094012,111.14966544804777,-24.349665448047773,24.349665448047773,50.0873733503339
2003-06-01,118.7,72.23531333064453,36.54853057174562,108.78384390239015,9.916156097609857,9.916156097609857,46.11039246945511
2003-07-01,128.3,72.07049468333122,52.95766330536507,125.02815798869628,3.2718420113037325,3.2718420113037325,36.184758070814844
2003-08-01,115.4,71.90114960765118,35.63694208186402,107.5380916895152,7.861908310484807,7.861908310484807,29.583655538201477
2003-09-01,78.5,71.72808833082046,33.952909170798165,105.68099750161862,-27.18099750161862,27.18099750161862,28.401116529734292
2003-10-01,97.8,71.55211362476933,37.54656388938796,109.09867751415729,-11.298677514157298,11.298677514157298,27.997524504720996
2003-11-01,82.9,71.3740316593178,44.03145457483162,115.40548623414941,-32.50548623414941,32.50548623414941,27.82181225109931
2003-12-01,72.2,71.19465023196521,41.955272067409155,113.14992229937437,-40.949922299374364,40.949922299374364,26.999072972897885
2004-01-01,60.6,71.01476661492616,15.0985036678778,86.11327028280397,-25.51327028280396,25.51327028280396,26.11853609008402
2004-02-01,74.6,70.83514143132173,13.702212674032918,84.53735410535465,-9.937354105354657,9.937354105354657,23.49524336773201
2004-03-01,74.8,70.65653052560342,3.0981198168795947,73.754650342483,1.0453496575169936,1.0453496575169936,23.59242072864694
2004-04-01,59.2,70.47965777666225,11.174674036934992,81.65433181359724,-22.454331813597236,22.454331813597236,23.604458873642294
2004-05-01,72.8,70.30520014847649,7.538451275709562,77.84365142418605,-5.043651424186052,5.043651424186052,23.417782874792547
2004-06-01,66.5,70.13377588388947,3.8224107401304286,73.95618662401989,-7.4561866240198995,7.4561866240198995,23.284749723218347
2004-07-01,83.8,69.96593659683599,11.398453933119479,81.36439052995547,2.4356094700445254,2.4356094700445254,23.295046884552825
2004-08-01,69.7,69.80217757154976,0.21621167141385644,70.01838924296362,-0.3183892429636188,0.3183892429636188,23.015313877402633
2004-09-01,48.8,69.64291256846371,-8.58409981264519,61.05881275581852,-12.258812755818525,12.258812755818525,22.765871968517416
2004-10-01,74.2,69.48845791274356,0.6663019770079113,70.15475988975146,4.0452401102485425,4.0452401102485425,22.984483972508148
2004-11-01,70.1,69.33904237227496,-5.201313133719439,64.13772923855552,5.962270761444472,5.962270761444472,23.168439921092947
2004-12-01,28.9,69.19480885292424,-6.897053407556516,62.29775544536773,-33.39775544536772,33.39775544536772,23.369394887746317
2005-01-01,48.1,69.05583020372674,-9.88510877544087,59.17072142828587,-11.070721428285871,11.070721428285871,23.352237811581396
2005-02-01,43.5,68.92210217131284,-21.191414224171723,47.73068794714112,-4.230687947141121,4.230687947141121,21.655287972879844
2005-03-01,39.6,68.79354228994343,-23.58255587165376,45.21098641828967,-5.61098641828967,5.61098641828967,21.164939445290887
2005-04-01,38.7,68.67001761380845,-30.786589140865164,37.883428472943294,0.8165715270567091,0.8165715270567091,21.238643934513114
2005-05-01,61.9,68.55133758980378,-12.151212285483535,56.40012530432024,5.49987469567975,5.49987469567975,21.06300731528475
2005-06-01,56.8,68.43726172575646,-24.515293652672295,43.92196807308416,12.878031926915838,12.878031926915838,21.004130734822148
2005-07-01,62.4,68.32750915885737,-22.85314567201306,45.47436348684431,16.925636513155695,16.925636513155695,21.515606369524352
2005-08-01,60.5,68.221759601905,-19.647779105537566,48.57398049636744,11.92601950363256,11.92601950363256,21.83028580025602
2005-09-01,37.2,68.11965871805614,-37.44757852059424,30.672080197461902,6.527919802538094,6.527919802538094,21.932512105137512
2005-10-01,13.2,68.02083189242643,-36.615163379122656,31.405668513303773,-18.205668513303777,18.205668513303777,21.894070942417862
2005-11-01,27.5,67.92489656803582,-49.29958622497059,18.62531034306523,8.874689656934777,8.874689656934777,22.030147320016297
2005-12-01,59.3,67.83145639318369,-41.15469430039681,26.676762092786873,32.623237907213124,32.623237907213124,23.133057690698536
2006-01-01,20.9,67.74011243354965,-45.61289182922462,22.127220604325032,-1.2272206043250264,1.2272206043250264,23.158629172261016
2006-02-01,5.7,67.65048656801088,-41.151947538728955,26.498539029281922,-20.79853902928192,20.79853902928192,16.869808215998063
2006-03-01,17.3,67.5622330309821,-41.05119332113191,26.511039709850188,-9.211039709850183,9.211039709850183,16.16417794838137
2006-04-01,50.3,67.47506441508473,-30.885447830653035,36.589616584431695,13.710383415568302,13.710383415568302,16.175581964662115
2006-05-01,37.2,67.38874636547962,-41.34620757407064,26.04253879140898,11.15746120859103,11.15746120859103,16.04172834913041
2006-06-01,24.5,67.30308220119358,-51.29970050606675,16.003381695126826,8.49661830487318,8.49661830487318,16.008310832655603
2006-07-01,22.2,67.21792628129184,-56.21937958353328,10.998546697758556,11.201453302241447,11.201453302241447,16.16525161841007
2006-08-01,20.8,67.13318385429602,-57.4426719098524,9.690511944443621,11.109488055556383,11.109488055556383,16.24105552946386
2006-09-01,23.7,67.04879633281553,-44.25141071163131,22.79738562118422,0.9026143788157839,0.9026143788157839,15.74828751466753
2006-10-01,14.9,66.96473572457195,-59.144435134810564,7.820300589761388,7.079699410238618,7.079699410238618,15.767003570746553
2006-11-01,35.7,66.88100339885334,-63.8513133581192,3.0296900407341383,32.670309959265865,32.670309959265865,15.95404491512844
2006-12-01,22.3,66.79762766349887,-63.30737467076235,3.4902529927365222,18.809747007263482,18.809747007263482,14.695652104151566
2007-01-01,29.3,66.7146366455952,-62.20823696387749,4.506399681717717,24.793600318282287,24.793600318282287,14.487503148014113
2007-02-01,18.4,66.63205880968667,-64.02875632875993,2.603302480926743,15.796697519073263,15.796697519073263,14.493607057331571
2007-03-01,7.2,66.54996524672006,-69.43200468899333,-2.8820394422732676,10.08203944227327,10.08203944227327,14.534013633198734
2007-04-01,5.4,66.46847029852266,-65.11650584237981,1.351964456142852,4.048035543857154,4.048035543857154,13.840760992058152
2007-05-01,19.5,66.38770797704224,-56.11124797934076,10.27645999770148,9.22354000229852,9.22354000229852,13.773974211119958
2007-06-01,21.3,66.30783320857343,-55.57382849633641,10.734004712237017,10.565995287762988,10.565995287762988,13.652099248374764
2007-07-01,15.1,66.22902245848742,-60.59069957846533,5.638322880022088,9.461677119977907,9.461677119977907,13.663859744153342
2007-08-01,9.8,66.15148905556853,-63.91474532616527,2.2367437294032655,7.563256270596739,7.563256270596739,13.635266842614516
2007-09-01,4.0,66.07546946734885,-69.84166030555005,-3.7661908382011973,7.766190838201197,7.766190838201197,13.295799382376607
2007-10-01,1.5,66.00121005614776,-67.33132893661457,-1.330118880466813,2.830118880466813,2.830118880466813,13.302499847590266
2007-11-01,2.8,65.92895972537873,-65.26397565068179,0.664984074696946,2.135015925303051,2.135015925303051,13.31799191992701
2007-12-01,17.3,65.85896905055252,-64.84303681154603,1.0159322390064887,16.28406776099351,16.28406776099351,11.594002640678116
2008-01-01,4.1,65.79150348701597,-69.95147096307434,-4.15996747605837,8.259967476058364,8.259967476058364,11.160245325075845
2008-02-01,2.9,65.72685310822673,-71.5241845814717,-5.797331473244967,8.697331473244972,8.697331473244972,10.968472867878376
2008-03-01,15.5,65.66530660069776,-67.1682999953965,-1.5029933946987342,17.002993394698734,17.002993394698734,10.803746493306617
2008-04-01,3.6,65.60713172950464,-65.63002563176572,-0.022893902261074572,3.622893902261069,3.622893902261069,10.754617330302203
2008-05-01,4.6,65.55256214251611,-64.40375878848782,1.1488033540282885,3.451196645971706,3.451196645971706,10.778318239028858
2008-06-01,5.2,65.50179694060066,-68.58370542594216,-3.0819084853415006,8.281908485341503,8.281908485341503,10.755910603067331
2008-07-01,0.6,65.45501613725953,-67.50781432089396,-2.0527981836344225,2.6527981836344168,2.6527981836344168,10.706182631261536
2008-08-01,0.3,65.4123902536416,-62.034072268742676,3.3783179848989278,-3.0783179848989306,3.0783179848989306,10.851357447362656
2008-09-01,1.2,65.374066172098,-66.39823716633182,-1.0241709942338275,2.2241709942338304,2.2241709942338304,10.890153489373471
2008-10-01,4.2,65.34015916153683,-61.807748113655755,3.5324110478810766,0.6675889521189191,0.6675889521189191,10.025051963742664
2008-11-01,6.6,65.31073296833574,-62.10757136470934,3.2031616036264055,3.396838396373596,3.396838396373596,10.057137369949528
2008-12-01,1.0,65.28581584708091,-66.13831536402935,-0.8524995169484413,1.8524995169484413,1.8524995169484413,9.184721965842504
2009-01-01,1.3,65.26540189652454,-62.71574467880044,2.5496572177240964,-1.249657217724092,1.249657217724092,9.185315310637302
2009-02-01,1.2,65.24945555131885,-67.15769581984311,-1.908240268524267,3.10824026852427,3.10824026852427,7.8683751939126925
2009-03-01,0.6,65.23791140778728,-65.72709484950289,-0.48918344171561046,1.0891834417156048,1.0891834417156048,7.400763211703827
2009-04-01,1.2,65.23067768078033,-56.11238883862497,9.118288842155359,-7.918288842155356,7.918288842155356,7.808416273094926
2009-05-01,2.9,65.22766863597532,-58.86257751135088,6.365091124624442,-3.4650911246244434,3.4650911246244434,7.996777322900501
2009-06-01,6.3,65.22881456682292,-64.98144171849646,0.24737284832646367,6.0526271516735335,6.0526271516735335,7.995881753571773
2009-07-01,5.5,65.23405644621015,-63.31499738816303,1.919059058047118,3.580940941952875,3.580940941952875,7.986102483413315
2009-08-01,0.0,65.24332505759266,-61.14066180050491,4.102663257087748,-4.102663257087748,4.102663257087748,8.159025503799255
2009-09-01,7.1,65.25652583835353,-61.6115961643936,3.644929673959922,3.4550703260400724,3.4550703260400724,8.119956860410545
2009-10-01,7.7,65.2735289512418,-44.62612265509649,20.647406296145313,-12.94740629614531,12.94740629614531,8.746263207253543
2009-11-01,6.9,65.29418681363082,-45.347932552907935,19.94625426072288,-13.046254260722883,13.046254260722883,8.057803967469637
2009-12-01,16.3,65.31833916529057,-52.505481319834935,12.812857845455632,3.4871421545443724,3.4871421545443724,7.6901420532095175
2010-01-01,19.5,65.34580593132357,-40.482872100590185,24.862933830733382,-5.3629338307333825,5.3629338307333825,7.0088653970379715
2010-02-01,28.5,65.37639998445427,-46.51738549864937,18.8590144858049,9.640985514195094,9.640985514195094,6.7709794585526515
2010-03-01,24.0,65.40992504521746,-43.418072278074504,21.99185276714296,2.0081472328570413,2.0081472328570413,6.673418857586325
2010-04-01,10.4,65.44617192267376,-41.88445522949329,23.561716693180465,-13.161716693180466,13.161716693180466,7.198573976831849
2010-05-01,13.9,65.48492036054076,-42.763312457002044,22.72160790353871,-8.821607903538712,8.821607903538712,7.35167450627642
2010-06-01,18.8,65.52593233987247,-40.32062514144789,25.205307198424578,-6.40530719842458,6.40530719842458,7.338116769152919
2010-07-01,25.2,65.56896391851721,-38.81372696614258,26.75523695237463,-1.555236952374628,1.555236952374628,7.231521904274443
2010-08-01,29.6,65.61376074096263,-39.68432515544134,25.92943558552129,3.6705644144787044,3.6705644144787044,7.16449757549041
2010-09-01,36.4,65.66006091214228,-11.663406911245872,53.99665400089641,-17.596654000896415,17.596654000896415,7.727788987729069
2010-10-01,33.6,65.70761325428462,-27.69523542338055,38.01237783090407,-4.412377830904077,4.412377830904077,7.76015179827742
2010-11-01,34.4,65.75618613749604,-33.77036130650373,31.985824830992314,2.4141751690076916,2.4141751690076916,7.76215712049357
2010-12-01,24.5,65.80555626805166,-5.901840756361723,59.90371551168994,-35.40371551168994,35.40371551168994,9.345203167592851
2011-01-01,27.3,65.85550573647392,-22.774398033840512,43.0811077026334,-15.781107702633406,15.781107702633406,9.514058624943644
2011-02-01,48.3,65.90584352555287,-8.844604992943541,57.06123853260932,-8.761238532609326,8.761238532609326,9.409307683284563
2011-03-01,78.6,65.95640711227657,11.5474449194129,77.50385203168946,1.0961479683105324,1.0961479683105324,8.834762367634863
2011-04-01,76.1,66.00705712921439,22.474417656829665,88.48147478604406,-12.381474786044059,12.381474786044059,8.909688692344693
2011-05-01,58.2,66.05766784705285,21.730733712747174,87.78840155980004,-29.588401559800026,29.588401559800026,9.86136083088104
2011-06-01,56.1,66.10812855845269,4.256511487449516,70.3646400459022,-14.264640045902205,14.264640045902205,9.770312893918042
2011-07-01,64.5,66.15833875107853,13.800430593024586,79.95876934410312,-15.458769344103118,15.458769344103118,9.847314210059416
2011-08-01,65.8,66.20819040615599,0.532028099645419,66.74021850580141,-0.9402185058014112,0.9402185058014112,9.866873240795323
2011-09-01,120.1,66.25755959405704,55.160060576398216,121.41762017045525,-1.317620170455271,1.317620170455271,9.80887947764181
2011-10-01,125.7,66.30631348692971,59.43998748185041,125.74630096878012,-0.046300968780116136,0.046300968780116136,9.79732246787128
2011-11-01,139.1,66.35434906181955,89.87208778986984,156.22643685168939,-17.12643685168939,17.12643685168939,9.876364377681702
2011-12-01,109.3,66.40160353789904,52.08175489263182,118.48335843053086,-9.183358430530859,9.183358430530859,9.802283223242531
2012-01-01,94.4,66.44805851687141,58.916723787027024,125.36478230389844,-30.96478230389843,30.96478230389843,10.598332074449438
2012-02-01,47.8,66.49371325303042,154.1783717294049,220.6720849824353,-172.8720849824353,172.8720849824353,29.519012615035894
2012-03-01,86.6,66.53857730584193,141.50128929750588,208.0398666033478,-121.43986660334781,121.43986660334781,34.610042642135845
2012-04-01,85.9,66.58265066632244,119.90718790684073,186.48983857316318,-100.58983857316316,100.58983857316316,37.384457430019985
2012-05-01,96.5,66.62592573719023,118.90862549752106,185.53455123471127,-89.03455123471129,89.03455123471129,39.12530615852292
2012-06-01,92.0,66.66839161508769,147.7778790510942,214.44627066618187,-122.44627066618189,122.44627066618189,42.38744732071747
2012-07-01,100.1,66.71004711681007,55.23094633032483,121.9409934471349,-21.840993447134906,21.840993447134906,42.12977549041153
2012-08-01,94.8,66.75090102565545,148.88435421348493,215.63525523914038,-120.83525523914038,120.83525523914038,44.917066946124415
2012-09-01,93.7,66.79095705826742,183.20514628853905,249.99610334680648,-156.2961033468065,156.2961033468065,49.41543107707192
2012-10-01,76.5,66.83023905534318,153.8363794404415,220.6666184957847,-144.1666184957847,144.1666184957847,52.689238689612495
2012-11-01,87.6,66.86878686212958,124.68963040130713,191.5584172634367,-103.95841726343671,103.95841726343671,53.73580515946178
2012-12-01,56.8,66.90664101137713,171.2257903103089,238.13243132168603,-181.33243132168604,181.33243132168604,58.264875277846684
2013-01-01,96.1,66.94384159677428,149.5442739493159,216.48811554609017,-120.38811554609019,120.38811554609019,59.261443712357
2013-02-01,60.9,66.98042582907067,183.39583105471647,250.37625688378714,-189.47625688378713,189.47625688378713,63.029455688877256
2013-03-01,78.3,67.0164522548216,124.75142357388296,191.76787582870458,-113.46787582870456,113.46787582870456,63.130980186376846
2013-04-01,107.3,67.05200026600977,147.97551575495513,215.0275160209649,-107.7275160209649,107.7275160209649,63.290781287451985
2013-05-01,120.2,67.08713348937772,114.42005979250622,181.50719328188393,-61.30719328188394,61.30719328188394,62.727110781649365
2013-06-01,76.7,67.12190986616936,41.13151413368753,108.25342399985689,-31.55342399985689,31.55342399985689,62.25746065885515
2013-07-01,86.2,67.15638721602997,118.50389222745657,185.66027944348656,-99.46027944348654,99.46027944348654,61.75997512355605
2013-08-01,91.8,67.1906204366831,131.5718170362649,198.762437472948,-106.962437472948,106.962437472948,61.102060736145916
2013-09-01,54.5,67.22466748206197,127.93139604918262,195.1560635312446,-140.6560635312446,140.6560635312446,61.757327251363975
2013-10-01,114.4,67.25859949014428,78.62491373250553,145.8835132226498,-31.483513222649805,31.483513222649805,61.10493966368411
2013-11-01,113.9,67.29252007943933,70.62293248981139,137.9154525692507,-24.015452569250712,24.015452569250712,60.362593527827784
2013-12-01,124.2,67.3265793400244,63.60566795296491,130.9322472929893,-6.7322472929893,6.7322472929893,61.02941509657529
2014-01-01,117.0,67.36095837248028,65.70866258712596,133.06962095960625,-16.06962095960624,16.06962095960624,61.02209990310835
2014-02-01,146.1,67.39584255035369,111.2639321922288,178.6597747425825,-32.55977474258249,32.55977474258249,60.46515025475859
2014-03-01,128.7,67.43139525902154,64.63752426198637,132.0689195210079,-3.368919521007925,3.368919521007925,60.31797380911892
2014-04-01,112.5,67.46779851568104,50.46435476840248,117.93215328408351,-5.432153284083519,5.432153284083519,60.52128051421591
2014-05-01,112.5,67.50526712720284,36.04496521578918,103.55023234299202,8.949767657007982,8.949767657007982,61.60003830988954
2014-06-01,102.9,67.54401750957688,33.901555874945075,101.44557338452195,1.4544266154780559,1.4544266154780559,62.05753738716015
2014-07-01,100.2,67.58421715196887,46.49493102253019,114.07914817449907,-13.879148174499058,13.879148174499058,62.09714500834294
2014-08-01,106.9,67.6259765059769,35.25963996213559,102.88561646811249,4.014383531887518,4.014383531887518,62.25786700913025
2014-09-01,130.0,67.66938936254174,31.558169650924675,99.22755901346642,30.772440986533596,30.772440986533596,63.472319817084404
2014-10-01,90.0,67.71455584489311,30.40498754930224,98.11954339419535,-8.119543394195354,8.119543394195354,63.23885106602847
2014-11-01,103.6,67.7677359268871,41.58375140860465,109.35148733549175,-5.751487335491753,5.751487335491753,63.529699716457664
2014-12-01,112.9,67.81536038956702,35.65654929114513,103.47190968071214,9.428090319287861,9.428090319287861,64.09525786622889
2015-01-01,93.0,67.85806309807428,5.440034461474042,73.29809755954832,19.701902440451676,19.701902440451676,65.4618538798678
2015-02-01,66.7,67.89655958923873,2.015786438342506,69.91234602758124,-3.2123460275812334,3.2123460275812334,63.63564535286364
2015-03-01,54.5,67.93155811878462,-5.30149131081325,62.630066807971374,-8.130066807971374,8.130066807971374,63.38122990440191
2015-04-01,75.3,67.9637145808938,-2.72361755810077,65.24009702279302,10.059902977206974,10.059902977206974,63.94824657837954
2015-05-01,88.8,67.99360924563963,-0.29431089746228545,67.69929834817735,21.100701651822646,21.100701651822646,64.9079770690968
2015-06-01,66.5,68.02173505688005,-6.767085933606585,61.25464912327346,5.245350876726533,5.245350876726533,64.44052752265348
2015-07-01,65.8,68.04849827360796,2.4724169933748668,70.52091526698283,-4.7209152669828285,4.7209152669828285,64.70581883760678
2015-08-01,64.4,68.07422898192813,-4.270509133746257,63.80371984818187,0.5962801518181351,0.5962801518181351,63.96478691359875
2015-09-01,78.6,68.09919295879357,-14.84523027535065,53.253962683442914,25.346037316557073,25.346037316557073,62.04504569052584
2015-10-01,63.6,68.12360019061849,-7.531190719041705,60.59240947157679,3.007590528423222,3.007590528423222,59.76829505382908
2015-11-01,62.2,68.1476115826504,-16.013091159772323,52.134520422878076,10.06547957712192,10.06547957712192,59.056983081757025
2015-12-01,58.0,68.17134984054881,-18.27215663879353,49.89919320175528,8.100806798244719,8.100806798244719,53.59359349316746
2016-01-01,57.0,68.19490667516784,-18.500911480349544,49.6939951948183,7.306004805181701,7.306004805181701,51.42679726674099
2016-02-01,56.4,68.21834909995391,-30.50211488035564,37.71623421959827,18.68376578040173,18.68376578040173,43.30184155713815
2016-03-01,54.1,68.24172437580211,-34.40327209966362,33.83845227613849,20.26154772386151,20.26154772386151,40.506131731354095
2016-04-01,37.9,68.26506283101514,-44.839522811322645,23.425540019692498,14.4744599803075,14.4744599803075,37.43869585862247
2016-05-01,51.5,68.28838107583238,-25.757324751231334,42.53105632460104,8.968943675398961,8.968943675398961,36.54553595057177
2016-06-01,20.5,68.31168556149532,-40.54668532202054,27.765000239474787,-7.265000239474787,7.265000239474787,36.33589655434071
2016-07-01,32.4,68.33497598841562,-36.93520130663976,31.39977468177586,1.000225318224139,1.000225318224139,32.80192442686687
2016-08-01,50.2,68.35824864394547,-29.909094283280282,38.44915436066519,11.750845639334813,11.750845639334813,27.88567037759287
2016-09-01,44.6,68.3814965455472,-51.943259249792476,16.438237295754718,28.161762704245277,28.161762704245277,15.213316855478638
2016-10-01,33.4,68.40470852946521,-45.84976147958528,22.554947049879928,10.845052950120078,10.845052950120078,14.088936335905508
2016-11-01,21.4,68.42786889968691,-56.368285350658994,12.05958354902792,9.340416450972086,9.340416450972086,13.27459758646918
2016-12-01,18.5,68.45095928939463,-46.12598074667402,22.324978542720615,-3.824978542720615,3.824978542720615,13.211023087883785
2017-01-01,26.1,68.47395998077135,-53.81272064027843,14.661239340492926,11.438760659507068,11.438760659507068,12.751190011898895
2017-02-01,26.4,68.4968511773277,-50.277212700028684,18.219638477299014,8.180361522700991,8.180361522700991,10.9415743335276
2017-03-01,17.7,68.51961204886481,-50.748625519239596,17.77098652962522,-0.07098652962521612,0.07098652962521612,10.867617414088643
2017-04-01,32.3,68.54222106262705,-39.18844806862556,29.35377299400149,2.9462270059985087,2.9462270059985087,10.684482473744124
2017-05-01,18.9,68.56465688393848,-50.26630053673016,18.298356347208326,0.6016436527916653,0.6016436527916653,10.734054954532208
2017-06-01,19.2,68.58689835805055,-63.37798276022965,5.208915597820898,13.991084402179098,13.991084402179098,10.756159826296066
2017-07-01,17.8,68.60892437586459,-64.71573993115648,3.893184444708112,13.906815555291885,13.906815555291885,10.179324149808672
2017-08-01,32.6,68.63071283060106,-65.56235185750205,3.0683609730990042,29.53163902690099,29.53163902690099,10.765030760215923
2017-09-01,43.7,68.65224026006861,-54.02308358592651,14.629156674142102,29.070843325857894,29.070843325857894,10.668716990378371
2017-10-01,13.2,68.67348115983167,-67.47328256147004,1.2001985983616237,11.99980140163838,11.99980140163838,10.284277679441153
2017-11-01,5.7,68.69440824869235,-72.53165269539076,-3.8372444466984064,9.53724444669841,9.53724444669841,9.958630428869261
2017-12-01,8.2,68.71499365314581,-69.95086062719898,-1.2358669740531667,9.43586697405317,9.43586697405317,9.958625546438292
2018-01-01,6.8,68.73520939052696,-67.74745332082466,0.9877560697023,5.812243930297697,5.812243930297697,9.8262796105242
2018-02-01,10.7,68.75502751064651,-68.9309115515101,-0.17588404086359333,10.875884040863596,10.875884040863596,9.59292419633992
2018-03-01,2.5,68.77442028034214,-74.52391308280363,-5.749492802461489,8.24949280246149,8.24949280246149,9.101042589983196
2018-04-01,8.9,68.79335992049431,-71.04080487419834,-2.247444953704033,11.147444953704039,11.147444953704039,9.10267151122953
2018-05-01,13.1,68.81181866177585,-60.41408019303844,8.397738468737408,4.702261531262593,4.702261531262593,8.947574052100705
2018-06-01,15.6,68.82976871105676,-61.156091144165735,7.673677566891023,7.926322433108979,7.926322433108979,8.920673666341184
2018-07-01,1.6,68.84718260574523,-68.40057528419037,0.4466073215548647,1.1533926784451296,1.1533926784451296,8.699188715340785
2018-08-01,8.7,68.864033200715,-72.66072267429233,-3.796689473577331,12.496689473577334,12.496689473577334,8.55960614303198
2018-09-01,3.3,68.88029387948451,-78.90863439697935,-10.02834051749484,13.328340517494837,13.328340517494837,8.180147023913637
2018-10-01,4.9,68.89593784653725,-74.80785178978343,-5.9119139432461765,10.811913943246182,10.811913943246182,8.094676355225737
2018-11-01,4.9,68.91093793984167,-69.8894986798111,-0.9785607399694243,5.87856073996943,5.87856073996943,8.125756567855152
2018-12-01,3.1,68.92526688881769,-68.38930857322417,0.5359583155935184,2.564041684406476,2.564041684406476,8.215046539252233
2019-01-01,7.7,68.9388977527046,-73.53800201097023,-4.599104258265626,12.29910425826563,12.29910425826563,8.212719436747633
2019-02-01,0.8,68.95180405198815,-77.03808825619583,-8.086284204207686,8.886284204207684,8.886284204207684,8.078168461360884
2019-03-01,9.4,68.96395920687341,-70.95681289566105,-1.9928536887876334,11.392853688787639,11.392853688787639,7.880756406313467
2019-04-01,9.1,68.97533656144356,-68.6528613929979,0.3224751684456493,8.777524831554345,8.777524831554345,7.83481736263577
2019-05-01,9.9,68.98590932390158,-65.04617122871183,3.939738095189753,5.9602619048102525,5.9602619048102525,7.854790783199288
2019-06-01,1.2,68.99565074949214,-69.5226753538832,-0.5270246043910589,1.7270246043910618,1.7270246043910618,7.447155848137111
2019-07-01,0.9,69.00453444177226,-68.73124150504992,0.273292936722342,0.6267070632776637,0.6267070632776637,7.459579382586543
2019-08-01,0.5,69.01253469518073,-64.03272328678642,4.979811408394312,-4.479811408394312,4.479811408394312,7.801372619788584
2019-09-01,1.1,69.01962670566013,-67.3022798082118,1.717346897448337,-0.6173468974483427,0.6173468974483427,7.239626398389404
2019-10-01,0.4,69.0257868432397,-61.873389027537726,7.152397815701974,-6.7523978157019755,6.7523978157019755,7.641285714719374
2019-11-01,0.5,69.03099253548969,-62.63175130896628,6.399241226523408,-5.899241226523408,5.899241226523408,7.965674592263215
2019-12-01,1.5,69.03522257663201,-66.53048720131004,2.504735375321971,-1.004735375321971,1.004735375321971,7.866155984672303
2020-01-01,6.2,69.03845704437587,-61.70639548009207,7.332061564283805,-1.1320615642838021,1.1320615642838021,7.960243476784525
2020-02-01,0.2,69.04067690467895,-67.41658133489429,1.6240955697846573,-1.4240955697846545,1.4240955697846545,8.081362287008998
2020-03-01,1.5,69.04186391420274,-67.12911528747392,1.9127486267288134,-0.4127486267288134,0.4127486267288134,8.08984249181089
2020-04-01,5.2,69.04200060221947,-55.604271474582156,13.437729127637319,-8.237729127637316,8.237729127637316,8.44791053796082
2020-05-01,0.2,69.04107032130815,-59.01624183004899,10.024828491259164,-9.824828491259161,9.824828491259161,8.82497494652993
2020-06-01,5.8,69.03905779111243,-64.40338898286645,4.635668808245981,1.164331191754016,1.164331191754016,8.759085375675772
2020-07-01,6.1,69.03594911561349,-62.291157297839945,6.744791817773546,-0.6447918177735517,0.6447918177735517,8.710808009345296
2020-08-01,7.5,69.03173102558128,-60.889338567467966,8.142392458113314,-0.6423924581133065,0.6423924581133065,7.719182065196854
2020-09-01,0.6,69.02639079971725,-60.783575211246635,8.242815588470613,-7.6428155884706115,7.6428155884706115,6.755729437164316
2020-10-01,14.6,69.0199164125429,-42.209521487639044,26.810394924903854,-12.210394924903852,12.210394924903852,7.088070741745885
2020-11-01,34.5,69.01229711459197,-41.06063089325124,27.95166622134073,6.54833377865927,6.54833377865927,7.025139338463854
2020-12-01,23.1,69.00352350711276,-50.01795424669991,18.985569260412852,4.114430739587149,4.114430739587149,6.936978480697398
2021-01-01,10.4,68.99358625430409,-38.691225626977094,30.302360627326998,-19.902360627327,19.902360627327,7.8643290459867305
2021-02-01,8.2,68.98247633942547,-45.46618674311473,23.51628959631074,-15.316289596310739,15.316289596310739,8.217556868357146
2021-03-01,17.2,68.97018673630318,-39.933740629203626,29.03644610709955,-11.836446107099547,11.836446107099547,8.405770368661301
2021-04-01,24.5,68.95671247164822,-38.991831621989874,29.964880849658343,-5.464880849658343,5.464880849658343,8.268078750781356
2021-05-01,21.2,68.94205017168487,-41.96491699944034,26.97713317224453,-5.7771331722445325,5.7771331722445325,8.289197111619742
2021-06-01,25.0,68.92619751607504,-39.85760938350456,29.068588132570476,-4.068588132570483,4.068588132570483,8.197963580106249
2021-07-01,34.3,68.9091530961212,-35.81010401847149,33.09904907764971,1.2009509223502874,1.2009509223502874,8.198230228225801
2021-08-01,22.0,68.89091616049339,-39.32858518351748,29.562330976975908,-7.5623309769759075,7.5623309769759075,7.973063085914226
2021-09-01,51.3,68.87148631442577,-7.567465375660203,61.30402093876556,-10.004020938765564,10.004020938765564,7.720368957698718
2021-10-01,37.4,68.85086416184599,-27.150465166984475,41.700398994861516,-4.30039899486151,4.30039899486151,7.429555361536453
2021-11-01,34.8,68.8290515417097,-29.913675779997014,38.91537576171269,-4.1153757617126985,4.1153757617126985,7.31036215698428
2021-12-01,67.5,68.80605109579744,-3.0719211429670312,65.73412995283041,1.7658700471695852,1.7658700471695852,7.296280473044129
2022-01-01,55.3,68.78186599559696,-18.87883053367673,49.903035461920226,5.3969645380797715,5.3969645380797715,6.984197144690982
2022-02-01,60.9,68.75649933696322,-3.5903435338833822,65.16615580307983,-4.26615580307984,4.26615580307984,6.70752516848074
2022-03-01,78.6,68.72995389438266,20.16012170459622,88.89007559897888,-10.290075598978888,10.290075598978888,6.350230704655381
2022-04-01,84.0,68.70223300043381,27.408917156568986,96.1111501570028,-12.111150157002797,12.111150157002797,6.145960431541494
2022-05-01,96.5,68.67334129267049,27.126334384808782,95.79967567747927,0.7003243225207285,0.7003243225207285,5.959776504891907
2022-06-01,70.3,68.64328468987463,6.909733386319561,75.55301807619419,-5.253018076194195,5.253018076194195,5.872961379038496
2022-07-01,91.4,68.61206942988412,19.32433938163807,87.93640881152218,3.463591188477821,3.463591188477821,5.9611945680560385
2022-08-01,74.6,68.57970211523862,8.522869964992813,77.10257208023143,-2.502572080231431,2.502572080231431,5.969130588941543
2022-09-01,96.0,68.5461891653328,65.8438177989334,134.3900069642662,-38.390006964266206,38.390006964266206,8.204307248432182
2022-10-01,95.5,68.51153770442666,64.4661167784262,132.97765448285287,-37.477654482852856,37.477654482852856,9.797682896594765
2022-11-01,80.5,68.47575788637995,105.61128445935287,174.0870423457328,-93.58704234573283,93.58704234573283,17.55143531983732
2022-12-01,112.8,68.43886283542086,64.24923397181388,132.68809680723473,-19.888096807234746,19.888096807234746,17.598831605387552
2023-01-01,144.4,68.40086659833979,71.81341675347005,140.21428335180985,4.185716648190166,4.185716648190166,17.690260306423298
