date,method,truth,point,lower,upper
1998-06-01,M1_DistPred_ANN,90.5,83.70582260056356,37.32356622003926,124.12251139228172
1998-07-01,M1_DistPred_ANN,96.7,92.50493029601759,50.08734252389971,129.45487814503977
1998-08-01,M1_DistPred_ANN,121.1,92.8009882968324,59.3991351178359,124.79447574935796
1998-09-01,M1_DistPred_ANN,132.0,114.14448674689245,68.91519217453133,153.854694481485
1998-10-01,M1_DistPred_ANN,78.5,125.22821037391245,80.5296938161266,164.98060810006376
1998-11-01,M1_DistPred_ANN,97.3,95.62392534650662,66.07443177751887,135.65569201730102
1998-12-01,M1_DistPred_ANN,119.2,119.7720446773681,71.82816935010888,165.39894727208338
1999-01-01,M1_DistPred_ANN,86.0,124.73229644431011,88.25504465051003,158.3487618001219
1999-02-01,M1_DistPred_ANN,98.0,93.96631705000573,63.75142356499349,129.32789804264735
1999-03-01,M1_DistPred_ANN,103.5,108.65855960266715,79.72604383898238,146.79405731520447
1999-04-01,M1_DistPred_ANN,93.6,114.63320137980187,87.32251890511301,147.01596303616188
1999-05-01,M1_DistPred_ANN,149.6,101.25652371729211,77.49829762680268,131.4486005730098
1999-06-01,M1_DistPred_ANN,207.2,136.8516360796249,96.3691482289266,175.67174943386325
1999-07-01,M1_DistPred_ANN,173.5,167.1948147195809,123.21357875893642,208.93190814787675
1999-08-01,M1_DistPred_ANN,142.3,158.31858439880654,130.0177162608397,196.35422509975402
1999-09-01,M1_DistPred_ANN,106.3,156.7449917507938,114.56014842070542,213.974858999034
1999-10-01,M1_DistPred_ANN,168.7,145.94625907170703,103.98388969526145,199.03475759854325
1999-11-01,M1_DistPred_ANN,188.3,153.59891874849535,123.79169756507176,195.1648736813086
1999-12-01,M1_DistPred_ANN,116.8,171.26237707755342,134.56958332381365,218.04601212462816
2000-01-01,M1_DistPred_ANN,133.1,139.166670582281,99.87133632255993,190.8176147358009
2000-02-01,M1_DistPred_ANN,165.7,144.468476964797,109.3492471840502,192.01525133935482
2000-03-01,M1_DistPred_ANN,217.7,165.41426126001414,131.1361577903025,207.76733116038986
2000-04-01,M1_DistPred_ANN,191.5,193.2253291781825,151.653823350178,242.79318052620656
2000-05-01,M1_DistPred_ANN,165.9,189.0238460968144,150.44308889437335,241.4048409548951
2000-06-01,M1_DistPred_ANN,188.0,176.0938073523089,140.83773178831999,221.1324241913222
2000-07-01,M1_DistPred_ANN,244.3,195.86239260681714,156.4912776042252,243.52842233185171
2000-08-01,M1_DistPred_ANN,180.5,233.9027019819984,166.69857844319,299.0741736195617
2000-09-01,M1_DistPred_ANN,156.0,199.44891183380287,163.9190142241325,251.77063759899082
2000-10-01,M1_DistPred_ANN,141.6,180.50864604680208,140.77090894584995,236.90468831590607
2000-11-01,M1_DistPred_ANN,158.1,163.8836638311109,120.36878662674721,218.2359662674082
2000-12-01,M1_DistPred_ANN,143.3,161.92353913249832,114.14675277768893,222.00141763513486
2001-01-01,M1_DistPred_ANN,142.6,161.70840601596623,113.00985394774182,230.5679945755847
2001-02-01,M1_DistPred_ANN,121.5,163.13439041399312,124.61096525893757,214.41195546925618
2001-03-01,M1_DistPred_ANN,165.8,149.12879118129328,111.06427450574233,198.7269038956626
2001-04-01,M1_DistPred_ANN,161.7,155.85974587149775,117.54602064973878,204.64214241512562
2001-05-01,M1_DistPred_ANN,142.1,167.8982405448882,118.39559925050173,229.62364108610086
2001-06-01,M1_DistPred_ANN,202.9,158.26203823936183,109.5350302485324,221.9156905554476
2001-07-01,M1_DistPred_ANN,123.0,190.07968835206418,138.89301289126976,243.15601415770723
2001-08-01,M1_DistPred_ANN,161.5,140.89517920810084,97.30884593587197,200.87487643296643
2001-09-01,M1_DistPred_ANN,238.2,154.45492195865765,114.4931424925237,206.15410243339755
2001-10-01,M1_DistPred_ANN,194.1,211.67629118151373,139.6223093114042,286.3816841081418
2001-11-01,M1_DistPred_ANN,176.6,177.9102401588865,143.1206981041754,227.05368407669573
2001-12-01,M1_DistPred_ANN,213.4,165.48583500430138,117.76091958174726,235.43066581687015
2002-01-01,M1_DistPred_ANN,184.6,186.19291857634653,143.52839156378985,241.17700945456482
2002-02-01,M1_DistPred_ANN,170.2,178.95649981967028,142.09588991116703,226.92052235634736
2002-03-01,M1_DistPred_ANN,147.1,178.38092563985253,134.25271955063434,239.80197745508391
2002-04-01,M1_DistPred_ANN,186.9,165.1601111633612,123.42654185523205,223.7249592724547
2002-05-01,M1_DistPred_ANN,187.5,172.06719980577446,131.5983547303753,225.55484180195
2002-06-01,M1_DistPred_ANN,128.8,192.54183792489914,143.01529399921625,254.15873104796972
2002-07-01,M1_DistPred_ANN,161.0,154.70782636298946,108.61260887202772,216.14988948078226
2002-08-01,M1_DistPred_ANN,175.6,170.8676913391035,119.11792873007519,239.69647063361762
2002-09-01,M1_DistPred_ANN,187.9,169.28173452819317,130.90745386561466,219.97451952426778
2002-10-01,M1_DistPred_ANN,151.2,172.58250439014105,135.46065783310632,220.8020972001894
2002-11-01,M1_DistPred_ANN,147.2,157.01696341592157,104.46655292427494,226.93613306284163
2002-12-01,M1_DistPred_ANN,135.3,152.53249914721528,117.76426823946105,198.88589698612185
2003-01-01,M1_DistPred_ANN,133.5,149.53387503159456,111.35088773764406,198.342823629256
2003-02-01,M1_DistPred_ANN,75.7,133.5958411889527,100.37772709160856,178.52538106754685
2003-03-01,M1_DistPred_ANN,100.7,102.33318422753266,57.55690107055733,160.69823538987907
2003-04-01,M1_DistPred_ANN,97.9,108.43710852943315,70.05324725736544,161.3118336015497
2003-05-01,M1_DistPred_ANN,86.8,109.07160061733482,76.2790051269854,150.811005876361
2003-06-01,M1_DistPred_ANN,118.7,85.9981379373661,42.87563724254494,145.0137202972263
2003-07-01,M1_DistPred_ANN,128.3,115.49812544053809,70.2134612619124,173.5188883854907
2003-08-01,M1_DistPred_ANN,115.4,115.58244415790537,77.76985024710402,163.9702324275324
2003-09-01,M1_DistPred_ANN,78.5,100.83371161474803,62.016004113008535,154.49696583889963
2003-10-01,M1_DistPred_ANN,97.8,90.4925919921265,50.083477841172,143.01834814137203
2003-11-01,M1_DistPred_ANN,82.9,99.35623946956683,58.82612129719344,151.1629975802947
2003-12-01,M1_DistPred_ANN,72.2,84.55759704370767,44.89441099466761,137.24402413583857
2004-01-01,M1_DistPred_ANN,60.6,75.48839674610319,42.337230049481036,120.2921837582771
2004-02-01,M1_DistPred_ANN,74.6,57.72507140915546,18.765361760183225,111.73132227211696
2004-03-01,M1_DistPred_ANN,74.8,69.63752497289227,36.11877547659391,111.61278882771113
2004-04-01,M1_DistPred_ANN,59.2,68.35334854442483,33.65643708194135,112.8927301759757
2004-05-01,M1_DistPred_ANN,72.8,51.18748188803767,17.624522821461127,97.11504590456538
2004-06-01,M1_DistPred_ANN,66.5,65.5475929270234,29.536455588188332,113.77769579625398
2004-07-01,M1_DistPred_ANN,83.8,53.92123695503456,28.36839758523068,85.62625604285601
2004-08-01,M1_DistPred_ANN,69.7,68.10457740348048,30.397846652901748,113.67509580512122
2004-09-01,M1_DistPred_ANN,48.8,68.9692947322484,29.03140506193592,112.18491725168198
2004-10-01,M1_DistPred_ANN,74.2,57.664950947058244,23.786924090088668,100.58314847358349
2004-11-01,M1_DistPred_ANN,70.1,65.84032373712672,28.45748865302876,105.57549093639803
2004-12-01,M1_DistPred_ANN,28.9,57.255714126583115,25.678354855059027,99.63294293546072
2005-01-01,M1_DistPred_ANN,48.1,29.60161679201557,-2.189093811625199,72.31725892184042
2005-02-01,M1_DistPred_ANN,43.5,47.12806854024866,15.710432756077537,88.84591336982994
2005-03-01,M1_DistPred_ANN,39.6,35.28113823214469,10.448236737393088,67.18568307940484
2005-04-01,M1_DistPred_ANN,38.7,25.352271395151732,-0.24905722827577392,58.3520333462541
2005-05-01,M1_DistPred_ANN,61.9,41.17397247767444,4.222693084946123,79.3790617992968
2005-06-01,M1_DistPred_ANN,56.8,48.90088237972147,15.373236814133932,80.07918846014056
2005-07-01,M1_DistPred_ANN,62.4,51.27694035311504,13.52354607216813,87.15547005581487
2005-08-01,M1_DistPred_ANN,60.5,57.66356394372706,12.131614033231529,99.51753057022601
2005-09-01,M1_DistPred_ANN,37.2,56.86214594019017,20.852190746041224,90.8460353079231
2005-10-01,M1_DistPred_ANN,13.2,37.04759751934757,12.223312550937322,70.28537659786524
2005-11-01,M1_DistPred_ANN,27.5,24.229950938777783,-2.8173316728871427,60.46645779360677
2005-12-01,M1_DistPred_ANN,59.3,25.64464665485668,-2.1844240180796817,61.19467222281257
2006-01-01,M1_DistPred_ANN,20.9,38.44028838260629,15.020538961177373,66.89335727730182
2006-02-01,M1_DistPred_ANN,5.7,26.350444780782695,0.6043588459533851,57.92113379636152
2006-03-01,M1_DistPred_ANN,17.3,13.425574237987135,-12.295027629916767,46.91521859780388
2006-04-01,M1_DistPred_ANN,50.3,16.256293470306474,-6.947016012559196,44.91494524595779
2006-05-01,M1_DistPred_ANN,37.2,30.294184557864348,4.247038139697182,59.58046862556765
2006-06-01,M1_DistPred_ANN,24.5,30.448832682305714,-0.6294940683092918,66.83074257806231
2006-07-01,M1_DistPred_ANN,22.2,20.013422276304354,-4.084091087741999,50.808683824554805
2006-08-01,M1_DistPred_ANN,20.8,24.21930335960601,-1.7421730989219526,57.066008928851744
2006-09-01,M1_DistPred_ANN,23.7,28.001866855040987,-3.9770099352128945,59.944780586823185
2006-10-01,M1_DistPred_ANN,14.9,22.94182500582383,-3.551310989746817,57.1581532163603
2006-11-01,M1_DistPred_ANN,35.7,11.817085693945259,-8.107170766411375,37.961852637089976
2006-12-01,M1_DistPred_ANN,22.3,24.66264721970647,-0.2656840124388502,56.011622258309316
2007-01-01,M1_DistPred_ANN,29.3,13.451448406244452,-10.838466476350455,45.17029929347803
2007-02-01,M1_DistPred_ANN,18.4,18.45327691923017,-9.283028279366242,53.21769262197697
2007-03-01,M1_DistPred_ANN,7.2,21.520752237189797,-3.885419669745458,52.843355571127006
2007-04-01,M1_DistPred_ANN,5.4,10.404848862940199,-10.73663878866833,37.198285443381735
2007-05-01,M1_DistPred_ANN,19.5,3.2330999561849723,-19.451216623932275,32.20091720768894
2007-06-01,M1_DistPred_ANN,21.3,15.734249656698651,-11.733577778802593,49.029277981787295
2007-07-01,M1_DistPred_ANN,15.1,26.632823762576038,-10.646679284921065,61.042057034682514
2007-08-01,M1_DistPred_ANN,9.8,21.08254108571417,-9.46162409352073,52.24139561507724
2007-09-01,M1_DistPred_ANN,4.0,11.207238277269255,-11.217610656144226,38.93975017454992
2007-10-01,M1_DistPred_ANN,1.5,0.5625761639888793,-22.207165859703128,29.449113727536844
2007-11-01,M1_DistPred_ANN,2.8,5.0298813927891075,-18.38058857277973,34.04329668611673
2007-12-01,M1_DistPred_ANN,17.3,-0.07911768728104107,-22.70550157468021,29.385735705428186
2008-01-01,M1_DistPred_ANN,4.1,9.814940256222997,-14.172328432928689,39.97823099813957
2008-02-01,M1_DistPred_ANN,2.9,4.127460600184193,-19.27769224045425,32.103281661342656
2008-03-01,M1_DistPred_ANN,15.5,2.8843214399415444,-17.95745148249774,28.350890276077116
2008-04-01,M1_DistPred_ANN,3.6,13.098234259075909,-14.74393936444692,40.252955089477396
2008-05-01,M1_DistPred_ANN,4.6,5.006834419163965,-14.470656944965283,28.845686333219973
2008-06-01,M1_DistPred_ANN,5.2,5.121989466750392,-18.383294681268524,35.42304425991091
2008-07-01,M1_DistPred_ANN,0.6,1.7625176144489956,-19.538629778059075,27.625648115477574
2008-08-01,M1_DistPred_ANN,0.3,0.046574792237464635,-19.27263331749939,22.869070217342973
2008-09-01,M1_DistPred_ANN,1.2,2.210582232609525,-15.898502514432447,24.82815849576478
2008-10-01,M1_DistPred_ANN,4.2,1.0247836122296405,-14.756066006792397,19.723087950795133
2008-11-01,M1_DistPred_ANN,6.6,-0.8792324646231009,-15.472769736534502,15.430783631903779
2008-12-01,M1_DistPred_ANN,1.0,7.219608060506843,-14.318910278589783,28.106675765600784
2009-01-01,M1_DistPred_ANN,1.3,3.2732928705527513,-14.334474008102909,23.109826428972205
2009-02-01,M1_DistPred_ANN,1.2,0.4764478293040213,-17.063222305334598,21.97113028541481
2009-03-01,M1_DistPred_ANN,0.6,1.8650368806412558,-14.872482895373397,21.63973708039248
2009-04-01,M1_DistPred_ANN,1.2,-1.4434832760008902,-16.067554692750587,15.737380876802273
2009-05-01,M1_DistPred_ANN,2.9,-1.334441434708097,-16.19448643101915,16.683409004413015
2009-06-01,M1_DistPred_ANN,6.3,4.6919188755205425,-14.381234975945652,22.964496755383344
2009-07-01,M1_DistPred_ANN,5.5,9.001024731299381,-14.28932675569041,30.92846499392394
2009-08-01,M1_DistPred_ANN,0.0,5.032925072925451,-12.308327067775743,23.729476924854062
2009-09-01,M1_DistPred_ANN,7.1,-0.12783320321493363,-15.305774036632013,17.7892655453175
2009-10-01,M1_DistPred_ANN,7.7,6.124053569353663,-10.347551252612686,22.94100102742841
2009-11-01,M1_DistPred_ANN,6.9,6.382886114257616,-8.369765039284312,22.004076481933758
2009-12-01,M1_DistPred_ANN,16.3,6.403376786988957,-9.879171811354913,24.977287790156133
2010-01-01,M1_DistPred_ANN,19.5,15.41681166546961,-7.729781170676015,36.269832075772946
2010-02-01,M1_DistPred_ANN,28.5,17.603200190218615,-3.7807011223497273,37.34631866968759
2010-03-01,M1_DistPred_ANN,24.0,23.284598719601576,0.34513121482068065,44.63149973420913
2010-04-01,M1_DistPred_ANN,10.4,26.184288780120113,1.3323811848646194,48.85241093683801
2010-05-01,M1_DistPred_ANN,13.9,17.114545544851993,-0.1695720823911291,38.46171296533852
2010-06-01,M1_DistPred_ANN,18.8,17.941764671122044,-0.3180065578357283,41.01853915020189
2010-07-01,M1_DistPred_ANN,25.2,21.11972348520628,3.3478757954111593,40.21550096168353
2010-08-01,M1_DistPred_ANN,29.6,23.296824217055416,6.522078856669026,42.106219426379795
2010-09-01,M1_DistPred_ANN,36.4,30.124035288097673,9.073728539099413,49.630682826890855
2010-10-01,M1_DistPred_ANN,33.6,35.54455806414357,12.279466979608166,56.547965684628686
2010-11-01,M1_DistPred_ANN,34.4,36.690567674324,13.442642484909342,58.35345467861903
2010-12-01,M1_DistPred_ANN,24.5,38.16853202351656,14.770436140614805,60.889061378098006
2011-01-01,M1_DistPred_ANN,27.3,31.43386359232185,13.3836031863815,53.25581722793749
2011-02-01,M1_DistPred_ANN,48.3,31.626566723670763,15.332437931180877,50.87802717357032
2011-03-01,M1_DistPred_ANN,78.6,44.868312088558014,22.61810834784674,65.0037604371947
2011-04-01,M1_DistPred_ANN,76.1,62.51664547272569,30.81523296349411,90.91505467080005
2011-05-01,M1_DistPred_ANN,58.2,70.18263414992455,37.907832877293686,98.63239698948048
2011-06-01,M1_DistPred_ANN,56.1,66.86093200303408,37.40437722112175,95.41006853390881
2011-07-01,M1_DistPred_ANN,64.5,64.5412100930806,39.08460242847151,95.57365155514451
2011-08-01,M1_DistPred_ANN,65.8,64.90484390820657,43.660690881767344,92.0589514825279
2011-09-01,M1_DistPred_ANN,120.1,62.82583986800893,41.868479394237966,90.4408579650709
2011-10-01,M1_DistPred_ANN,125.7,97.56399907733723,62.343405445117,130.8385687685174
2011-11-01,M1_DistPred_ANN,139.1,110.79020358761659,73.35747020417463,144.73583160149067
2011-12-01,M1_DistPred_ANN,109.3,131.68458185811375,81.19206348849075,176.12189774360587
2012-01-01,M1_DistPred_ANN,94.4,128.42525296421826,80.63887899054225,172.28877537539427
2012-02-01,M1_DistPred_ANN,47.8,110.55057192213768,76.85482134455987,155.34035001894156
2012-03-01,M1_DistPred_ANN,86.6,77.05928307591158,36.4226296483112,128.40908843527467
2012-04-01,M1_DistPred_ANN,85.9,88.5483948839251,55.966523119559824,130.45069931125425
2012-05-01,M1_DistPred_ANN,96.5,90.33529445864619,61.581354183962105,129.63623466466572
2012-06-01,M1_DistPred_ANN,92.0,102.21678409698211,72.19288452342298,140.55853378345628
2012-07-01,M1_DistPred_ANN,100.1,105.16500909565163,74.97938338701324,141.22540496877974
2012-08-01,M1_DistPred_ANN,94.8,98.46369389660482,70.57105150086639,134.22182434471142
2012-09-01,M1_DistPred_ANN,93.7,99.63341197260493,71.56395141756249,137.86901403765714
2012-10-01,M1_DistPred_ANN,76.5,101.1329604340676,67.73787896897561,144.01862150426211
2012-11-01,M1_DistPred_ANN,87.6,94.05898975560368,63.723306132990956,132.04475978110946
2012-12-01,M1_DistPred_ANN,56.8,94.71656385698758,61.503849101648015,137.83084797878223
2013-01-01,M1_DistPred_ANN,96.1,83.18224002558567,54.18321543702365,121.06237194446996
2013-02-01,M1_DistPred_ANN,60.9,93.0009775389822,64.43810380533031,128.3427943344627
2013-03-01,M1_DistPred_ANN,78.3,76.28721938499517,45.79978469741053,114.54828516846604
2013-04-01,M1_DistPred_ANN,107.3,80.08460564805928,47.44107408704893,121.48939438070049
2013-05-01,M1_DistPred_ANN,120.2,95.18357495509994,62.07877492434672,139.2810698405895
2013-06-01,M1_DistPred_ANN,76.7,100.74961150102968,61.7028074200192,151.2047617581876
2013-07-01,M1_DistPred_ANN,86.2,89.64292554775773,60.5359567208817,126.9563991964111
2013-08-01,M1_DistPred_ANN,91.8,90.69600093435358,57.403349772471074,133.81402574583325
2013-09-01,M1_DistPred_ANN,54.5,92.48711641403017,67.58157196749546,124.28191352322357
2013-10-01,M1_DistPred_ANN,114.4,73.21015394368284,37.349081369056506,120.036455552733
2013-11-01,M1_DistPred_ANN,113.9,107.83817908760689,63.476705417373424,160.30401143093604
2013-12-01,M1_DistPred_ANN,124.2,106.65695418980144,66.1450952200551,158.22305624731632
2014-01-01,M1_DistPred_ANN,117.0,109.5278512794153,78.6485106596895,151.08793416293503
2014-02-01,M1_DistPred_ANN,146.1,108.71242376444073,67.18568590149667,163.85041250476516
2014-03-01,M1_DistPred_ANN,128.7,122.76004272682115,92.77902389223746,161.1428626707188
2014-04-01,M1_DistPred_ANN,112.5,117.29603665603257,84.35372423266107,164.71547186306498
2014-05-01,M1_DistPred_ANN,112.5,119.7941485130414,86.52556772062655,163.7829002801877
2014-06-01,M1_DistPred_ANN,102.9,122.59872402541116,85.04695015338945,172.07845257119996
2014-07-01,M1_DistPred_ANN,100.2,108.01380931047363,79.95041828298913,145.58444444806554
2014-08-01,M1_DistPred_ANN,106.9,119.87503602401557,81.05515858520408,165.88350446624503
2014-09-01,M1_DistPred_ANN,130.0,108.90275297302959,83.58756334364067,141.33068097331392
2014-10-01,M1_DistPred_ANN,90.0,117.56502893014729,92.61385136953217,149.23627828336495
2014-11-01,M1_DistPred_ANN,103.6,101.17619158335377,74.98139203190692,134.89807930008382
2014-12-01,M1_DistPred_ANN,112.9,108.38027448828836,76.83498710416744,148.45032402603476
2015-01-01,M1_DistPred_ANN,93.0,108.58540456984093,79.71428990360782,145.66801177452618
2015-02-01,M1_DistPred_ANN,66.7,101.44417131906084,75.466163930811,133.31351228732777
2015-03-01,M1_DistPred_ANN,54.5,87.79698743156547,55.563783398523185,129.1321745349813
2015-04-01,M1_DistPred_ANN,75.3,70.47580427467736,34.70495842720511,114.89967288826288
2015-05-01,M1_DistPred_ANN,88.8,84.19098973833304,53.685145388539354,121.06993246153982
2015-06-01,M1_DistPred_ANN,66.5,86.95791065739903,57.14061345429258,125.91946659806956
2015-07-01,M1_DistPred_ANN,65.8,76.36470621140347,45.201535140588405,116.18242974193534
2015-08-01,M1_DistPred_ANN,64.4,68.81077119711034,40.91714955125721,104.55956213922812
2015-09-01,M1_DistPred_ANN,78.6,72.18875911405088,43.438400222562294,107.64692936113029
2015-10-01,M1_DistPred_ANN,63.6,70.54548186581381,44.36944276213691,103.74462849817724
2015-11-01,M1_DistPred_ANN,62.2,65.02710877048217,36.563425131022264,102.97961057858222
2015-12-01,M1_DistPred_ANN,58.0,65.61554491318748,41.54689557299793,95.8401867613116
2016-01-01,M1_DistPred_ANN,57.0,60.03058082065712,35.423125879907204,91.2704038491756
2016-02-01,M1_DistPred_ANN,56.4,58.25519800920782,28.42580258462955,94.16234077875679
2016-03-01,M1_DistPred_ANN,54.1,57.44481656972839,27.080521545336566,95.75888347522373
2016-04-01,M1_DistPred_ANN,37.9,58.08245921749582,28.53248127755584,94.55197088698903
2016-05-01,M1_DistPred_ANN,51.5,42.24318675493321,15.663889993004489,77.39836166017248
2016-06-01,M1_DistPred_ANN,20.5,42.76965645909799,12.533933743070364,83.04254958528186
2016-07-01,M1_DistPred_ANN,32.4,31.535774720196187,6.1901250467907545,63.836814370103085
2016-08-01,M1_DistPred_ANN,50.2,32.714486925925485,7.351144075917901,65.29009669793014
2016-09-01,M1_DistPred_ANN,44.6,42.74885504364783,17.542953461748972,70.62278164233135
2016-10-01,M1_DistPred_ANN,33.4,35.00866362310677,15.353756272670672,57.79011282649392
2016-11-01,M1_DistPred_ANN,21.4,33.9594182779073,10.706504477265781,62.76163227233543
2016-12-01,M1_DistPred_ANN,18.5,28.471164655671394,0.8850513231375174,61.86671097160371
2017-01-01,M1_DistPred_ANN,26.1,21.970433093889675,0.6387963638810703,48.934997241653406
2017-02-01,M1_DistPred_ANN,26.4,17.203425172312755,-5.508678902739653,48.14373588188665
2017-03-01,M1_DistPred_ANN,17.7,16.752698609296964,-2.492139629475634,40.61366421985758
2017-04-01,M1_DistPred_ANN,32.3,13.505212979633328,-6.8513972223324515,38.00516674944731
2017-05-01,M1_DistPred_ANN,18.9,24.7514202186481,-0.6763866151339961,51.0212394578257
2017-06-01,M1_DistPred_ANN,19.2,21.20477182164811,-4.2426516651313975,48.70193705342273
2017-07-01,M1_DistPred_ANN,17.8,12.305498637096704,-7.778831052301644,37.67043030479705
2017-08-01,M1_DistPred_ANN,32.6,13.938143971779446,-6.7650239915283485,39.61144523968319
2017-09-01,M1_DistPred_ANN,43.7,19.161850429013725,0.2643688937728861,41.43401582121868
2017-10-01,M1_DistPred_ANN,13.2,31.26255344670551,0.5925400315650506,61.84122202847195
2017-11-01,M1_DistPred_ANN,5.7,18.461258378792714,-2.697976817708735,44.22806708451047
2017-12-01,M1_DistPred_ANN,8.2,14.502271742210041,-8.712386542349263,44.3615633199212
2018-01-01,M1_DistPred_ANN,6.8,8.611559528577118,-9.648542559608778,31.836089087923902
2018-02-01,M1_DistPred_ANN,10.7,3.9413615840084475,-15.919851605547121,27.879627843632377
2018-03-01,M1_DistPred_ANN,2.5,8.234003902490812,-13.651153985974577,35.84305781756753
2018-04-01,M1_DistPred_ANN,8.9,7.390837098155686,-13.90700572067837,31.153875572812495
2018-05-01,M1_DistPred_ANN,13.1,4.953404633830587,-15.002803102061353,29.122996998018426
2018-06-01,M1_DistPred_ANN,15.6,8.402209041648504,-14.399826878975324,33.897726407584834
2018-07-01,M1_DistPred_ANN,1.6,7.248267658420872,-12.59961751935844,31.55967860829491
2018-08-01,M1_DistPred_ANN,8.7,1.1998194971438352,-18.15513726741132,25.782552789103775
2018-09-01,M1_DistPred_ANN,3.3,10.770211298267512,-15.046821566151895,35.46554053796157
2018-10-01,M1_DistPred_ANN,4.9,7.922766574304063,-17.04008597532065,33.19860645150446
2018-11-01,M1_DistPred_ANN,4.9,3.239293326118272,-18.373581982543726,30.173869684584957
2018-12-01,M1_DistPred_ANN,3.1,5.343168153387936,-14.825351631136412,26.965677920517265
2019-01-01,M1_DistPred_ANN,7.7,0.4102181146410686,-14.8717514820872,18.544151708256543
2019-02-01,M1_DistPred_ANN,0.8,2.643806446501216,-13.99779196678133,22.755897222759835
2019-03-01,M1_DistPred_ANN,9.4,3.6914393771416627,-16.82087412404862,26.840781095647618
2019-04-01,M1_DistPred_ANN,9.1,6.382058236191497,-13.815569323217822,27.538976300056383
2019-05-01,M1_DistPred_ANN,9.9,6.064781839387862,-13.230359150823926,27.752495232553752
2019-06-01,M1_DistPred_ANN,1.2,6.82369708211391,-10.028974371251142,25.377741635759723
2019-07-01,M1_DistPred_ANN,0.9,1.7302914179961277,-16.30907801112966,23.098455326492033
2019-08-01,M1_DistPred_ANN,0.5,7.167719931637947,-14.55860377585725,28.863003924319912
2019-09-01,M1_DistPred_ANN,1.1,7.101710603137306,-16.080728990200694,30.049099518222132
2019-10-01,M1_DistPred_ANN,0.4,4.679580156570012,-14.861705119870077,26.271472399028777
2019-11-01,M1_DistPred_ANN,0.5,-1.5889006795312497,-17.77874667615224,18.00682195359487
2019-12-01,M1_DistPred_ANN,1.5,-1.5967517774471531,-17.331144108951413,17.33492096100901
2020-01-01,M1_DistPred_ANN,6.2,1.4350183803728953,-16.327710465044788,22.700675005941946
2020-02-01,M1_DistPred_ANN,0.2,1.8378991374701457,-14.629212957001965,21.994605500741084
2020-03-01,M1_DistPred_ANN,1.5,1.9508199284911996,-15.729289646675584,23.266291175105735
2020-04-01,M1_DistPred_ANN,5.2,2.9623322105035754,-14.61194667324674,20.850880636947984
2020-05-01,M1_DistPred_ANN,0.2,5.508384967039348,-12.58676526719282,22.627550627907258
2020-06-01,M1_DistPred_ANN,5.8,4.124424608203384,-13.235845662482868,21.193293969465806
2020-07-01,M1_DistPred_ANN,6.1,7.040474568378585,-11.00685088033861,24.046538820959306
2020-08-01,M1_DistPred_ANN,7.5,5.774633288088111,-9.489722741078072,21.72837997658657
2020-09-01,M1_DistPred_ANN,0.6,5.207030224591136,-7.562246390504949,19.88248531411349
2020-10-01,M1_DistPred_ANN,14.6,3.465740677545128,-11.191828732686439,20.318619726753745
2020-11-01,M1_DistPred_ANN,34.5,10.8003496123564,-5.363940520719659,26.457066617685875
2020-12-01,M1_DistPred_ANN,23.1,22.106934040154812,-0.7755918373114863,43.80675594575832
2021-01-01,M1_DistPred_ANN,10.4,20.00438112330896,1.1954189515953626,39.1020915593353
2021-02-01,M1_DistPred_ANN,8.2,16.06822358407375,-2.9907026274450033,40.00467035681076
2021-03-01,M1_DistPred_ANN,17.2,14.575793339772517,-3.9462370976654917,37.64695552827101
2021-04-01,M1_DistPred_ANN,24.5,19.56635358006983,0.8831511063735284,39.203090180047866
2021-05-01,M1_DistPred_ANN,21.2,23.418545279633832,2.858177623065947,45.21717415904107
2021-06-01,M1_DistPred_ANN,25.0,22.944415111240943,5.449538754127596,42.01546620437724
2021-07-01,M1_DistPred_ANN,34.3,26.155039749104247,7.669081713344745,44.89175190282945
2021-08-01,M1_DistPred_ANN,22.0,33.824816721780984,9.359836392794382,56.36586592894142
2021-09-01,M1_DistPred_ANN,51.3,25.09242131760417,6.592844147544275,47.57370534534534
2021-10-01,M1_DistPred_ANN,37.4,42.272241068932296,16.863320301685015,66.37834258416541
2021-11-01,M1_DistPred_ANN,34.8,40.610131046137916,19.499844657895572,60.76721614043495
2021-12-01,M1_DistPred_ANN,67.5,39.47619731830409,17.986046204599532,63.275539182130714
2022-01-01,M1_DistPred_ANN,55.3,61.82841653915292,24.672975766128985,94.25700203416172
2022-02-01,M1_DistPred_ANN,60.9,56.32674871739304,32.01966016472377,79.32548718385016
2022-03-01,M1_DistPred_ANN,78.6,64.42093749299218,35.06264843387896,91.03988243207975
2022-04-01,M1_DistPred_ANN,84.0,72.9054084429161,43.18362179137785,100.91946670852903
2022-05-01,M1_DistPred_ANN,96.5,78.04221980589047,52.348772500161594,102.24912846301399
2022-06-01,M1_DistPred_ANN,70.3,95.5377123793659,54.50306399406099,131.8294136630778
2022-07-01,M1_DistPred_ANN,91.4,83.07734704805571,55.076868411916465,116.21399368727724
2022-08-01,M1_DistPred_ANN,74.6,92.28696343656341,64.92795889695289,121.48223115595299
2022-09-01,M1_DistPred_ANN,96.0,83.48384132975346,60.3430653630426,113.94548006654489
2022-10-01,M1_DistPred_ANN,95.5,99.27795619782437,71.17694898883451,126.31884747339595
2022-11-01,M1_DistPred_ANN,80.5,102.93413991131756,73.0227548544054,133.44547623547214
2022-12-01,M1_DistPred_ANN,112.8,94.54209314723148,73.1351593499435,120.46605485904354
2023-01-01,M1_DistPred_ANN,144.4,113.0967614701209,81.95572463871824,142.75067052060925
1998-06-01,M2_DistPred_Minusformer,90.5,79.88770736618856,20.125199101203812,128.28058863227196
1998-07-01,M2_DistPred_Minusformer,96.7,81.30516413695997,42.59206893381182,115.93421392995188
1998-08-01,M2_DistPred_Minusformer,121.1,90.18719397005017,47.08291054279317,127.60395069442632
1998-09-01,M2_DistPred_Minusformer,132.0,104.92628224860144,55.77165083847176,146.94723903714907
1998-10-01,M2_DistPred_Minusformer,78.5,114.53942482093393,73.90675613683582,150.19196903146025
1998-11-01,M2_DistPred_Minusformer,97.3,106.32131208814481,70.30735719255793,137.628218567594
1998-12-01,M2_DistPred_Minusformer,119.2,111.08916236840814,71.34102583356835,145.98486188389978
1999-01-01,M2_DistPred_Minusformer,86.0,119.76156661642925,75.38298196740456,159.2374107869383
1999-02-01,M2_DistPred_Minusformer,98.0,104.2789634390133,80.84163591011678,132.35609247013758
1999-03-01,M2_DistPred_Minusformer,103.5,110.46014956848747,82.81708969545821,132.29489464125427
1999-04-01,M2_DistPred_Minusformer,93.6,105.24157931330407,79.32111271233347,139.31057973538063
1999-05-01,M2_DistPred_Minusformer,149.6,104.72231851900415,79.25054639084077,136.85123614735062
1999-06-01,M2_DistPred_Minusformer,207.2,134.60407557852628,85.24205777482504,177.5450480788828
1999-07-01,M2_DistPred_Minusformer,173.5,159.76531986179282,114.63188797066738,198.56950427824785
1999-08-01,M2_DistPred_Minusformer,142.3,166.31745906311318,122.79134461491228,202.9550132162091
1999-09-01,M2_DistPred_Minusformer,106.3,142.7229437542728,105.45773810423813,202.1221444604598
1999-10-01,M2_DistPred_Minusformer,168.7,133.43733935582569,95.87308609113548,192.27059362759599
1999-11-01,M2_DistPred_Minusformer,188.3,168.71464521944262,122.98548704718846,207.5761171200293
1999-12-01,M2_DistPred_Minusformer,116.8,172.53625708243624,140.71570053420183,201.11574097594652
2000-01-01,M2_DistPred_Minusformer,133.1,150.55029370544995,115.21871982170543,197.32062071724621
2000-02-01,M2_DistPred_Minusformer,165.7,142.02791423972985,100.1886198189379,209.58495730248958
2000-03-01,M2_DistPred_Minusformer,217.7,175.5414966726118,125.40096263039038,218.5628252399797
2000-04-01,M2_DistPred_Minusformer,191.5,194.03040196260633,142.66739032100318,238.30293470711476
2000-05-01,M2_DistPred_Minusformer,165.9,177.93688911897016,141.03436697054522,230.09543848907478
2000-06-01,M2_DistPred_Minusformer,188.0,170.01481593919243,128.39598793761198,235.7827270782851
2000-07-01,M2_DistPred_Minusformer,244.3,180.6487404728755,140.0868791629105,237.2244024038732
2000-08-01,M2_DistPred_Minusformer,180.5,227.20720637652965,152.05630930866852,291.78353946428825
2000-09-01,M2_DistPred_Minusformer,156.0,199.62148396972816,165.00765348347088,242.96334084606113
2000-10-01,M2_DistPred_Minusformer,141.6,183.3390298244205,139.47647916679722,244.9370903544803
2000-11-01,M2_DistPred_Minusformer,158.1,164.13207882439704,112.96654205887612,248.78534370881445
2000-12-01,M2_DistPred_Minusformer,143.3,149.64959904613357,75.15537399350924,270.5574212056915
2001-01-01,M2_DistPred_Minusformer,142.6,175.79938320789128,137.40396653471691,213.88430545815305
2001-02-01,M2_DistPred_Minusformer,121.5,155.01861864351582,106.3469519685323,226.3379694157894
2001-03-01,M2_DistPred_Minusformer,165.8,154.14069303676203,116.1281210938771,201.5477924149497
2001-04-01,M2_DistPred_Minusformer,161.7,156.64542139716303,116.01058783418702,209.24050819881703
2001-05-01,M2_DistPred_Minusformer,142.1,168.42797134170218,124.84173763245974,202.9316321139329
2001-06-01,M2_DistPred_Minusformer,202.9,167.4064602936526,117.77004421032439,206.56432641970542
2001-07-01,M2_DistPred_Minusformer,123.0,178.3015320715466,134.65391911075218,213.96371908324434
2001-08-01,M2_DistPred_Minusformer,161.5,137.13137286502223,83.15040248494424,226.32960742051526
2001-09-01,M2_DistPred_Minusformer,238.2,149.70398783466473,99.63734949325612,222.35194407768466
2001-10-01,M2_DistPred_Minusformer,194.1,188.81074590868658,146.49421559192177,229.88209991014378
2001-11-01,M2_DistPred_Minusformer,176.6,199.5015702103086,139.87322915581115,248.1558264106801
2001-12-01,M2_DistPred_Minusformer,213.4,171.73566620394737,122.59564019331953,241.95125373801272
2002-01-01,M2_DistPred_Minusformer,184.6,202.5594380274879,151.75133391608477,243.523734918432
2002-02-01,M2_DistPred_Minusformer,170.2,197.23097014895495,148.84485994290532,235.04570164711885
2002-03-01,M2_DistPred_Minusformer,147.1,173.5712828481045,130.89174619248004,235.082941352789
2002-04-01,M2_DistPred_Minusformer,186.9,148.42684004138243,79.70932536353283,258.38824357421254
2002-05-01,M2_DistPred_Minusformer,187.5,180.34212742189385,145.8033279512005,221.42267780048516
2002-06-01,M2_DistPred_Minusformer,128.8,195.07790016549973,138.36374752094477,240.79043347106543
2002-07-01,M2_DistPred_Minusformer,161.0,155.69464372291378,113.27025123652967,216.82427073688578
2002-08-01,M2_DistPred_Minusformer,175.6,166.23159784182718,132.69420550925,209.24520720588325
2002-09-01,M2_DistPred_Minusformer,187.9,168.66648644412487,134.78552088221622,210.4727189871584
2002-10-01,M2_DistPred_Minusformer,151.2,177.40840846147208,137.39749789047937,209.70399463060932
2002-11-01,M2_DistPred_Minusformer,147.2,141.51544707375848,81.32901401436283,236.85403314829085
2002-12-01,M2_DistPred_Minusformer,135.3,158.2125535734085,125.89342244478331,198.73476821720095
2003-01-01,M2_DistPred_Minusformer,133.5,155.66889051926546,116.44164320029054,188.2176672266681
2003-02-01,M2_DistPred_Minusformer,75.7,129.21479870848395,86.20765262871794,198.6222095282402
2003-03-01,M2_DistPred_Minusformer,100.7,102.69660280663422,51.06992063232491,187.9241837236193
2003-04-01,M2_DistPred_Minusformer,97.9,97.19006682716264,41.84671573270724,186.80546687181337
2003-05-01,M2_DistPred_Minusformer,86.8,102.38108509914635,62.83475311282524,158.38837175160515
2003-06-01,M2_DistPred_Minusformer,118.7,100.45216702061805,65.22028751109963,144.32476499021948
2003-07-01,M2_DistPred_Minusformer,128.3,120.05157817071692,61.51898418061357,171.16507902880124
2003-08-01,M2_DistPred_Minusformer,115.4,108.42496439487437,74.14732026358351,151.0269302729914
2003-09-01,M2_DistPred_Minusformer,78.5,108.6893677617512,76.51156952743725,148.08819623135568
2003-10-01,M2_DistPred_Minusformer,97.8,77.75743593286137,27.285229550156373,162.1820539671777
2003-11-01,M2_DistPred_Minusformer,82.9,89.43120494655658,49.96390053303328,142.66205916476736
2003-12-01,M2_DistPred_Minusformer,72.2,89.1342295434025,56.478372481484016,130.0454634211169
2004-01-01,M2_DistPred_Minusformer,60.6,85.0867248596591,49.098384224285724,116.9533394589607
2004-02-01,M2_DistPred_Minusformer,74.6,69.03927371781025,32.75879285149182,116.54295061379176
2004-03-01,M2_DistPred_Minusformer,74.8,71.03885019872234,39.68780623831266,110.31476941853144
2004-04-01,M2_DistPred_Minusformer,59.2,66.46396141368753,37.86367432559369,101.24078887653722
2004-05-01,M2_DistPred_Minusformer,72.8,63.030348785620674,33.74957813457148,90.58797824327998
2004-06-01,M2_DistPred_Minusformer,66.5,70.27037506203317,26.9396462009813,107.84420885777742
2004-07-01,M2_DistPred_Minusformer,83.8,51.81788345466835,22.346920839625213,90.88695531501178
2004-08-01,M2_DistPred_Minusformer,69.7,70.96706805747218,22.069618656075576,113.91809392829016
2004-09-01,M2_DistPred_Minusformer,48.8,66.97315043750963,27.0693269674535,99.73180178842514
2004-10-01,M2_DistPred_Minusformer,74.2,57.255508045446916,23.57383128613359,84.61264085181836
2004-11-01,M2_DistPred_Minusformer,70.1,63.182170680028335,24.43552934821919,95.07966421520662
2004-12-01,M2_DistPred_Minusformer,28.9,61.98650617217638,23.110163326738714,95.14374615811697
2005-01-01,M2_DistPred_Minusformer,48.1,39.76722615175678,12.921368377095504,73.47521218416952
2005-02-01,M2_DistPred_Minusformer,43.5,39.92069015279749,13.821755159031639,72.06000085609703
2005-03-01,M2_DistPred_Minusformer,39.6,40.86345081606803,12.255131039761253,64.1468947607708
2005-04-01,M2_DistPred_Minusformer,38.7,34.98367245716345,10.155067985347273,58.91979572113203
2005-05-01,M2_DistPred_Minusformer,61.9,34.147014488935426,6.636459945908037,56.37016580606407
2005-06-01,M2_DistPred_Minusformer,56.8,42.579969541739295,8.911980786912252,71.03086768987689
2005-07-01,M2_DistPred_Minusformer,62.4,47.210845000942186,0.06459221474625565,88.95402733730901
2005-08-01,M2_DistPred_Minusformer,60.5,52.61791298471217,-1.4599882922079246,98.9046727516225
2005-09-01,M2_DistPred_Minusformer,37.2,50.68667225015721,16.84959865924923,80.33800823120191
2005-10-01,M2_DistPred_Minusformer,13.2,45.785975090453526,11.160804921542791,76.673836757167
2005-11-01,M2_DistPred_Minusformer,27.5,28.837192569331982,6.657127021570865,55.27708430041219
2005-12-01,M2_DistPred_Minusformer,59.3,30.072950373423573,7.230264092271881,51.892334576328196
2006-01-01,M2_DistPred_Minusformer,20.9,41.84613712413766,6.814625417476201,73.04578304329303
2006-02-01,M2_DistPred_Minusformer,5.7,32.78143690724754,0.42410104871217413,60.23642424741132
2006-03-01,M2_DistPred_Minusformer,17.3,6.02919476716194,-30.654597179477314,61.38999438897209
2006-04-01,M2_DistPred_Minusformer,50.3,23.560925657196123,-9.470993292222282,52.47874605772537
2006-05-01,M2_DistPred_Minusformer,37.2,29.44581400580136,-0.2466142040528183,54.2888397879822
2006-06-01,M2_DistPred_Minusformer,24.5,24.594865969354053,2.401170375660435,49.13470051721027
2006-07-01,M2_DistPred_Minusformer,22.2,23.99692037277042,0.08419046743378189,45.707363080994014
2006-08-01,M2_DistPred_Minusformer,20.8,27.485826482393485,-5.147713565230546,56.12985742433514
2006-09-01,M2_DistPred_Minusformer,23.7,31.72504810275217,-22.41529957754688,76.95893120633002
2006-10-01,M2_DistPred_Minusformer,14.9,20.575391862208107,-2.8020605777595122,41.79209009837934
2006-11-01,M2_DistPred_Minusformer,35.7,15.260257195104927,-6.088286107597899,40.71288069800306
2006-12-01,M2_DistPred_Minusformer,22.3,21.825800868082936,-1.1012724676390455,43.98292715180297
2007-01-01,M2_DistPred_Minusformer,29.3,13.172872509027655,-13.707168411164908,49.448329688985844
2007-02-01,M2_DistPred_Minusformer,18.4,27.3028939236247,-9.628622685494172,59.81493879202092
2007-03-01,M2_DistPred_Minusformer,7.2,14.658061311591652,-8.77558499872495,43.80086079726226
2007-04-01,M2_DistPred_Minusformer,5.4,12.974536706262953,-7.62207580038708,37.30532727916665
2007-05-01,M2_DistPred_Minusformer,19.5,6.5957479664388785,-17.39773266091958,36.764052354783665
2007-06-01,M2_DistPred_Minusformer,21.3,16.30556804468388,-12.09235387133189,40.33985251334247
2007-07-01,M2_DistPred_Minusformer,15.1,19.916442212740833,-14.131985071053878,50.033750531386616
2007-08-01,M2_DistPred_Minusformer,9.8,18.074378825658627,-11.721818871963112,44.05917515609286
2007-09-01,M2_DistPred_Minusformer,4.0,12.748626312089812,-10.319886504532898,32.43815229323278
2007-10-01,M2_DistPred_Minusformer,1.5,7.142907966357043,-13.42873110628516,31.32435119244163
2007-11-01,M2_DistPred_Minusformer,2.8,2.7311653245212852,-19.85222057656391,30.71591841310648
2007-12-01,M2_DistPred_Minusformer,17.3,-1.3204144554695176,-25.75445939938724,31.78996200852877
2008-01-01,M2_DistPred_Minusformer,4.1,12.027018350705418,-18.538979967962867,39.43197016439934
2008-02-01,M2_DistPred_Minusformer,2.9,6.304513098047963,-17.277064722754055,25.18077962047962
2008-03-01,M2_DistPred_Minusformer,15.5,7.281233776291032,-22.090824742995785,33.59729301655563
2008-04-01,M2_DistPred_Minusformer,3.6,10.558552586025982,-17.61048218060903,34.46603644934068
2008-05-01,M2_DistPred_Minusformer,4.6,1.7989577368824712,-18.058125092243117,25.841509716551272
2008-06-01,M2_DistPred_Minusformer,5.2,5.800965525710353,-15.397667506891084,23.208772237663595
2008-07-01,M2_DistPred_Minusformer,0.6,7.184448285187216,-17.434030779035638,28.42365512689115
2008-08-01,M2_DistPred_Minusformer,0.3,3.7308585256053846,-16.340123895197145,20.1654280874449
2008-09-01,M2_DistPred_Minusformer,1.2,0.9527759314925817,-15.06832806832649,19.27299535069947
2008-10-01,M2_DistPred_Minusformer,4.2,3.5233485708020282,-15.576169652117104,20.211950465290982
2008-11-01,M2_DistPred_Minusformer,6.6,1.8129228965524362,-13.965496062523272,16.533963325125825
2008-12-01,M2_DistPred_Minusformer,1.0,4.613363973287605,-14.799725212366639,21.967237136450393
2009-01-01,M2_DistPred_Minusformer,1.3,1.8175544452979295,-14.32756082298328,16.362467272363624
2009-02-01,M2_DistPred_Minusformer,1.2,1.4011528578379568,-13.927633659399538,15.99727657810127
2009-03-01,M2_DistPred_Minusformer,0.6,1.850635444789205,-14.635281204699568,16.000823925790428
2009-04-01,M2_DistPred_Minusformer,1.2,3.069799738296595,-17.444754819398536,21.906057729982205
2009-05-01,M2_DistPred_Minusformer,2.9,1.7218782788844322,-14.770107082264266,15.900539427005176
2009-06-01,M2_DistPred_Minusformer,6.3,3.3523381012132916,-17.425149770867527,22.444225454113813
2009-07-01,M2_DistPred_Minusformer,5.5,6.269692190787296,-20.160610286879376,29.37907420107726
2009-08-01,M2_DistPred_Minusformer,0.0,6.272418085353735,-19.06831871358873,28.605205532031796
2009-09-01,M2_DistPred_Minusformer,7.1,2.4985849104935625,-13.691043201671075,16.452812107512326
2009-10-01,M2_DistPred_Minusformer,7.7,5.153087647474848,-11.783575918445205,20.45833978017499
2009-11-01,M2_DistPred_Minusformer,6.9,6.1169621373594225,-9.943486924965464,20.787089825744793
2009-12-01,M2_DistPred_Minusformer,16.3,7.39844670800565,-11.531024419081964,24.888988038874395
2010-01-01,M2_DistPred_Minusformer,19.5,10.815239390307866,-9.036688824484608,29.090378225980466
2010-02-01,M2_DistPred_Minusformer,28.5,14.297429912241626,-7.884017906254757,34.61747879542001
2010-03-01,M2_DistPred_Minusformer,24.0,21.368084799771253,-7.8116051590806865,46.65925928621108
2010-04-01,M2_DistPred_Minusformer,10.4,21.721172134307125,-1.2306299845689743,42.65659489679895
2010-05-01,M2_DistPred_Minusformer,13.9,18.57094069408295,0.5098016587587733,34.77521050867348
2010-06-01,M2_DistPred_Minusformer,18.8,17.589248973642796,2.1493291431530412,31.862722595178695
2010-07-01,M2_DistPred_Minusformer,25.2,20.530693696235332,1.6797759151926535,37.76960767402484
2010-08-01,M2_DistPred_Minusformer,29.6,25.113785028670407,-0.5325046928304857,47.730662480579014
2010-09-01,M2_DistPred_Minusformer,36.4,27.48003571152907,4.438036896338183,48.39354217137328
2010-10-01,M2_DistPred_Minusformer,33.6,31.505969540278826,7.881965034112561,53.04554907391091
2010-11-01,M2_DistPred_Minusformer,34.4,35.72772854773709,5.599112783676432,61.67603883084071
2010-12-01,M2_DistPred_Minusformer,24.5,35.60753787526217,13.10537705095416,56.14897959098863
2011-01-01,M2_DistPred_Minusformer,27.3,30.484852862532115,15.974722237361114,46.79299526748827
2011-02-01,M2_DistPred_Minusformer,48.3,34.6111329353712,13.549620090604705,53.81940290599219
2011-03-01,M2_DistPred_Minusformer,78.6,41.50224801690274,18.52269728560614,62.45309935015857
2011-04-01,M2_DistPred_Minusformer,76.1,55.72512916870958,26.353800506523896,82.0802482285393
2011-05-01,M2_DistPred_Minusformer,58.2,63.469214235678955,31.429453150883774,92.16555624546193
2011-06-01,M2_DistPred_Minusformer,56.1,64.89969981767031,30.29360318089958,95.46801378537366
2011-07-01,M2_DistPred_Minusformer,64.5,64.5603751321431,37.735430313145585,88.45091557797166
2011-08-01,M2_DistPred_Minusformer,65.8,64.51276932324564,45.42374811367042,82.63292227720564
2011-09-01,M2_DistPred_Minusformer,120.1,65.42443739455922,48.07954361371276,85.90230854185313
2011-10-01,M2_DistPred_Minusformer,125.7,91.06362619067951,56.10705157091046,121.93255909444515
2011-11-01,M2_DistPred_Minusformer,139.1,103.64546634396424,66.35740344697248,136.58956847893208
2011-12-01,M2_DistPred_Minusformer,109.3,122.7054711403403,65.64933124972121,170.6466093524926
2012-01-01,M2_DistPred_Minusformer,94.4,120.15191846104443,74.69416921271022,160.5025929718298
2012-02-01,M2_DistPred_Minusformer,47.8,111.3347182310366,85.53852381343194,134.4715374579064
2012-03-01,M2_DistPred_Minusformer,86.6,78.72623044071871,33.0722878514362,149.5033572341028
2012-04-01,M2_DistPred_Minusformer,85.9,88.41449757939019,54.75906653081471,140.43020103549742
2012-05-01,M2_DistPred_Minusformer,96.5,96.62569925524653,70.66611008148408,128.28909339879658
2012-06-01,M2_DistPred_Minusformer,92.0,88.63585481765472,52.77582748606946,145.52980529834886
2012-07-01,M2_DistPred_Minusformer,100.1,100.69640214679909,75.52020827714996,129.99648498586959
2012-08-01,M2_DistPred_Minusformer,94.8,113.48091153271322,67.49108781678436,153.67314880760205
2012-09-01,M2_DistPred_Minusformer,93.7,102.02968510874385,76.71198026811791,133.32040335040128
2012-10-01,M2_DistPred_Minusformer,76.5,92.12630569468772,57.5964395311094,146.02738767857852
2012-11-01,M2_DistPred_Minusformer,87.6,91.61368440816105,60.3260626332351,134.96866801475204
2012-12-01,M2_DistPred_Minusformer,56.8,90.22030035295926,56.40816123543708,139.6156761648174
2013-01-01,M2_DistPred_Minusformer,96.1,88.1693549318967,61.70566016206027,120.71364948658422
2013-02-01,M2_DistPred_Minusformer,60.9,90.64836695090847,59.381717811372795,130.83766356664043
2013-03-01,M2_DistPred_Minusformer,78.3,79.00755772956914,46.374238051292366,124.8434607208342
2013-04-01,M2_DistPred_Minusformer,107.3,85.68605132295552,58.087849332715436,120.02337188924541
2013-05-01,M2_DistPred_Minusformer,120.2,102.52162293636215,63.66943311221293,134.25818165699576
2013-06-01,M2_DistPred_Minusformer,76.7,106.53036177568788,73.28908061337857,134.1122381833585
2013-07-01,M2_DistPred_Minusformer,86.2,80.73532133022843,39.644053797297715,147.79387974145504
2013-08-01,M2_DistPred_Minusformer,91.8,71.90021836828302,13.192515269297246,166.20195756956372
2013-09-01,M2_DistPred_Minusformer,54.5,99.55269582839784,68.51415959109165,127.67282081082122
2013-10-01,M2_DistPred_Minusformer,114.4,73.63388527073973,36.006971688880725,130.97868005529648
2013-11-01,M2_DistPred_Minusformer,113.9,102.87653491493843,64.92532335255409,131.74090107937354
2013-12-01,M2_DistPred_Minusformer,124.2,104.61691131260417,70.13722168489885,132.15676825293156
2014-01-01,M2_DistPred_Minusformer,117.0,106.71571796718996,78.70582743977984,141.61581006320358
2014-02-01,M2_DistPred_Minusformer,146.1,100.49062296030255,62.36487176880624,156.12500585803664
2014-03-01,M2_DistPred_Minusformer,128.7,126.26169544441149,90.46851134951285,154.31880795270123
2014-04-01,M2_DistPred_Minusformer,112.5,127.62047165168381,91.90944170092278,154.05811560085795
2014-05-01,M2_DistPred_Minusformer,112.5,109.03072363968936,74.13215417692538,161.20932239932833
2014-06-01,M2_DistPred_Minusformer,102.9,119.17976965300515,91.27366428760575,144.06874035196168
2014-07-01,M2_DistPred_Minusformer,100.2,119.34781657365723,85.2546213164364,147.54209940106847
2014-08-01,M2_DistPred_Minusformer,106.9,126.32964780227485,59.18444821227928,182.06763608855948
2014-09-01,M2_DistPred_Minusformer,130.0,110.70889518398998,87.48390848219047,139.14042103984224
2014-10-01,M2_DistPred_Minusformer,90.0,125.97144343896687,86.82008057943207,160.64546941495675
2014-11-01,M2_DistPred_Minusformer,103.6,99.70735384531666,68.0704728424538,148.22872772232503
2014-12-01,M2_DistPred_Minusformer,112.9,112.337063505012,83.86522430204342,136.08384033768027
2015-01-01,M2_DistPred_Minusformer,93.0,111.169568474031,87.10071301456973,138.37923346947247
2015-02-01,M2_DistPred_Minusformer,66.7,104.90734554296068,81.10606604567917,133.35897966403675
2015-03-01,M2_DistPred_Minusformer,54.5,79.15849723152274,34.579429379358146,148.09266762274984
2015-04-01,M2_DistPred_Minusformer,75.3,67.67368311226281,20.46958397652152,141.0143789276916
2015-05-01,M2_DistPred_Minusformer,88.8,80.71635604463798,52.589890490468065,116.87813901976736
2015-06-01,M2_DistPred_Minusformer,66.5,90.2075333599976,56.888666051338475,115.13425503495921
2015-07-01,M2_DistPred_Minusformer,65.8,75.49424474747525,45.93193522603762,113.52933640392264
2015-08-01,M2_DistPred_Minusformer,64.4,71.72485420110814,42.20976544176014,109.71750777216269
2015-09-01,M2_DistPred_Minusformer,78.6,71.91539457013609,45.202249480985145,104.28450641801506
2015-10-01,M2_DistPred_Minusformer,63.6,70.65697831433066,40.973563016653515,108.74204213343114
2015-11-01,M2_DistPred_Minusformer,62.2,73.97853575336181,42.85997397440605,98.17648042874092
2015-12-01,M2_DistPred_Minusformer,58.0,49.857138274088356,4.511367390014534,120.56184546797664
2016-01-01,M2_DistPred_Minusformer,57.0,59.781991304971086,31.490684168481422,95.8657178750545
2016-02-01,M2_DistPred_Minusformer,56.4,60.45488835115728,36.16446148965885,90.09133781855171
2016-03-01,M2_DistPred_Minusformer,54.1,59.2391347688861,34.60824295036586,87.02396678821201
2016-04-01,M2_DistPred_Minusformer,37.9,51.39430642742624,21.997565353483573,91.80283300857106
2016-05-01,M2_DistPred_Minusformer,51.5,45.393988413563584,18.056588280968356,81.49811408631994
2016-06-01,M2_DistPred_Minusformer,20.5,46.26358060002816,20.652355297635793,78.71640059846546
2016-07-01,M2_DistPred_Minusformer,32.4,32.89448596287197,5.157642899573958,70.31251951689264
2016-08-01,M2_DistPred_Minusformer,50.2,29.832229464377633,1.8456890588280572,68.11159175408248
2016-09-01,M2_DistPred_Minusformer,44.6,40.907690931556765,15.355659455401316,62.265712626828424
2016-10-01,M2_DistPred_Minusformer,33.4,41.207939593565754,12.963804566738055,65.12390193667764
2016-11-01,M2_DistPred_Minusformer,21.4,28.147026996779367,5.770785940888828,57.72394449386253
2016-12-01,M2_DistPred_Minusformer,18.5,26.07883734701661,7.071408821306463,48.478934596786814
2017-01-01,M2_DistPred_Minusformer,26.1,25.889728404863796,1.5393205032853672,45.88771263853451
2017-02-01,M2_DistPred_Minusformer,26.4,24.37266898487379,1.0298476322945262,42.822660323224234
2017-03-01,M2_DistPred_Minusformer,17.7,25.377413460676358,-2.1542432824297357,48.56960506248606
2017-04-01,M2_DistPred_Minusformer,32.3,13.950091557819363,-5.6656977594418265,37.76157514283034
2017-05-01,M2_DistPred_Minusformer,18.9,23.6464340278522,-4.393269320822473,48.90518015454201
2017-06-01,M2_DistPred_Minusformer,19.2,20.39464647069596,-8.072716438690968,45.94576010487537
2017-07-01,M2_DistPred_Minusformer,17.8,14.435499705211939,-4.455041455744027,32.88414156654632
2017-08-01,M2_DistPred_Minusformer,32.6,14.592654469826321,-6.551061436596708,31.6840587173901
2017-09-01,M2_DistPred_Minusformer,43.7,21.689730143979546,-7.169898150294497,47.516815255880545
2017-10-01,M2_DistPred_Minusformer,13.2,25.31846737187641,3.5890305100806756,43.94192193005276
2017-11-01,M2_DistPred_Minusformer,5.7,19.382674184609364,-1.8931233783776804,36.582096263129856
2017-12-01,M2_DistPred_Minusformer,8.2,15.072515100822102,-6.88323538878481,34.0064836690423
2018-01-01,M2_DistPred_Minusformer,6.8,14.1467205469487,-10.929636157020887,36.5192846788968
2018-02-01,M2_DistPred_Minusformer,10.7,2.3493253367550295,-18.891586606157475,32.49549927307574
2018-03-01,M2_DistPred_Minusformer,2.5,8.243261219080168,-10.85966533851364,25.116114160765353
2018-04-01,M2_DistPred_Minusformer,8.9,3.0792497644764865,-13.559097700658839,22.067707924377856
2018-05-01,M2_DistPred_Minusformer,13.1,5.064691750834982,-14.148385301158033,21.7306309984986
2018-06-01,M2_DistPred_Minusformer,15.6,9.33673810773432,-18.117194051216536,33.8634866386029
2018-07-01,M2_DistPred_Minusformer,1.6,8.502579220005344,-12.798916378001017,26.239664608355945
2018-08-01,M2_DistPred_Minusformer,8.7,3.1803969660159055,-14.964918341935247,21.170574854266434
2018-09-01,M2_DistPred_Minusformer,3.3,6.0527776072427315,-15.587896318959512,24.573395381101225
2018-10-01,M2_DistPred_Minusformer,4.9,6.878473647515733,-23.412987891824557,34.21851535653376
2018-11-01,M2_DistPred_Minusformer,4.9,5.882620562293809,-19.893687344482203,29.204112604506832
2018-12-01,M2_DistPred_Minusformer,3.1,5.255352868658932,-18.85649100491571,26.365947428879082
2019-01-01,M2_DistPred_Minusformer,7.7,5.612309093263505,-21.500298196869913,30.216081067692578
2019-02-01,M2_DistPred_Minusformer,0.8,3.186223019072017,-14.355561932906818,19.048574386837593
2019-03-01,M2_DistPred_Minusformer,9.4,5.397089468312927,-23.344309716699986,30.75180709662418
2019-04-01,M2_DistPred_Minusformer,9.1,6.037402841637359,-18.515901964819385,28.151978123481676
2019-05-01,M2_DistPred_Minusformer,9.9,5.6461555309467,-14.710616185125684,23.456383172006877
2019-06-01,M2_DistPred_Minusformer,1.2,8.225654713225055,-16.10602267294792,30.17327147813643
2019-07-01,M2_DistPred_Minusformer,0.9,4.630398086468418,-13.439078125570578,19.74313606494113
2019-08-01,M2_DistPred_Minusformer,0.5,6.26948341850013,-19.545567047951977,29.494966700503994
2019-09-01,M2_DistPred_Minusformer,1.1,5.509085700412086,-20.547901612881358,28.917360855502405
2019-10-01,M2_DistPred_Minusformer,0.4,4.310275738006169,-17.769335086605917,24.4222654745903
2019-11-01,M2_DistPred_Minusformer,0.5,2.0870870409582523,-15.916623186772359,17.805566632092184
2019-12-01,M2_DistPred_Minusformer,1.5,-0.5775028150448094,-15.763474240482173,16.568339187251077
2020-01-01,M2_DistPred_Minusformer,6.2,0.5557247001818553,-15.07782204493981,15.973006005316337
2020-02-01,M2_DistPred_Minusformer,0.2,4.837235856983085,-16.876766782380383,24.654130418343623
2020-03-01,M2_DistPred_Minusformer,1.5,3.5471620152831917,-18.21377908759355,23.329412970760032
2020-04-01,M2_DistPred_Minusformer,5.2,1.3125242805108996,-14.786930651518224,15.099120154159897
2020-05-01,M2_DistPred_Minusformer,0.2,4.434538388441325,-17.289670922100047,24.18056538315628
2020-06-01,M2_DistPred_Minusformer,5.8,3.129341395350906,-15.146555043586384,20.039711873365952
2020-07-01,M2_DistPred_Minusformer,6.1,6.574521695148604,-17.357129734708728,27.490517130590653
2020-08-01,M2_DistPred_Minusformer,7.5,6.177878737154273,-13.449728978108102,24.003487360314598
2020-09-01,M2_DistPred_Minusformer,0.6,7.028202342778087,-11.621895381136053,24.205496235591763
2020-10-01,M2_DistPred_Minusformer,14.6,2.4008007018066024,-10.688469414906898,17.557351349449668
2020-11-01,M2_DistPred_Minusformer,34.5,9.71466376316664,-8.890992923215997,26.886097989756188
2020-12-01,M2_DistPred_Minusformer,23.1,18.407659500207302,-4.228522287750939,39.01850979097316
2021-01-01,M2_DistPred_Minusformer,10.4,20.11039632869226,-4.334239842807714,42.1700208272186
2021-02-01,M2_DistPred_Minusformer,8.2,16.609922278302875,-0.619408605838558,31.573597168029025
2021-03-01,M2_DistPred_Minusformer,17.2,15.748582377000147,-1.8664655789582163,31.385017433178238
2021-04-01,M2_DistPred_Minusformer,24.5,19.000362178397467,-2.3840865568955145,38.440869797357436
2021-05-01,M2_DistPred_Minusformer,21.2,21.803824935090375,1.1040339081611616,40.80780182932916
2021-06-01,M2_DistPred_Minusformer,25.0,22.73925806969126,2.1792631613236413,41.616507044526166
2021-07-01,M2_DistPred_Minusformer,34.3,23.89611168857263,6.534110333110981,38.7127357895482
2021-08-01,M2_DistPred_Minusformer,22.0,33.51266004453489,-1.1294137903110872,62.65597556334083
2021-09-01,M2_DistPred_Minusformer,51.3,23.936904931572066,8.027720589499841,42.6308437883385
2021-10-01,M2_DistPred_Minusformer,37.4,38.48684544667888,13.040938328418413,61.45801825860389
2021-11-01,M2_DistPred_Minusformer,34.8,38.20823170836936,16.681116210935123,56.77819579283973
2021-12-01,M2_DistPred_Minusformer,67.5,43.648463324773815,6.2353996134130085,75.25049187988462
2022-01-01,M2_DistPred_Minusformer,55.3,53.55206842513925,18.16136954969832,84.13253990647617
2022-02-01,M2_DistPred_Minusformer,60.9,54.16329275425827,25.54551189125575,79.82699780396734
2022-03-01,M2_DistPred_Minusformer,78.6,65.64719386353661,17.065973419383113,105.10198570356413
2022-04-01,M2_DistPred_Minusformer,84.0,67.34830147117538,40.91955509521086,90.69755813919309
2022-05-01,M2_DistPred_Minusformer,96.5,77.13569133299008,40.073015425805515,109.32639897082649
2022-06-01,M2_DistPred_Minusformer,70.3,93.95291738119695,35.11912282050752,141.04792333715005
2022-07-01,M2_DistPred_Minusformer,91.4,80.87890840364653,57.09795820416805,100.6320768781952
2022-08-01,M2_DistPred_Minusformer,74.6,94.03916642423431,50.25510590394141,131.07915879877527
2022-09-01,M2_DistPred_Minusformer,96.0,88.92709770792729,59.72742519962097,115.12067957521188
2022-10-01,M2_DistPred_Minusformer,95.5,96.52723045166958,65.28284748832334,124.24471264673579
2022-11-01,M2_DistPred_Minusformer,80.5,101.45427388348553,64.55164212628651,133.86049240978855
2022-12-01,M2_DistPred_Minusformer,112.8,94.0238646163477,73.66602565994393,112.59568780887264
2023-01-01,M2_DistPred_Minusformer,144.4,112.46140075234746,66.758744639176,150.88685902768933
1998-06-01,M3_Quantile_ANN,90.5,76.26296581192831,41.29170586847676,122.26246882026024
1998-07-01,M3_Quantile_ANN,96.7,89.73079852111525,51.278760217991504,140.29018240529368
1998-08-01,M3_Quantile_ANN,121.1,94.28360090669568,57.09833717853536,142.89730472885014
1998-09-01,M3_Quantile_ANN,132.0,111.5549653388114,68.85604338607918,167.49504100858462
1998-10-01,M3_Quantile_ANN,78.5,124.08593551734506,77.53443310064198,185.04388629830595
1998-11-01,M3_Quantile_ANN,97.3,105.9556180421243,59.43966615251887,164.7419194342932
1998-12-01,M3_Quantile_ANN,119.2,111.49189140283197,67.13525438734032,167.1513085696908
1999-01-01,M3_Quantile_ANN,86.0,123.37939117087261,79.48545999474831,179.02966237385237
1999-02-01,M3_Quantile_ANN,98.0,102.60800873472863,57.02378341301595,156.30940057560633
1999-03-01,M3_Quantile_ANN,103.5,108.56443290131217,65.18740286303023,160.54038376173767
1999-04-01,M3_Quantile_ANN,93.6,112.34987332346643,73.17401417107371,159.26216359768532
1999-05-01,M3_Quantile_ANN,149.6,107.42804323519067,67.4330844233725,153.67436770862992
1999-06-01,M3_Quantile_ANN,207.2,132.2733012712753,88.71220204667563,184.7763484328867
1999-07-01,M3_Quantile_ANN,173.5,166.26303104343344,112.43076282570888,234.50103427702714
1999-08-01,M3_Quantile_ANN,142.3,169.79044909912392,113.60251423924089,240.48979944057433
1999-09-01,M3_Quantile_ANN,106.3,157.43087241180453,98.12869566954575,226.03067564942464
1999-10-01,M3_Quantile_ANN,168.7,141.53571276891162,87.66689979657981,200.1525287472249
1999-11-01,M3_Quantile_ANN,188.3,162.57091124117113,103.30963808631199,232.3041101315039
1999-12-01,M3_Quantile_ANN,116.8,177.86649733207003,122.66032352767107,242.84814759215746
2000-01-01,M3_Quantile_ANN,133.1,145.66152741669262,83.69145045830211,214.09368819161145
2000-02-01,M3_Quantile_ANN,165.7,152.8172294634237,88.0517561104418,228.97345370141537
2000-03-01,M3_Quantile_ANN,217.7,166.42429009912547,108.74658183205054,235.41633705028244
2000-04-01,M3_Quantile_ANN,191.5,188.5142924960536,132.24227092097877,256.80151945442924
2000-05-01,M3_Quantile_ANN,165.9,190.6493458221562,129.8744529538216,263.99928904449473
2000-06-01,M3_Quantile_ANN,188.0,186.00899423432793,124.68593354002897,258.43941576847067
2000-07-01,M3_Quantile_ANN,244.3,190.34557742127026,130.54284039032748,258.1010160208166
2000-08-01,M3_Quantile_ANN,180.5,225.84986079547497,160.65531786884918,307.8480231068664
2000-09-01,M3_Quantile_ANN,156.0,207.13959615234535,143.84030366810222,281.3075371656412
2000-10-01,M3_Quantile_ANN,141.6,185.77404645650057,116.38762723808628,263.9621796183963
2000-11-01,M3_Quantile_ANN,158.1,173.1640707830152,110.356346898964,241.9689222000254
2000-12-01,M3_Quantile_ANN,143.3,162.99767205180984,91.54610580503268,241.06796121423642
2001-01-01,M3_Quantile_ANN,142.6,156.2031984773615,92.24177228270275,227.57822177895383
2001-02-01,M3_Quantile_ANN,121.5,162.56906992220235,96.08718252883503,239.75768529713704
2001-03-01,M3_Quantile_ANN,165.8,148.1689656655462,89.85240812695815,212.29092595987157
2001-04-01,M3_Quantile_ANN,161.7,151.3027702683941,89.94446005708741,219.8134986162975
2001-05-01,M3_Quantile_ANN,142.1,165.19821212539358,111.7248438641492,227.78771884488992
2001-06-01,M3_Quantile_ANN,202.9,156.34480143439967,103.45557773388396,216.08184350954917
2001-07-01,M3_Quantile_ANN,123.0,186.7426941809216,132.021699796177,254.88333959716036
2001-08-01,M3_Quantile_ANN,161.5,148.17124503451686,90.36530345540322,210.63630145127698
2001-09-01,M3_Quantile_ANN,238.2,153.3674552418913,86.59645593856862,226.97071849174716
2001-10-01,M3_Quantile_ANN,194.1,196.82701368517584,129.9174696049833,280.64382247484104
2001-11-01,M3_Quantile_ANN,176.6,182.4149813507505,115.22669328239806,261.69763549271136
2001-12-01,M3_Quantile_ANN,213.4,174.6051453833297,104.15596581587812,258.43440422019046
2002-01-01,M3_Quantile_ANN,184.6,190.90076092635263,127.19848128546954,266.45605837424256
2002-02-01,M3_Quantile_ANN,170.2,184.48593259326037,130.23864160489262,245.0500580313962
2002-03-01,M3_Quantile_ANN,147.1,176.26986978886987,120.3646961741695,239.44554740137298
2002-04-01,M3_Quantile_ANN,186.9,168.43652412722838,110.94445948828869,235.62444581420274
2002-05-01,M3_Quantile_ANN,187.5,178.37921510080315,123.41628685928154,242.8064401601043
2002-06-01,M3_Quantile_ANN,128.8,186.27926563638596,132.74711505939692,252.0109611199912
2002-07-01,M3_Quantile_ANN,161.0,164.0544826854687,109.32762809810194,227.336840164376
2002-08-01,M3_Quantile_ANN,175.6,168.89975768431833,115.00308345419629,234.85139311896918
2002-09-01,M3_Quantile_ANN,187.9,171.35572725738018,126.13278421839786,228.0018937918459
2002-10-01,M3_Quantile_ANN,151.2,175.449550448319,127.84103274155359,231.30295550707416
2002-11-01,M3_Quantile_ANN,147.2,160.77735751229608,111.11534519112064,221.29398981332992
2002-12-01,M3_Quantile_ANN,135.3,166.56799109057465,118.89154942842589,231.10394889652224
2003-01-01,M3_Quantile_ANN,133.5,147.73892931473665,104.1294140437964,197.33633482920717
2003-02-01,M3_Quantile_ANN,75.7,134.86632992796638,92.67390018731169,184.8175792486992
2003-03-01,M3_Quantile_ANN,100.7,108.49448107201508,69.99968061157296,150.89503562181267
2003-04-01,M3_Quantile_ANN,97.9,102.96904898963822,62.89315204252169,146.7303135209833
2003-05-01,M3_Quantile_ANN,86.8,108.70143765346764,71.14235504153618,153.72827272206413
2003-06-01,M3_Quantile_ANN,118.7,92.82105778294715,49.298607060660174,143.45646169126928
2003-07-01,M3_Quantile_ANN,128.3,106.99830830758826,68.63078151337724,153.50338736315183
2003-08-01,M3_Quantile_ANN,115.4,112.189445939369,77.54764222403273,154.14544147294257
2003-09-01,M3_Quantile_ANN,78.5,106.61431883825877,66.42888405685619,152.05767102383615
2003-10-01,M3_Quantile_ANN,97.8,91.12392343591313,53.25835882261731,132.97709600514156
2003-11-01,M3_Quantile_ANN,82.9,97.61755004695941,62.35475441486922,140.9239495761443
2003-12-01,M3_Quantile_ANN,72.2,83.87429034967691,45.19885435404261,126.75520310617547
2004-01-01,M3_Quantile_ANN,60.6,76.13142691272917,44.93063672672713,110.89358985568921
2004-02-01,M3_Quantile_ANN,74.6,61.83300636093769,26.438777897878538,101.40709398537379
2004-03-01,M3_Quantile_ANN,74.8,68.22812689397381,31.783715356965004,113.53500142841914
2004-04-01,M3_Quantile_ANN,59.2,68.42454796153909,42.752029580720645,101.11462825489416
2004-05-01,M3_Quantile_ANN,72.8,54.82937908957575,28.5848308964123,86.00791394655757
2004-06-01,M3_Quantile_ANN,66.5,58.637812424704066,33.70427556499497,91.64391245579988
2004-07-01,M3_Quantile_ANN,83.8,56.895810090410535,39.972329012232635,78.99664312018756
2004-08-01,M3_Quantile_ANN,69.7,67.28994641822047,48.94097180548964,93.65324903388098
2004-09-01,M3_Quantile_ANN,48.8,67.81987876239977,45.72193393156483,101.51046542367905
2004-10-01,M3_Quantile_ANN,74.2,56.893219570410295,37.143584932984176,86.44481515296582
2004-11-01,M3_Quantile_ANN,70.1,64.79842739389552,43.368299123609816,96.30725859081697
2004-12-01,M3_Quantile_ANN,28.9,62.23655480956651,43.70770132112348,90.04844357632986
2005-01-01,M3_Quantile_ANN,48.1,35.87698071413471,14.152382628804489,62.802020159938564
2005-02-01,M3_Quantile_ANN,43.5,42.793797109279424,17.949131715428123,78.05715509193688
2005-03-01,M3_Quantile_ANN,39.6,39.96945553103385,21.460846219204612,67.52191383425713
2005-04-01,M3_Quantile_ANN,38.7,33.156398134653685,17.90177780895567,55.69851025875258
2005-05-01,M3_Quantile_ANN,61.9,34.86777292704578,20.41855871604964,57.216817956218186
2005-06-01,M3_Quantile_ANN,56.8,47.19310869426615,30.90569225846987,75.08860504034075
2005-07-01,M3_Quantile_ANN,62.4,49.90439606447978,30.257808538598795,80.6713639919721
2005-08-01,M3_Quantile_ANN,60.5,55.453098035676526,32.28212958956698,90.71751988907367
2005-09-01,M3_Quantile_ANN,37.2,55.838883916264386,33.48746467945187,87.63288528350904
2005-10-01,M3_Quantile_ANN,13.2,43.73090898174991,23.366752797519354,70.27734952114405
2005-11-01,M3_Quantile_ANN,27.5,27.91930678899751,8.173665641565982,51.54268784274007
2005-12-01,M3_Quantile_ANN,59.3,26.48031331135082,5.865273857896881,53.18547117300788
2006-01-01,M3_Quantile_ANN,20.9,43.26173909290292,19.64674440551331,78.9172010425606
2006-02-01,M3_Quantile_ANN,5.7,30.71837423940086,14.616746121649186,54.728767196324895
2006-03-01,M3_Quantile_ANN,17.3,14.049355442210768,-7.034878627841572,41.07694888726311
2006-04-01,M3_Quantile_ANN,50.3,18.604966337127763,0.566188562025765,42.980755449510035
2006-05-01,M3_Quantile_ANN,37.2,27.654986254641692,11.404893173571693,49.83939215614626
2006-06-01,M3_Quantile_ANN,24.5,32.47776954525127,12.524737956837193,61.29389832452228
2006-07-01,M3_Quantile_ANN,22.2,26.914351727293123,4.9922753368185475,56.978666734711055
2006-08-01,M3_Quantile_ANN,20.8,28.265146960832816,8.981646633744063,54.92348802431073
2006-09-01,M3_Quantile_ANN,23.7,20.584042109862764,1.27970011727734,44.59539818631049
2006-10-01,M3_Quantile_ANN,14.9,24.783641431147316,4.153679397216074,51.742257754324164
2006-11-01,M3_Quantile_ANN,35.7,14.81524891721186,-6.450699513969969,40.34541567877699
2006-12-01,M3_Quantile_ANN,22.3,26.628259154368337,5.054961319897576,56.682600804451894
2007-01-01,M3_Quantile_ANN,29.3,16.8821267738592,-7.1091173399979155,46.752173187215824
2007-02-01,M3_Quantile_ANN,18.4,23.182351397379584,0.807578410086883,52.99786496999943
2007-03-01,M3_Quantile_ANN,7.2,20.919296787131813,0.5888406604547374,48.65294686446197
2007-04-01,M3_Quantile_ANN,5.4,14.625265885645277,-5.226335291353877,40.434823376731345
2007-05-01,M3_Quantile_ANN,19.5,7.535908717781652,-14.101509974152,33.9221353168198
2007-06-01,M3_Quantile_ANN,21.3,14.627958839437909,-7.087293675409038,43.080736340551944
2007-07-01,M3_Quantile_ANN,15.1,19.4362476441068,-0.18808973108805738,45.4122896167748
2007-08-01,M3_Quantile_ANN,9.8,20.80936846875555,-3.401531167495339,54.10795178267978
2007-09-01,M3_Quantile_ANN,4.0,13.005740245653044,-7.775148688675964,39.11537788298498
2007-10-01,M3_Quantile_ANN,1.5,1.7684391629512817,-19.93622507906348,25.93268573376243
2007-11-01,M3_Quantile_ANN,2.8,3.3565010178806602,-16.563081782618596,26.052559724751987
2007-12-01,M3_Quantile_ANN,17.3,3.8069759292045546,-16.496919650241733,29.406889155440393
2008-01-01,M3_Quantile_ANN,4.1,11.343390030011449,-9.499957522284157,39.30721049032707
2008-02-01,M3_Quantile_ANN,2.9,5.015038610743275,-13.960370463110502,30.797737761806523
2008-03-01,M3_Quantile_ANN,15.5,5.472934234817643,-13.44266666957049,29.55361377918991
2008-04-01,M3_Quantile_ANN,3.6,10.015508018917828,-7.369133914007467,32.83500159826646
2008-05-01,M3_Quantile_ANN,4.6,7.18725314894607,-9.819499565814892,29.602738754789797
2008-06-01,M3_Quantile_ANN,5.2,5.112990119063625,-14.81373749132712,30.338073785667746
2008-07-01,M3_Quantile_ANN,0.6,4.516636056984396,-15.99451852622802,29.130591963133824
2008-08-01,M3_Quantile_ANN,0.3,2.0964638799144666,-14.399517777948608,21.5883275720793
2008-09-01,M3_Quantile_ANN,1.2,0.4016475440414098,-15.915354893277662,19.587401507239388
2008-10-01,M3_Quantile_ANN,4.2,2.7075533876202655,-12.639767331255287,22.096402808278043
2008-11-01,M3_Quantile_ANN,6.6,2.1648587600473093,-10.992677687889483,18.108710172278535
2008-12-01,M3_Quantile_ANN,1.0,4.262412778524421,-8.902140297205506,20.469362876501663
2009-01-01,M3_Quantile_ANN,1.3,3.0468258571936815,-11.049951951523319,20.24230609663578
2009-02-01,M3_Quantile_ANN,1.2,3.077152976093572,-12.581305877722292,22.077751073989027
2009-03-01,M3_Quantile_ANN,0.6,1.7413362618973593,-12.42844593477159,18.577680538949608
2009-04-01,M3_Quantile_ANN,1.2,0.4242435268250375,-12.671833257203712,15.10197915103323
2009-05-01,M3_Quantile_ANN,2.9,1.113925207290194,-13.712744048969588,19.17277696629656
2009-06-01,M3_Quantile_ANN,6.3,4.452681447809056,-9.452271553170384,22.47145571687016
2009-07-01,M3_Quantile_ANN,5.5,6.1797645174474525,-8.461316435026959,24.894338712185657
2009-08-01,M3_Quantile_ANN,0.0,6.6894095575979975,-9.005385268611924,26.602066989856503
2009-09-01,M3_Quantile_ANN,7.1,2.478687330346773,-11.967930141673516,19.60664335102734
2009-10-01,M3_Quantile_ANN,7.7,4.6927418427835335,-9.30610981203041,21.228336423241398
2009-11-01,M3_Quantile_ANN,6.9,7.061733486789507,-7.580983396370494,25.121560097809002
2009-12-01,M3_Quantile_ANN,16.3,7.6116626551568345,-6.741803609145441,25.314541360712774
2010-01-01,M3_Quantile_ANN,19.5,13.128400048190557,-3.114848156759999,33.75155490749902
2010-02-01,M3_Quantile_ANN,28.5,17.015588514956164,-0.2483005142869832,39.045188374887786
2010-03-01,M3_Quantile_ANN,24.0,22.61347092342848,2.756917771064577,48.01342913179214
2010-04-01,M3_Quantile_ANN,10.4,25.109517852690914,5.098334725666621,50.48854603815637
2010-05-01,M3_Quantile_ANN,13.9,18.489790877569888,-1.152785030236588,42.5732375472477
2010-06-01,M3_Quantile_ANN,18.8,19.233338195597142,-0.5225367969409529,42.72319575115404
2010-07-01,M3_Quantile_ANN,25.2,21.120415375922832,2.5333687878122824,43.58781636848285
2010-08-01,M3_Quantile_ANN,29.6,24.75446200392065,5.961398944101887,48.06903757213175
2010-09-01,M3_Quantile_ANN,36.4,29.818665434124284,8.782071091284472,56.494112850084214
2010-10-01,M3_Quantile_ANN,33.6,34.431910053889666,13.149016730889905,61.32637182781716
2010-11-01,M3_Quantile_ANN,34.4,36.02309531180569,14.570784364944743,62.85813531216395
2010-12-01,M3_Quantile_ANN,24.5,37.15968955525484,15.516266676503477,63.24924509391832
2011-01-01,M3_Quantile_ANN,27.3,32.96309418695686,11.491846651805083,58.066111379243644
2011-02-01,M3_Quantile_ANN,48.3,33.282083348121446,11.241052089811248,58.71034643321387
2011-03-01,M3_Quantile_ANN,78.6,44.22172280938321,20.777747467948668,72.74273786944568
2011-04-01,M3_Quantile_ANN,76.1,60.53779415436632,30.044187278679658,99.7215121903313
2011-05-01,M3_Quantile_ANN,58.2,69.5568349708474,35.13531805719481,114.11149244846486
2011-06-01,M3_Quantile_ANN,56.1,67.66475070573183,33.97383522893425,110.28834917355725
2011-07-01,M3_Quantile_ANN,64.5,62.86955348449905,31.541661811863847,99.52573514279099
2011-08-01,M3_Quantile_ANN,65.8,64.24081430997049,32.596073247947764,100.40218649839704
2011-09-01,M3_Quantile_ANN,120.1,67.11559378188832,35.72316708497283,103.584313470442
2011-10-01,M3_Quantile_ANN,125.7,97.59812726642414,56.27049704362774,150.3477698183221
2011-11-01,M3_Quantile_ANN,139.1,111.594624058808,66.86883704835188,170.49160705315083
2011-12-01,M3_Quantile_ANN,109.3,126.71449671407076,77.18977848482864,191.81583695259025
2012-01-01,M3_Quantile_ANN,94.4,125.0701065561372,77.89734189642604,184.53551380923216
2012-02-01,M3_Quantile_ANN,47.8,112.96668005354637,67.29030432338067,166.49249921938102
2012-03-01,M3_Quantile_ANN,86.6,81.49887543736178,29.908622079951826,138.89297896872193
2012-04-01,M3_Quantile_ANN,85.9,93.08340760594048,42.61474318181568,149.87911460971617
2012-05-01,M3_Quantile_ANN,96.5,96.78446886279048,51.353523297121285,149.94892730687764
2012-06-01,M3_Quantile_ANN,92.0,105.36995945098602,60.32776649668958,160.43422424366136
2012-07-01,M3_Quantile_ANN,100.1,106.98040635822487,63.277979769154356,161.2159559636528
2012-08-01,M3_Quantile_ANN,94.8,105.88659218914633,62.77092828614471,157.48944443138134
2012-09-01,M3_Quantile_ANN,93.7,102.13130673655147,60.33709995424462,149.6727287898544
2012-10-01,M3_Quantile_ANN,76.5,100.50875389109885,56.234270265362326,149.25152021642032
2012-11-01,M3_Quantile_ANN,87.6,95.33406471440495,48.431584788996815,147.6398716280333
2012-12-01,M3_Quantile_ANN,56.8,96.1695620183035,49.935855937585515,147.22863698024707
2013-01-01,M3_Quantile_ANN,96.1,80.29886104304173,37.950906095592984,125.43457577137426
2013-02-01,M3_Quantile_ANN,60.9,91.58587648765163,48.480968604829826,139.5373629684959
2013-03-01,M3_Quantile_ANN,78.3,83.06219516166753,44.23758796584315,125.94244448548264
2013-04-01,M3_Quantile_ANN,107.3,80.40604062272969,34.000137044812604,130.84762115682355
2013-05-01,M3_Quantile_ANN,120.2,93.14095620357406,44.54138707644633,148.78621586720084
2013-06-01,M3_Quantile_ANN,76.7,101.15631258898134,52.85506533933072,154.59329630408604
2013-07-01,M3_Quantile_ANN,86.2,90.72672061840592,46.87807021575475,137.18502354028317
2013-08-01,M3_Quantile_ANN,91.8,89.76697194646906,43.53621186353553,139.7655485729817
2013-09-01,M3_Quantile_ANN,54.5,95.23711164565859,54.39073124636509,141.0178773446347
2013-10-01,M3_Quantile_ANN,114.4,76.29801262059324,35.398214669837756,119.72208825842148
2013-11-01,M3_Quantile_ANN,113.9,104.42211959358833,61.61596666310096,156.68881138821143
2013-12-01,M3_Quantile_ANN,124.2,104.85093822147869,58.957648625816816,159.32695334204288
2014-01-01,M3_Quantile_ANN,117.0,111.7257706481592,65.33544131612261,166.84329381259323
2014-02-01,M3_Quantile_ANN,146.1,110.18655868646832,60.075752048347255,168.67410864123977
2014-03-01,M3_Quantile_ANN,128.7,126.55909115058824,79.86491656954459,184.93082272320905
2014-04-01,M3_Quantile_ANN,112.5,125.80193966163255,81.50491022204095,181.09103262356302
2014-05-01,M3_Quantile_ANN,112.5,120.8002954208478,80.20146531889316,172.0160316888791
2014-06-01,M3_Quantile_ANN,102.9,122.39135755888894,81.34100990680741,175.33341167764527
2014-07-01,M3_Quantile_ANN,100.2,116.82481585649414,78.22679119253503,165.63249246747472
2014-08-01,M3_Quantile_ANN,106.9,117.547487996977,83.60437771667381,159.82222516937003
2014-09-01,M3_Quantile_ANN,130.0,113.6026081814265,77.2300041395391,159.35887349345552
2014-10-01,M3_Quantile_ANN,90.0,123.33239295526326,87.82089692464692,168.9676282284333
2014-11-01,M3_Quantile_ANN,103.6,102.5045330674236,66.09773457646259,143.31842269913167
2014-12-01,M3_Quantile_ANN,112.9,106.1030182379069,69.94721740507076,147.95234200088828
2015-01-01,M3_Quantile_ANN,93.0,112.50970571730187,79.42955327030704,152.5706244606834
2015-02-01,M3_Quantile_ANN,66.7,104.2864798403316,74.53339034072312,138.17160936374378
2015-03-01,M3_Quantile_ANN,54.5,87.94027747444267,50.08556722725854,129.82996849555258
2015-04-01,M3_Quantile_ANN,75.3,80.46794599831017,47.63277672554496,118.09202327583613
2015-05-01,M3_Quantile_ANN,88.8,82.8448913153289,50.962714205678026,118.50415754393728
2015-06-01,M3_Quantile_ANN,66.5,81.48686242150578,51.22449864716367,117.63774357560862
2015-07-01,M3_Quantile_ANN,65.8,76.58622997315274,39.14057055623782,119.76415963085135
2015-08-01,M3_Quantile_ANN,64.4,67.98231145742528,33.79255772386463,105.03820937128378
2015-09-01,M3_Quantile_ANN,78.6,67.85772922208311,36.000541641019325,102.10168514421134
2015-10-01,M3_Quantile_ANN,63.6,69.51427096646078,35.63384324431465,106.75805623255224
2015-11-01,M3_Quantile_ANN,62.2,67.65741263019287,37.04481131571465,102.64772047238105
2015-12-01,M3_Quantile_ANN,58.0,65.52111303605125,40.58331258044422,93.41093985884578
2016-01-01,M3_Quantile_ANN,57.0,61.82049066028725,33.64718212380369,93.39072321563067
2016-02-01,M3_Quantile_ANN,56.4,58.65857888002691,26.83777463052799,94.55068458979194
2016-03-01,M3_Quantile_ANN,54.1,55.64573333684875,27.034695587084613,87.40477657214755
2016-04-01,M3_Quantile_ANN,37.9,53.40607667583932,23.2887221222824,87.66979734878102
2016-05-01,M3_Quantile_ANN,51.5,42.49260596727452,13.390320885948825,74.38794276826575
2016-06-01,M3_Quantile_ANN,20.5,45.163532534842616,18.98622904641509,74.85192725556995
2016-07-01,M3_Quantile_ANN,32.4,30.62231875706142,7.866240082801497,56.1516461038067
2016-08-01,M3_Quantile_ANN,50.2,34.28270706447529,12.357819796132745,61.35432475579147
2016-09-01,M3_Quantile_ANN,44.6,40.15180008530432,25.632444352251902,59.49355209673809
2016-10-01,M3_Quantile_ANN,33.4,38.1086582825306,25.350175225612567,56.41200504031533
2016-11-01,M3_Quantile_ANN,21.4,33.34476945893757,17.73562969088883,53.63183433684959
2016-12-01,M3_Quantile_ANN,18.5,27.676979970917976,13.83444459553742,44.984162162552195
2017-01-01,M3_Quantile_ANN,26.1,23.5180128592095,9.84633973698898,41.5372134853973
2017-02-01,M3_Quantile_ANN,26.4,18.00139499042799,2.325208197480073,37.503220554433035
2017-03-01,M3_Quantile_ANN,17.7,19.114597031538175,4.742469974406202,37.61959857750071
2017-04-01,M3_Quantile_ANN,32.3,16.117185788471218,4.41864042872956,32.272407154530015
2017-05-01,M3_Quantile_ANN,18.9,23.956218917073393,9.122761944436316,46.74843615124611
2017-06-01,M3_Quantile_ANN,19.2,19.336701219231117,8.457129752715282,35.58631644032459
2017-07-01,M3_Quantile_ANN,17.8,15.54075864686233,1.4812321190850746,35.331129672320245
2017-08-01,M3_Quantile_ANN,32.6,15.084827664711575,3.048573687609835,31.15526943554501
2017-09-01,M3_Quantile_ANN,43.7,20.712812400296684,8.53997886386566,37.66799552321453
2017-10-01,M3_Quantile_ANN,13.2,30.061080210621526,13.48821235288463,54.58554766628933
2017-11-01,M3_Quantile_ANN,5.7,21.32026001529784,5.249706516641851,43.88701121445432
2017-12-01,M3_Quantile_ANN,8.2,15.140380949363362,1.257905549020366,33.52912103629083
2018-01-01,M3_Quantile_ANN,6.8,11.067826885449676,-2.8176509504168834,29.40428490777864
2018-02-01,M3_Quantile_ANN,10.7,5.396565594018213,-6.405039136064699,19.809369226231254
2018-03-01,M3_Quantile_ANN,2.5,7.163125873621183,-7.465292398450163,26.94232482348794
2018-04-01,M3_Quantile_ANN,8.9,7.205206299815842,-8.504915648046534,29.387294991147456
2018-05-01,M3_Quantile_ANN,13.1,8.057972638438741,-5.364821687266431,27.648985099977654
2018-06-01,M3_Quantile_ANN,15.6,7.371443985038397,-6.277393216560773,25.755192628440547
2018-07-01,M3_Quantile_ANN,1.6,9.880172260471653,-3.7453771018779705,28.986110741015857
2018-08-01,M3_Quantile_ANN,8.7,5.623975209271521,-7.252093520463079,22.859919618022232
2018-09-01,M3_Quantile_ANN,3.3,9.485735733310847,-5.718231649922647,30.8433204985939
2018-10-01,M3_Quantile_ANN,4.9,6.301574595849473,-9.200020019204926,27.332253416531316
2018-11-01,M3_Quantile_ANN,4.9,6.226466883399766,-11.743365384032982,29.61814649427734
2018-12-01,M3_Quantile_ANN,3.1,6.007860555273922,-8.882454788179869,26.256431285080254
2019-01-01,M3_Quantile_ANN,7.7,2.013824338701127,-11.9908921070872,19.671307965885937
2019-02-01,M3_Quantile_ANN,0.8,2.083487022825679,-13.674519261703205,22.00938242554914
2019-03-01,M3_Quantile_ANN,9.4,0.9166107047326051,-12.955449014185337,18.431280496740147
2019-04-01,M3_Quantile_ANN,9.1,4.437086436341033,-10.045857828772021,22.480275738532946
2019-05-01,M3_Quantile_ANN,9.9,6.608902151124923,-8.622305943426465,26.493171158762248
2019-06-01,M3_Quantile_ANN,1.2,7.06836556584804,-7.317683058079755,25.869676888903033
2019-07-01,M3_Quantile_ANN,0.9,3.1958933390776707,-12.96888426265554,22.46081151240512
2019-08-01,M3_Quantile_ANN,0.5,5.454059453046028,-9.017844689248363,23.72385235113876
2019-09-01,M3_Quantile_ANN,1.1,5.9662206624939955,-9.527087670925791,25.77637918130807
2019-10-01,M3_Quantile_ANN,0.4,4.113008563285405,-11.907527740261923,24.567081873210906
2019-11-01,M3_Quantile_ANN,0.5,0.500714665469971,-15.761002611821187,20.55015166932363
2019-12-01,M3_Quantile_ANN,1.5,0.45236602612645527,-15.061548009097896,18.570796567545877
2020-01-01,M3_Quantile_ANN,6.2,2.1454476911715403,-13.047578171343618,21.064880366354544
2020-02-01,M3_Quantile_ANN,0.2,4.6002959499091105,-11.241588693238537,25.37466474298962
2020-03-01,M3_Quantile_ANN,1.5,2.383986790025318,-11.93425714545488,20.541782889583274
2020-04-01,M3_Quantile_ANN,5.2,2.308224878273961,-11.278874010893224,18.958459391373033
2020-05-01,M3_Quantile_ANN,0.2,4.873285317610026,-8.315486409008006,20.964375998695832
2020-06-01,M3_Quantile_ANN,5.8,4.046650083514663,-9.160706855186115,20.237579266859605
2020-07-01,M3_Quantile_ANN,6.1,6.227754031192916,-7.866366070463121,23.691507807470536
2020-08-01,M3_Quantile_ANN,7.5,6.100368261041908,-7.094721806477242,21.794375669793357
2020-09-01,M3_Quantile_ANN,0.6,6.738092708378673,-6.3547249519063165,22.05298606942355
2020-10-01,M3_Quantile_ANN,14.6,3.0708124606109237,-10.525336270528236,18.234662769890342
2020-11-01,M3_Quantile_ANN,34.5,9.791211743475174,-4.453469081358087,26.977468572336754
2020-12-01,M3_Quantile_ANN,23.1,20.80756518181741,0.9942155014031133,45.90851108797023
2021-01-01,M3_Quantile_ANN,10.4,21.829710903887573,2.1437870241051282,46.99869323627622
2021-02-01,M3_Quantile_ANN,8.2,17.17196689881679,-3.1594696028478353,42.14929602056809
2021-03-01,M3_Quantile_ANN,17.2,15.089963807626063,-3.492329131051722,36.76403621674757
2021-04-01,M3_Quantile_ANN,24.5,18.98309328229456,1.2054424805800714,40.46068047393214
2021-05-01,M3_Quantile_ANN,21.2,23.404294524323774,3.533915004047392,48.13614045237603
2021-06-01,M3_Quantile_ANN,25.0,24.167933959660132,3.0214786993485436,50.839087000580854
2021-07-01,M3_Quantile_ANN,34.3,26.875705680805908,6.016349579479389,53.05262722326402
2021-08-01,M3_Quantile_ANN,22.0,31.35329725156614,9.996957593355905,58.04279349546974
2021-09-01,M3_Quantile_ANN,51.3,28.892829323318587,8.239810604911218,53.88221326465686
2021-10-01,M3_Quantile_ANN,37.4,41.021026087853194,16.658761929187456,71.62612052300818
2021-11-01,M3_Quantile_ANN,34.8,41.2246320455886,17.370616065976627,71.19853823821327
2021-12-01,M3_Quantile_ANN,67.5,40.77247722553065,15.783737549814376,71.38796021789732
2022-01-01,M3_Quantile_ANN,55.3,57.848386479338465,26.19184230513045,98.72994057175937
2022-02-01,M3_Quantile_ANN,60.9,58.267659056748506,29.289279629598035,94.82922940186774
2022-03-01,M3_Quantile_ANN,78.6,63.65882106080223,32.247913498118464,103.73970390424772
2022-04-01,M3_Quantile_ANN,84.0,72.1489501604454,39.84786072112639,113.14014694534544
2022-05-01,M3_Quantile_ANN,96.5,77.56573073881283,46.021607611779636,117.11116230700813
2022-06-01,M3_Quantile_ANN,70.3,90.49735860434149,53.552102404247755,137.5984222995524
2022-07-01,M3_Quantile_ANN,91.4,86.30196309877593,49.91800868214962,131.7858206220917
2022-08-01,M3_Quantile_ANN,74.6,92.13961693998138,56.74567978699805,136.1603775182577
2022-09-01,M3_Quantile_ANN,96.0,84.93773689860112,48.51105795490051,129.04367991090524
2022-10-01,M3_Quantile_ANN,95.5,95.68488521393765,61.10463389197935,137.21231060816157
2022-11-01,M3_Quantile_ANN,80.5,102.52986973919842,65.74233598157215,147.6255909815659
2022-12-01,M3_Quantile_ANN,112.8,98.29526697535648,59.8833825950874,145.00984567630428
2023-01-01,M3_Quantile_ANN,144.4,110.15231299905156,72.3816055476843,156.49850377256237
1998-06-01,M4_Quantile_Minusformer,90.5,80.49558128281454,70.79383923792255,131.176901345895
1998-07-01,M4_Quantile_Minusformer,96.7,85.05533007629103,75.35614516672197,126.90997915822336
1998-08-01,M4_Quantile_Minusformer,121.1,89.81535444673474,80.11939049274434,126.18700809799077
1998-09-01,M4_Quantile_Minusformer,132.0,114.86178906928015,105.1649232383741,181.59441387235415
1998-10-01,M4_Quantile_Minusformer,78.5,115.64694587806284,105.9511067609203,157.36111652291532
1998-11-01,M4_Quantile_Minusformer,97.3,96.35363306440213,78.63476312212336,108.97873965524047
1998-12-01,M4_Quantile_Minusformer,119.2,111.41115142785638,101.71144342847802,151.04860547520838
1999-01-01,M4_Quantile_Minusformer,86.0,126.49190566672222,116.79502267785378,184.24899220783675
1999-02-01,M4_Quantile_Minusformer,98.0,96.48841702177697,61.35939666374837,106.18768824860287
1999-03-01,M4_Quantile_Minusformer,103.5,110.66468409912711,100.96812262011031,138.57009262404236
1999-04-01,M4_Quantile_Minusformer,93.6,107.0575163555404,87.51378305763987,120.83136411343239
1999-05-01,M4_Quantile_Minusformer,149.6,99.47640596712426,63.34025758011079,109.16653589672502
1999-06-01,M4_Quantile_Minusformer,207.2,138.15218081839444,128.45286366776938,193.33528932033786
1999-07-01,M4_Quantile_Minusformer,173.5,155.44621089878012,145.71713977883388,192.770161169117
1999-08-01,M4_Quantile_Minusformer,142.3,160.5875091119413,150.8587226590407,195.50889581508605
1999-09-01,M4_Quantile_Minusformer,106.3,153.05287024505648,131.65800875700913,172.7033860681258
1999-10-01,M4_Quantile_Minusformer,168.7,135.4605222247832,95.6230994425759,145.27806566586503
1999-11-01,M4_Quantile_Minusformer,188.3,157.93773539125658,142.49390894507664,181.81601580166992
1999-12-01,M4_Quantile_Minusformer,116.8,172.797369295571,162.91574611983415,206.1230117889348
2000-01-01,M4_Quantile_Minusformer,133.1,139.07106473206127,79.47302470756969,148.82614439888684
2000-02-01,M4_Quantile_Minusformer,165.7,145.65357799705407,103.41005155111563,155.4048978695062
2000-03-01,M4_Quantile_Minusformer,217.7,165.43174211023387,154.81688288795874,193.52915290721603
2000-04-01,M4_Quantile_Minusformer,191.5,182.96986271700086,170.67717215846656,210.15311247200734
2000-05-01,M4_Quantile_Minusformer,165.9,183.63367313844037,162.19762933779376,203.78269053375251
2000-06-01,M4_Quantile_Minusformer,188.0,163.06803048921074,95.64244599120084,172.82692416080462
2000-07-01,M4_Quantile_Minusformer,244.3,194.6356412793025,184.8757680941849,232.34787271026968
2000-08-01,M4_Quantile_Minusformer,180.5,239.28616679523083,229.51203402485504,337.8934561513
2000-09-01,M4_Quantile_Minusformer,156.0,187.910443472902,136.07820726307293,197.69137963390293
2000-10-01,M4_Quantile_Minusformer,141.6,171.65215638844637,102.79452573662144,181.43408818773224
2000-11-01,M4_Quantile_Minusformer,158.1,165.02437084710212,106.93208389847572,174.80904823762305
2000-12-01,M4_Quantile_Minusformer,143.3,166.01248452129227,117.30492157041354,175.79331540887753
2001-01-01,M4_Quantile_Minusformer,142.6,171.90795044574529,161.0679060107301,189.5062041092761
2001-02-01,M4_Quantile_Minusformer,121.5,174.26874357485127,164.49046850905964,209.3195367986019
2001-03-01,M4_Quantile_Minusformer,165.8,154.525554982868,144.67085905469253,167.3316230576499
2001-04-01,M4_Quantile_Minusformer,161.7,166.45834697432673,156.67713847047852,193.67086708553578
2001-05-01,M4_Quantile_Minusformer,142.1,175.36616561660452,165.5887831494275,222.07786471891336
2001-06-01,M4_Quantile_Minusformer,202.9,156.5925650681277,146.80840528286467,169.60438455569175
2001-07-01,M4_Quantile_Minusformer,123.0,168.91779116959958,155.81600535915,178.7469295992203
2001-08-01,M4_Quantile_Minusformer,161.5,141.72072261172633,100.12677043538369,151.528689795088
2001-09-01,M4_Quantile_Minusformer,238.2,142.76341318866864,90.40332544540456,152.57159625358798
2001-10-01,M4_Quantile_Minusformer,194.1,219.21877165026373,209.3713041386747,317.18634871995823
2001-11-01,M4_Quantile_Minusformer,176.6,186.52982758030373,176.6860228875006,206.42456229630022
2001-12-01,M4_Quantile_Minusformer,213.4,183.3977388624862,173.55829907546064,200.1486814876465
2002-01-01,M4_Quantile_Minusformer,184.6,202.92516449843515,193.07955428351642,244.3482435854242
2002-02-01,M4_Quantile_Minusformer,170.2,182.4984905766588,167.7239798159522,192.34064486058168
2002-03-01,M4_Quantile_Minusformer,147.1,155.49133776067163,81.61131635239215,165.3300231093808
2002-04-01,M4_Quantile_Minusformer,186.9,146.02528211901915,69.69179301490001,155.86432542235704
2002-05-01,M4_Quantile_Minusformer,187.5,161.36510954240777,112.33723107314873,171.20522289020684
2002-06-01,M4_Quantile_Minusformer,128.8,211.8218882026091,201.9852437215063,297.9385467217978
2002-07-01,M4_Quantile_Minusformer,161.0,150.2486579288464,111.64855857905897,160.0958905336387
2002-08-01,M4_Quantile_Minusformer,175.6,173.7415912757795,163.89691947561963,199.6892608557856
2002-09-01,M4_Quantile_Minusformer,187.9,182.56525618041485,172.72235903224063,224.96566942661153
2002-10-01,M4_Quantile_Minusformer,151.2,174.83420830812125,164.99216103363733,190.00727259996967
2002-11-01,M4_Quantile_Minusformer,147.2,151.32647555428827,122.84809894478275,161.16706053018783
2002-12-01,M4_Quantile_Minusformer,135.3,167.28711445406952,157.45019038530455,194.06930572330447
2003-01-01,M4_Quantile_Minusformer,133.5,154.06335638297014,144.22927083767686,166.67923033701967
2003-02-01,M4_Quantile_Minusformer,75.7,136.76044537596442,124.84428459435514,146.59085653141403
2003-03-01,M4_Quantile_Minusformer,100.7,102.88782404381683,62.38901242919991,112.737433311632
2003-04-01,M4_Quantile_Minusformer,97.9,109.88011695228471,99.39172534574435,119.72557566697938
2003-05-01,M4_Quantile_Minusformer,86.8,113.47832173244713,103.63603027346977,123.37245731145012
2003-06-01,M4_Quantile_Minusformer,118.7,106.35378788548621,96.51441974376564,116.85285260618627
2003-07-01,M4_Quantile_Minusformer,128.3,107.64820826715247,97.80771051041704,117.4916676594775
2003-08-01,M4_Quantile_Minusformer,115.4,104.57092329532603,94.7268748213838,114.41057342332098
2003-09-01,M4_Quantile_Minusformer,78.5,101.01048182501414,88.25022843246654,110.84648747586252
2003-10-01,M4_Quantile_Minusformer,97.8,89.00627626489262,77.22979818418958,98.84243909901363
2003-11-01,M4_Quantile_Minusformer,82.9,90.05645099453021,80.19552418263045,99.89042029452811
2003-12-01,M4_Quantile_Minusformer,72.2,66.56572616358072,16.12563886942347,76.39585099435907
2004-01-01,M4_Quantile_Minusformer,60.6,83.81518946308317,73.98862298618758,93.64483630802076
2004-02-01,M4_Quantile_Minusformer,74.6,70.2209992198244,60.397027943654905,80.04496477394801
2004-03-01,M4_Quantile_Minusformer,74.8,62.723544488883476,50.922503580231606,72.54429021626093
2004-04-01,M4_Quantile_Minusformer,59.2,79.60477428752786,69.7880727478349,104.4966349000968
2004-05-01,M4_Quantile_Minusformer,72.8,64.04009724448298,54.226571695362495,73.85516679232173
2004-06-01,M4_Quantile_Minusformer,66.5,74.39360790352487,64.58325143322007,102.23978342747957
2004-07-01,M4_Quantile_Minusformer,83.8,44.1533822644828,25.09089743264279,53.96026712073687
2004-08-01,M4_Quantile_Minusformer,69.7,78.51573358100123,68.70972008887587,116.43145872016028
2004-09-01,M4_Quantile_Minusformer,48.8,69.11051387134752,59.30818328306629,90.53818206033677
2004-10-01,M4_Quantile_Minusformer,74.2,52.4052349131227,42.60570689648515,62.20476483710888
2004-11-01,M4_Quantile_Minusformer,70.1,67.58496933267726,57.786084768141066,93.35876177227449
2004-12-01,M4_Quantile_Minusformer,28.9,63.730777450557724,53.93581449556196,82.38770558499685
2005-01-01,M4_Quantile_Minusformer,48.1,35.41431324892475,25.60732533205156,45.21251019594931
2005-02-01,M4_Quantile_Minusformer,43.5,45.74795875326136,35.95330690158535,55.54448266762047
2005-03-01,M4_Quantile_Minusformer,39.6,38.60393219271598,28.813188824795432,48.394676514310845
2005-04-01,M4_Quantile_Minusformer,38.7,27.96659596485388,18.179491584590437,37.753654568750136
2005-05-01,M4_Quantile_Minusformer,61.9,39.5002087256908,29.717141746750322,52.789309602031175
2005-06-01,M4_Quantile_Minusformer,56.8,43.57185091228373,33.78909412919741,55.346567744045586
2005-07-01,M4_Quantile_Minusformer,62.4,58.2899475171165,48.510759206933756,103.40935341763128
2005-08-01,M4_Quantile_Minusformer,60.5,64.89720413766628,55.12050182009676,118.88611043472797
2005-09-01,M4_Quantile_Minusformer,37.2,52.60478977335057,42.831589950295374,71.48323137191846
2005-10-01,M4_Quantile_Minusformer,13.2,48.11559640545597,38.344697171603826,68.43786721370996
2005-11-01,M4_Quantile_Minusformer,27.5,31.69208053167329,21.920039771815006,41.46514458407308
2005-12-01,M4_Quantile_Minusformer,59.3,30.341650019419667,20.57365646440323,40.11076318808357
2006-01-01,M4_Quantile_Minusformer,20.9,41.02010710819223,31.251600896602177,54.84257888832476
2006-02-01,M4_Quantile_Minusformer,5.7,26.804050432638164,17.034701520208756,36.57346038022382
2006-03-01,M4_Quantile_Minusformer,17.3,14.555390293284987,4.787054164822003,24.32366824761467
2006-04-01,M4_Quantile_Minusformer,50.3,20.857624704284746,11.093617665877083,30.720188261247095
2006-05-01,M4_Quantile_Minusformer,37.2,33.847140185305754,24.081627144213783,55.80617663338015
2006-06-01,M4_Quantile_Minusformer,24.5,27.292245558434864,17.530389907673374,37.11283657983234
2006-07-01,M4_Quantile_Minusformer,22.2,20.758143688963045,10.999883750514837,30.516402673736934
2006-08-01,M4_Quantile_Minusformer,20.8,30.111778964616995,20.357150650620284,52.950267199115416
2006-09-01,M4_Quantile_Minusformer,23.7,33.31535629214426,23.56439240472241,68.12887406216498
2006-10-01,M4_Quantile_Minusformer,14.9,17.476270768458107,7.7290549541618745,27.223479907034125
2006-11-01,M4_Quantile_Minusformer,35.7,12.750357102026314,3.0018847526926287,22.494893637456187
2006-12-01,M4_Quantile_Minusformer,22.3,20.971381159830983,11.22955000016491,30.714641877297353
2007-01-01,M4_Quantile_Minusformer,29.3,23.09854384806269,13.360085416883798,36.45195770450403
2007-02-01,M4_Quantile_Minusformer,18.4,20.121660517557807,10.386922682700408,29.857473143369795
2007-03-01,M4_Quantile_Minusformer,7.2,18.538162992347267,8.80664509237002,28.27957764754302
2007-04-01,M4_Quantile_Minusformer,5.4,8.236740876490003,-2.1160342735926463,17.966349942283102
2007-05-01,M4_Quantile_Minusformer,19.5,2.1863451191488394,-13.470255777985008,11.913254701585423
2007-06-01,M4_Quantile_Minusformer,21.3,17.26036793520207,7.537162253393452,33.24995917227802
2007-07-01,M4_Quantile_Minusformer,15.1,18.30170184103673,8.582327959189042,33.66325521202016
2007-08-01,M4_Quantile_Minusformer,9.8,24.76967415952093,15.053845457565696,58.125278137660246
2007-09-01,M4_Quantile_Minusformer,4.0,10.642004093004118,0.9292866598347782,20.357070902851923
2007-10-01,M4_Quantile_Minusformer,1.5,6.192741264086536,-3.5189343915024445,15.90350806805198
2007-11-01,M4_Quantile_Minusformer,2.8,3.0020050156833946,-6.713306468287543,12.709790101949253
2007-12-01,M4_Quantile_Minusformer,17.3,6.987335769597621,-2.716787833377719,18.57439108186251
2008-01-01,M4_Quantile_Minusformer,4.1,8.599041027173314,-1.101067980658181,18.63342003546257
2008-02-01,M4_Quantile_Minusformer,2.9,5.591999174402943,-4.105918329931791,15.504492923091924
2008-03-01,M4_Quantile_Minusformer,15.5,9.775372732360978,0.08070359639020275,31.337194559219206
2008-04-01,M4_Quantile_Minusformer,3.6,13.663166843838482,3.9723635072571817,37.708113323119974
2008-05-01,M4_Quantile_Minusformer,4.6,2.3328594283192388,-7.356687618945996,12.021253006498782
2008-06-01,M4_Quantile_Minusformer,5.2,7.033567406737575,-2.651153424936128,19.88434749401125
2008-07-01,M4_Quantile_Minusformer,0.6,1.4503647519001674,-8.231030233533929,11.130615328154576
2008-08-01,M4_Quantile_Minusformer,0.3,2.6030013173534314,-7.075770143060913,12.349896595211625
2008-09-01,M4_Quantile_Minusformer,1.2,0.870210147038236,-8.806391403745192,10.548454878668831
2008-10-01,M4_Quantile_Minusformer,4.2,0.27693462465029484,-9.403628033769936,9.95164744481369
2008-11-01,M4_Quantile_Minusformer,6.6,-0.7063308342214896,-10.44720172811165,8.962507608039033
2008-12-01,M4_Quantile_Minusformer,1.0,3.007467977193855,-6.65744654110199,12.905166289892776
2009-01-01,M4_Quantile_Minusformer,1.3,3.1395059538199632,-6.52272729160358,14.434925420366248
2009-02-01,M4_Quantile_Minusformer,1.2,1.9713280287363943,-7.687468425787477,11.982796106490246
2009-03-01,M4_Quantile_Minusformer,0.6,5.748358881144796,-3.9069722886076494,24.248174141702293
2009-04-01,M4_Quantile_Minusformer,1.2,2.631114082702723,-7.020918707376136,14.724729194902249
2009-05-01,M4_Quantile_Minusformer,2.9,3.2597319966883873,-6.389274380342803,16.68923237820757
2009-06-01,M4_Quantile_Minusformer,6.3,5.320801402871922,-4.324649664056004,23.27894034364018
2009-07-01,M4_Quantile_Minusformer,5.5,5.950340994498234,-3.691622643160656,22.57589064547423
2009-08-01,M4_Quantile_Minusformer,0.0,8.634143654125097,-1.0044640192222758,30.805269237476132
2009-09-01,M4_Quantile_Minusformer,7.1,0.9601685248429277,-8.679237190471124,10.626980694243283
2009-10-01,M4_Quantile_Minusformer,7.7,6.118209214724146,-3.514174636373138,20.259547322594425
2009-11-01,M4_Quantile_Minusformer,6.9,9.397138240474504,-0.23201393683680216,28.839937211151287
2009-12-01,M4_Quantile_Minusformer,16.3,7.187899856847508,-2.437789269102373,20.32342459855152
2010-01-01,M4_Quantile_Minusformer,19.5,11.602974733287297,1.9806273977062485,27.903376997647946
2010-02-01,M4_Quantile_Minusformer,28.5,15.456246130617785,5.837978639536869,34.361892171274505
2010-03-01,M4_Quantile_Minusformer,24.0,24.16329945278639,14.548583801948366,52.73910089998061
2010-04-01,M4_Quantile_Minusformer,10.4,22.613930503752925,13.002622540760616,42.797128344064575
2010-05-01,M4_Quantile_Minusformer,13.9,14.849363645781253,3.9087937203737635,24.49224651750832
2010-06-01,M4_Quantile_Minusformer,18.8,14.89101656130454,2.5369147831066545,24.510179002725692
2010-07-01,M4_Quantile_Minusformer,25.2,20.05550591776243,10.452608070420315,34.97108472480609
2010-08-01,M4_Quantile_Minusformer,29.6,22.879913807128048,13.279443129740315,38.25510324595987
2010-09-01,M4_Quantile_Minusformer,36.4,30.8797015440486,21.28354451810332,58.4341114767932
2010-10-01,M4_Quantile_Minusformer,33.6,31.628557697932635,22.035958640679944,51.823942819333276
2010-11-01,M4_Quantile_Minusformer,34.4,36.657581033393825,27.068357740646647,64.253959744537
2010-12-01,M4_Quantile_Minusformer,24.5,37.38411487111178,27.79824576051837,61.79855577812242
2011-01-01,M4_Quantile_Minusformer,27.3,30.147296858007884,19.330249519122283,40.86382370529345
2011-02-01,M4_Quantile_Minusformer,48.3,34.35328467258434,24.77221101391403,53.29724809794776
2011-03-01,M4_Quantile_Minusformer,78.6,44.557820526668365,34.9794209756391,73.26843939227282
2011-04-01,M4_Quantile_Minusformer,76.1,57.883150141915145,48.303977699211885,89.75751530312426
2011-05-01,M4_Quantile_Minusformer,58.2,65.71782663954858,56.1419499083911,100.28868132175587
2011-06-01,M4_Quantile_Minusformer,56.1,62.44796718217226,52.875521897330245,87.59590151120373
2011-07-01,M4_Quantile_Minusformer,64.5,58.68368569809158,45.47722036937422,71.44806123074265
2011-08-01,M4_Quantile_Minusformer,65.8,66.50731335248148,56.93947420314796,89.76980505918806
2011-09-01,M4_Quantile_Minusformer,120.1,62.8644326834081,43.44989314011809,72.7725435081312
2011-10-01,M4_Quantile_Minusformer,125.7,95.52751149799153,85.95406409074688,140.63349445821467
2011-11-01,M4_Quantile_Minusformer,139.1,102.92403651913514,93.35180251771223,138.4729341100356
2011-12-01,M4_Quantile_Minusformer,109.3,128.61336908955906,119.0407230038716,194.45504288520743
2012-01-01,M4_Quantile_Minusformer,94.4,118.64797215672314,109.07695310248073,158.6667889862341
2012-02-01,M4_Quantile_Minusformer,47.8,105.36261225111717,81.78778185481377,116.71759496828238
2012-03-01,M4_Quantile_Minusformer,86.6,80.84174996433931,32.99575739489323,90.42835742483764
2012-04-01,M4_Quantile_Minusformer,85.9,95.81285544758477,77.72327990209156,108.22037551975033
2012-05-01,M4_Quantile_Minusformer,96.5,90.66845819689692,61.50163845520234,100.25278820966389
2012-06-01,M4_Quantile_Minusformer,92.0,90.49161205413543,52.95565612986829,100.07189893295427
2012-07-01,M4_Quantile_Minusformer,100.1,102.45070894001198,92.84568206255035,125.67535614065476
2012-08-01,M4_Quantile_Minusformer,94.8,109.47954205639486,99.90569772584197,143.11421936424267
2012-09-01,M4_Quantile_Minusformer,93.7,94.60298356302852,62.30062000429345,104.17387468915021
2012-10-01,M4_Quantile_Minusformer,76.5,106.29235183726584,96.72449033524758,132.50788313145938
2012-11-01,M4_Quantile_Minusformer,87.6,88.43226694295109,53.48153062029564,98.00064793323196
2012-12-01,M4_Quantile_Minusformer,56.8,97.22883573809109,83.44862134514777,111.22392773647265
2013-01-01,M4_Quantile_Minusformer,96.1,87.57387687403538,76.01970892915011,101.22047207264379
2013-02-01,M4_Quantile_Minusformer,60.9,94.56032469169216,84.29605210855297,110.06554595189434
2013-03-01,M4_Quantile_Minusformer,78.3,79.76649175056524,56.63288596999354,89.34032784110016
2013-04-01,M4_Quantile_Minusformer,107.3,100.76016564561787,91.19037599744932,149.34837646688214
2013-05-01,M4_Quantile_Minusformer,120.2,101.860592167014,92.29131459719828,134.68202122608756
2013-06-01,M4_Quantile_Minusformer,76.7,94.7094923298871,66.71756839108853,104.27745886121114
2013-07-01,M4_Quantile_Minusformer,86.2,77.09246473232804,22.073150019221544,86.66287445428463
2013-08-01,M4_Quantile_Minusformer,91.8,89.18567121099542,64.4641541395365,98.75252898141179
2013-09-01,M4_Quantile_Minusformer,54.5,94.74295290084657,83.70764008272984,105.96967387631194
2013-10-01,M4_Quantile_Minusformer,114.4,72.59854972996824,37.7592605072401,82.16824714437729
2013-11-01,M4_Quantile_Minusformer,113.9,102.82158515450142,93.2455319020536,132.63385685940284
2013-12-01,M4_Quantile_Minusformer,124.2,95.10627975132488,77.66964088961076,104.67970274933431
2014-01-01,M4_Quantile_Minusformer,117.0,104.10044306103151,90.6606938490816,113.69640317233446
2014-02-01,M4_Quantile_Minusformer,146.1,101.26002164957256,73.42500284180429,110.82836117038406
2014-03-01,M4_Quantile_Minusformer,128.7,128.94324737770006,119.37219596560172,161.75564801007428
2014-04-01,M4_Quantile_Minusformer,112.5,132.30628555549242,122.73845934008294,171.4649034731724
2014-05-01,M4_Quantile_Minusformer,112.5,99.05884177323428,44.21737069914218,108.62392086429415
2014-06-01,M4_Quantile_Minusformer,102.9,106.75390352599099,77.35787277607011,116.31553982095582
2014-07-01,M4_Quantile_Minusformer,100.2,111.39114628938599,101.7877206101452,120.99486355454901
2014-08-01,M4_Quantile_Minusformer,106.9,123.68928983108344,114.132499664916,165.9986739913915
2014-09-01,M4_Quantile_Minusformer,130.0,119.71180102963207,110.15758211195121,150.68506062724458
2014-10-01,M4_Quantile_Minusformer,90.0,119.22029855295003,109.66777354589325,134.52297471738595
2014-11-01,M4_Quantile_Minusformer,103.6,105.81235982485462,93.6047722160805,115.36987080589742
2014-12-01,M4_Quantile_Minusformer,112.9,107.36883611853739,97.61877179168651,116.95944615928978
2015-01-01,M4_Quantile_Minusformer,93.0,111.6621586630111,102.11329293247745,124.5077048439842
2015-02-01,M4_Quantile_Minusformer,66.7,104.19079531198076,94.63033902398499,113.85415460843754
2015-03-01,M4_Quantile_Minusformer,54.5,86.2351201944744,63.42941640938744,95.78567699927572
2015-04-01,M4_Quantile_Minusformer,75.3,76.38355917274865,56.5817246320391,85.93606986854853
2015-05-01,M4_Quantile_Minusformer,88.8,82.31867552362662,72.76883340924553,91.87367153243216
2015-06-01,M4_Quantile_Minusformer,66.5,89.74742794083866,80.20136131615476,108.69326840165843
2015-07-01,M4_Quantile_Minusformer,65.8,80.01935344250546,70.47468653829348,90.10202909620246
2015-08-01,M4_Quantile_Minusformer,64.4,69.44443914297216,54.387710578784066,78.98589938135459
2015-09-01,M4_Quantile_Minusformer,78.6,70.73634984662534,61.186852885983924,80.2751966493383
2015-10-01,M4_Quantile_Minusformer,63.6,73.70101398747214,64.16494709372566,83.24681551180333
2015-11-01,M4_Quantile_Minusformer,62.2,72.75476871120178,63.22217780339651,86.25111879544014
2015-12-01,M4_Quantile_Minusformer,58.0,50.08332311905906,9.654365131713753,59.61274497359187
2016-01-01,M4_Quantile_Minusformer,57.0,57.8862984796537,45.22221149697263,67.41265581755938
2016-02-01,M4_Quantile_Minusformer,56.4,53.01618052263555,34.55382001016666,62.5393701977021
2016-03-01,M4_Quantile_Minusformer,54.1,58.824058036250605,49.30422206871303,68.35251951114292
2016-04-01,M4_Quantile_Minusformer,37.9,47.24579835552682,22.773778045744315,56.76238768081227
2016-05-01,M4_Quantile_Minusformer,51.5,38.795787615528916,12.728009331993746,48.310486293961546
2016-06-01,M4_Quantile_Minusformer,20.5,35.539751330618984,2.8585110746133324,45.05158088105823
2016-07-01,M4_Quantile_Minusformer,32.4,29.545376313213765,12.038439332069075,39.05949064726373
2016-08-01,M4_Quantile_Minusformer,50.2,29.911004870261422,19.948465586232842,39.42139667046432
2016-09-01,M4_Quantile_Minusformer,44.6,39.52636616349036,30.018118828875437,49.06374634112286
2016-10-01,M4_Quantile_Minusformer,33.4,33.482066600096516,23.97720464455788,42.98687801089638
2016-11-01,M4_Quantile_Minusformer,21.4,28.457150440382883,18.952839506867832,37.95906288299217
2016-12-01,M4_Quantile_Minusformer,18.5,25.67160220144776,16.17180402394318,35.171402286300975
2017-01-01,M4_Quantile_Minusformer,26.1,24.39879784761282,14.901757751515348,33.898163955368005
2017-02-01,M4_Quantile_Minusformer,26.4,24.03806090687086,14.544415007477632,33.54079055412786
2017-03-01,M4_Quantile_Minusformer,17.7,19.3747593850538,9.884834476359327,28.864687154771218
2017-04-01,M4_Quantile_Minusformer,32.3,18.922388272602078,9.435052210040595,28.420242409199204
2017-05-01,M4_Quantile_Minusformer,18.9,23.060995299519682,13.57640097489286,33.033628640870134
2017-06-01,M4_Quantile_Minusformer,19.2,23.341557328850257,13.859554565032177,41.02097639821033
2017-07-01,M4_Quantile_Minusformer,17.8,14.381669558422388,4.903048944951774,23.860352160723565
2017-08-01,M4_Quantile_Minusformer,32.6,16.506405118324857,7.030921176013155,26.258812240263026
2017-09-01,M4_Quantile_Minusformer,43.7,20.900682902768608,11.427831532627867,31.431232522726248
2017-10-01,M4_Quantile_Minusformer,13.2,30.23548864644306,20.764767414224963,50.27990267727566
2017-11-01,M4_Quantile_Minusformer,5.7,10.995961156655262,-0.1973807712609812,20.466341658790256
2017-12-01,M4_Quantile_Minusformer,8.2,14.291429132804524,4.823064869851665,23.792977924108214
2018-01-01,M4_Quantile_Minusformer,6.8,13.232260841595917,3.767029129996935,23.109782649477857
2018-02-01,M4_Quantile_Minusformer,10.7,6.501674808800928,-2.9609473391896994,15.964295049442924
2018-03-01,M4_Quantile_Minusformer,2.5,5.9557217369634685,-3.5036997241947923,15.415136522401514
2018-04-01,M4_Quantile_Minusformer,8.9,1.9335206995350802,-7.523405485693019,11.390382034909663
2018-05-01,M4_Quantile_Minusformer,13.1,7.856900422404806,-1.5966551452132087,19.115216446108025
2018-06-01,M4_Quantile_Minusformer,15.6,10.831138370566961,1.3808842950359068,27.29056822353332
2018-07-01,M4_Quantile_Minusformer,1.6,10.474266536899876,1.02738090517159,23.421934896823352
2018-08-01,M4_Quantile_Minusformer,8.7,-1.0722790441159304,-10.554276671708196,8.372653077494888
2018-09-01,M4_Quantile_Minusformer,3.3,7.7571514437600655,-1.684432955312051,20.630556235440825
2018-10-01,M4_Quantile_Minusformer,4.9,13.007768519799669,3.5693080981656795,42.63776489114069
2018-11-01,M4_Quantile_Minusformer,4.9,4.00572036621837,-5.429929829528588,13.753925398238522
2018-12-01,M4_Quantile_Minusformer,3.1,8.497667684180172,-0.9354547614769881,28.939441386398613
2019-01-01,M4_Quantile_Minusformer,7.7,3.0212734887865764,-6.408253366547649,12.710869475971997
2019-02-01,M4_Quantile_Minusformer,0.8,5.633996952482661,-3.792214116439533,17.87002628922712
2019-03-01,M4_Quantile_Minusformer,9.4,5.604015814138123,-3.8195618681892434,22.17448079886417
2019-04-01,M4_Quantile_Minusformer,9.1,10.335116955826507,0.9148641408324707,34.26676522522728
2019-05-01,M4_Quantile_Minusformer,9.9,7.866982156770675,-1.550087525305127,24.192212525339396
2019-06-01,M4_Quantile_Minusformer,1.2,7.90046857984035,-1.5133493712511417,21.67638713212813
2019-07-01,M4_Quantile_Minusformer,0.9,1.8770633258025242,-7.538636002157492,11.29081238978549
2019-08-01,M4_Quantile_Minusformer,0.5,8.878346533810799,-0.5301382664425773,30.923605158755947
2019-09-01,M4_Quantile_Minusformer,1.1,6.9859045003846205,-2.41975901759022,26.51776273385934
2019-10-01,M4_Quantile_Minusformer,0.4,5.607344691520268,-3.795655067227255,22.62559742191696
2019-11-01,M4_Quantile_Minusformer,0.5,1.747393017825928,-7.6535020586900835,11.893350207150167
2019-12-01,M4_Quantile_Minusformer,1.5,0.6282965261569728,-8.768860354602657,10.163381177531226
2020-01-01,M4_Quantile_Minusformer,6.2,2.967455228059663,-6.4265870009372765,15.971763129263481
2020-02-01,M4_Quantile_Minusformer,0.2,7.659779239627738,-1.7310975605023309,28.66093774561413
2020-03-01,M4_Quantile_Minusformer,1.5,4.9377440999389535,-4.45074474387407,22.30205396197097
2020-04-01,M4_Quantile_Minusformer,5.2,2.3751697158441516,-7.010615439268468,14.254378571289413
2020-05-01,M4_Quantile_Minusformer,0.2,5.7391093017561445,-3.643510796367625,22.75409462662552
2020-06-01,M4_Quantile_Minusformer,5.8,2.947377832385513,-6.432195819743763,14.86503307087572
2020-07-01,M4_Quantile_Minusformer,6.1,6.109635983478682,-3.266725820257127,21.949676981664872
2020-08-01,M4_Quantile_Minusformer,7.5,6.643760680856971,-2.7297752027022177,21.786338579491844
2020-09-01,M4_Quantile_Minusformer,0.6,6.341860818653942,-3.028698080105894,18.36800949166476
2020-10-01,M4_Quantile_Minusformer,14.6,0.6300716368651962,-13.233946805196204,9.99838542804769
2020-11-01,M4_Quantile_Minusformer,34.5,11.289357085348342,1.9244303269823675,29.2731371743265
2020-12-01,M4_Quantile_Minusformer,23.1,21.116925209130642,11.753677381133338,45.10078518159816
2021-01-01,M4_Quantile_Minusformer,10.4,20.1757149131344,10.816777584636744,39.114360579415866
2021-02-01,M4_Quantile_Minusformer,8.2,13.305147993940082,2.7894153611414225,22.69368634134598
2021-03-01,M4_Quantile_Minusformer,17.2,12.101326241059596,1.4102423086913198,21.477680482876114
2021-04-01,M4_Quantile_Minusformer,24.5,20.241079112601568,10.88749747707055,40.71196888793361
2021-05-01,M4_Quantile_Minusformer,21.2,20.121690783631635,10.769286951335905,33.43539582346978
2021-06-01,M4_Quantile_Minusformer,25.0,18.451870937046607,7.7256116138916955,27.909102043601102
2021-07-01,M4_Quantile_Minusformer,34.3,20.97430606837915,10.44988217511385,30.569873201381007
2021-08-01,M4_Quantile_Minusformer,22.0,33.940737742288796,24.600215726290475,63.59203551512306
2021-09-01,M4_Quantile_Minusformer,51.3,22.242649221923934,6.41263784871615,31.585533529473146
2021-10-01,M4_Quantile_Minusformer,37.4,39.20026965245891,29.863187740955034,63.08789344170936
2021-11-01,M4_Quantile_Minusformer,34.8,39.27334859069358,29.938054668424137,62.264069015190806
2021-12-01,M4_Quantile_Minusformer,67.5,42.07325847553065,32.741169343027266,69.49558999389829
2022-01-01,M4_Quantile_Minusformer,55.3,59.89655084701425,50.56415675825545,105.10665337083164
2022-02-01,M4_Quantile_Minusformer,60.9,53.22693144139206,43.89700286568202,77.12534527711188
2022-03-01,M4_Quantile_Minusformer,78.6,64.07327265992333,54.74677290363604,102.90264488325163
2022-04-01,M4_Quantile_Minusformer,84.0,69.96127659171981,60.63654938079436,103.05253479324583
2022-05-01,M4_Quantile_Minusformer,96.5,76.43293635862484,67.11081144631333,108.82768833850227
2022-06-01,M4_Quantile_Minusformer,70.3,96.49809865561102,87.17839558662081,155.89115453832193
2022-07-01,M4_Quantile_Minusformer,91.4,74.7813780386563,55.931952354329795,85.81656231368105
2022-08-01,M4_Quantile_Minusformer,74.6,95.34054658170501,86.02350609620215,138.96805192621667
2022-09-01,M4_Quantile_Minusformer,96.0,94.559963613689,85.24419317828918,139.0176064550947
2022-10-01,M4_Quantile_Minusformer,95.5,95.26492519196499,85.9510379676019,125.2957037050854
2022-11-01,M4_Quantile_Minusformer,80.5,98.41458958783123,89.10364503308583,127.8541829005112
2022-12-01,M4_Quantile_Minusformer,112.8,89.13081013102665,66.03603867342602,99.93956226337093
2023-01-01,M4_Quantile_Minusformer,144.4,115.3529813340125,106.04485551716672,166.5009528082069
1998-06-01,M5_SortBootstrap_ANN,90.5,77.27188171311239,62.60030247949971,92.04989481513329
1998-07-01,M5_SortBootstrap_ANN,96.7,89.22805003173536,74.80821731027666,105.54499273854563
1998-08-01,M5_SortBootstrap_ANN,121.1,96.91674910005506,81.74266434223165,112.94421596847417
1998-09-01,M5_SortBootstrap_ANN,132.0,114.56793530951452,97.7179131980909,131.52358257352603
1998-10-01,M5_SortBootstrap_ANN,78.5,127.18692581275522,112.00155422490955,144.76032459176298
1998-11-01,M5_SortBootstrap_ANN,97.3,93.98547329343656,73.04125392488825,112.89752761147827
1998-12-01,M5_SortBootstrap_ANN,119.2,102.45258857690423,83.53363842197396,122.05458501317224
1999-01-01,M5_SortBootstrap_ANN,86.0,120.24514053000347,100.28538103051491,140.74261975605452
1999-02-01,M5_SortBootstrap_ANN,98.0,98.53565131857567,78.85999700173055,117.46493627354336
1999-03-01,M5_SortBootstrap_ANN,103.5,104.33511189835197,85.61025847864607,122.99087280592713
1999-04-01,M5_SortBootstrap_ANN,93.6,108.27820088389123,89.91384687037257,128.3938355032029
1999-05-01,M5_SortBootstrap_ANN,149.6,100.56153212869958,80.81929057342744,121.75411014027056
1999-06-01,M5_SortBootstrap_ANN,207.2,136.97496524222257,118.88486668900961,155.61668809353122
1999-07-01,M5_SortBootstrap_ANN,173.5,177.44730380954672,156.96946102212002,201.97760440642168
1999-08-01,M5_SortBootstrap_ANN,142.3,167.7662086053495,143.9011220654738,187.7940139181134
1999-09-01,M5_SortBootstrap_ANN,106.3,146.48198220260653,122.68831843413315,172.31392645814046
1999-10-01,M5_SortBootstrap_ANN,168.7,119.13833861577442,100.0510894022927,140.73488263716706
1999-11-01,M5_SortBootstrap_ANN,188.3,157.41106016695238,135.40177280043858,181.7931066372412
1999-12-01,M5_SortBootstrap_ANN,116.8,176.53818922660128,151.5316256555092,198.4053375335637
2000-01-01,M5_SortBootstrap_ANN,133.1,132.32057358978832,109.51858935905895,157.2283517734596
2000-02-01,M5_SortBootstrap_ANN,165.7,135.61798162635705,114.77543851400625,161.82194060174496
2000-03-01,M5_SortBootstrap_ANN,217.7,159.10717240808543,134.1790078078501,181.935423888051
2000-04-01,M5_SortBootstrap_ANN,191.5,196.3298385318202,170.28501937221168,220.76965147347218
2000-05-01,M5_SortBootstrap_ANN,165.9,186.57078213197065,163.2892545514168,208.3347268191529
2000-06-01,M5_SortBootstrap_ANN,188.0,168.02754725289788,143.53002114073698,193.66005022891986
2000-07-01,M5_SortBootstrap_ANN,244.3,181.68270510681714,157.18322649491122,205.29173753265738
2000-08-01,M5_SortBootstrap_ANN,180.5,222.04961932513805,192.73977812733307,249.28432529192497
2000-09-01,M5_SortBootstrap_ANN,156.0,185.2250152111451,158.78602624805828,212.1196995649332
2000-10-01,M5_SortBootstrap_ANN,141.6,165.52138284413485,141.95503866081577,191.46436281732514
2000-11-01,M5_SortBootstrap_ANN,158.1,152.90219181573005,132.3350017604142,173.05749851685889
2000-12-01,M5_SortBootstrap_ANN,143.3,160.1655864423738,132.49253982602877,188.70028924768368
2001-01-01,M5_SortBootstrap_ANN,142.6,151.19131378803044,125.65928899107678,175.1926135826953
2001-02-01,M5_SortBootstrap_ANN,121.5,147.99315363191914,125.8048377107198,173.39432679951742
2001-03-01,M5_SortBootstrap_ANN,165.8,134.88986238643244,112.41908140576675,160.42055676393346
2001-04-01,M5_SortBootstrap_ANN,161.7,159.7970410699383,135.91043963319825,183.67220795162464
2001-05-01,M5_SortBootstrap_ANN,142.1,160.3670706535308,134.8886860653821,183.54215533780985
2001-06-01,M5_SortBootstrap_ANN,202.9,145.9936628426333,121.53866565502653,169.22225679385093
2001-07-01,M5_SortBootstrap_ANN,123.0,180.14735822053342,156.9086402158509,205.95392866271212
2001-08-01,M5_SortBootstrap_ANN,161.5,137.21105807620387,111.6864456520585,162.22076147134229
2001-09-01,M5_SortBootstrap_ANN,238.2,151.84612679264202,128.24187219833425,174.38037787742832
2001-10-01,M5_SortBootstrap_ANN,194.1,200.87824316210455,171.80615459300515,228.51821975267308
2001-11-01,M5_SortBootstrap_ANN,176.6,180.7965812538572,153.94276155022033,203.68181975784807
2001-12-01,M5_SortBootstrap_ANN,213.4,169.48003857180626,148.68994332442304,193.21330532034915
2002-01-01,M5_SortBootstrap_ANN,184.6,195.21803406630625,169.0408103107381,219.58472429831482
2002-02-01,M5_SortBootstrap_ANN,170.2,181.03254580966052,159.66910253476323,207.72387661965303
2002-03-01,M5_SortBootstrap_ANN,147.1,170.52846525548364,149.57581105759235,193.0553272361203
2002-04-01,M5_SortBootstrap_ANN,186.9,153.46077177356017,130.1359763645094,178.57414163977953
2002-05-01,M5_SortBootstrap_ANN,187.5,176.239885667362,153.79092827773857,199.21857433063653
2002-06-01,M5_SortBootstrap_ANN,128.8,182.66526722330002,159.04911987354487,207.913560454708
2002-07-01,M5_SortBootstrap_ANN,161.0,145.27456926002316,124.24659629878553,166.7249474641807
2002-08-01,M5_SortBootstrap_ANN,175.6,156.51771623000315,135.61520694357617,179.29682458984016
2002-09-01,M5_SortBootstrap_ANN,187.9,166.92492526973217,145.74843153437686,192.94860247104512
2002-10-01,M5_SortBootstrap_ANN,151.2,177.72429448213248,154.53114771652918,201.06288134935932
2002-11-01,M5_SortBootstrap_ANN,147.2,156.71036093789422,135.01499767219974,182.15627161264632
2002-12-01,M5_SortBootstrap_ANN,135.3,149.41088278368989,129.55119641634093,168.64339691936465
2003-01-01,M5_SortBootstrap_ANN,133.5,140.45384935868196,119.67458768881593,164.03569221961092
2003-02-01,M5_SortBootstrap_ANN,75.7,138.967330713794,121.36910015374235,159.4059841425743
2003-03-01,M5_SortBootstrap_ANN,100.7,105.00647638756683,83.50862226196358,123.48424422471794
2003-04-01,M5_SortBootstrap_ANN,97.9,108.12559653602494,89.17510394681857,125.42988989885194
2003-05-01,M5_SortBootstrap_ANN,86.8,106.13932293789146,87.0862332153643,125.32547335415947
2003-06-01,M5_SortBootstrap_ANN,118.7,96.57029198247108,78.97344417308693,116.98856189192236
2003-07-01,M5_SortBootstrap_ANN,128.3,111.2687140769364,90.17438922516924,131.7158345295947
2003-08-01,M5_SortBootstrap_ANN,115.4,118.82907625705698,98.36316823263869,140.62971633713934
2003-09-01,M5_SortBootstrap_ANN,78.5,110.44937323584178,92.13465741043285,130.90808959149362
2003-10-01,M5_SortBootstrap_ANN,97.8,89.74528230737309,69.4797066314552,108.86621563023311
2003-11-01,M5_SortBootstrap_ANN,82.9,94.26828208736468,76.65364929707137,112.50803933215629
2003-12-01,M5_SortBootstrap_ANN,72.2,84.95511424799234,65.51779356302698,104.73462138391595
2004-01-01,M5_SortBootstrap_ANN,60.6,76.86300383228483,59.08898862492049,94.46075761463086
2004-02-01,M5_SortBootstrap_ANN,74.6,67.42324683945331,48.170465443654905,87.17756984978419
2004-03-01,M5_SortBootstrap_ANN,74.8,70.67479456517742,51.8596659795236,89.81289449482539
2004-04-01,M5_SortBootstrap_ANN,59.2,71.37248783428079,51.87839142764447,90.07997244549169
2004-05-01,M5_SortBootstrap_ANN,72.8,61.72410679648493,45.32853664592402,78.4920524353271
2004-06-01,M5_SortBootstrap_ANN,66.5,65.86247806648873,49.06106992229478,82.98421325421602
2004-07-01,M5_SortBootstrap_ANN,83.8,63.921824418413465,46.25081717141232,81.5601888240755
2004-08-01,M5_SortBootstrap_ANN,69.7,72.09457908194727,53.57963891211806,90.91024423499182
2004-09-01,M5_SortBootstrap_ANN,48.8,67.02716702762804,49.562924951767464,84.41586450777024
2004-10-01,M5_SortBootstrap_ANN,74.2,53.44033775736098,34.963950838745895,71.97416638740185
2004-11-01,M5_SortBootstrap_ANN,70.1,64.56446962640895,47.42741930183247,83.5962545720334
2004-12-01,M5_SortBootstrap_ANN,28.9,65.6574580154381,48.01552259492719,87.03120114468923
2005-01-01,M5_SortBootstrap_ANN,48.1,40.824032716087835,24.686104552632614,58.19047078249716
2005-02-01,M5_SortBootstrap_ANN,43.5,45.26963958517054,26.995449769627342,62.57119270103722
2005-03-01,M5_SortBootstrap_ANN,39.6,43.15340881625114,27.030834469937034,59.56124097887994
2005-04-01,M5_SortBootstrap_ANN,38.7,39.884085970347044,21.67787987499571,57.10694608028578
2005-05-01,M5_SortBootstrap_ANN,61.9,37.63572107768054,20.769533752670732,55.91291676069206
2005-06-01,M5_SortBootstrap_ANN,56.8,51.94809457809813,34.05807510911684,69.8171235263637
2005-07-01,M5_SortBootstrap_ANN,62.4,51.589012212951616,33.40402302376725,69.52627007412542
2005-08-01,M5_SortBootstrap_ANN,60.5,56.180045820100354,38.01320201540926,75.7995177604726
2005-09-01,M5_SortBootstrap_ANN,37.2,56.237187842255445,39.62739445087521,75.00449020294263
2005-10-01,M5_SortBootstrap_ANN,13.2,41.998011223266026,24.830434018527654,58.22889690540613
2005-11-01,M5_SortBootstrap_ANN,27.5,25.83551887090669,9.66545832039899,42.08596749056722
2005-12-01,M5_SortBootstrap_ANN,59.3,28.57695580555248,13.646214867418365,43.45840847082893
2006-01-01,M5_SortBootstrap_ANN,20.9,48.046297150687955,29.73752227950623,65.33433914223102
2006-02-01,M5_SortBootstrap_ANN,5.7,28.371696459249492,10.989130192999284,45.0983686844383
2006-03-01,M5_SortBootstrap_ANN,17.3,16.318869526073073,0.7372866706203425,32.43685079232292
2006-04-01,M5_SortBootstrap_ANN,50.3,18.814478094024736,3.7169377685687337,33.118143202042994
2006-05-01,M5_SortBootstrap_ANN,37.2,38.527244202563445,20.568520321246254,57.68666407539675
2006-06-01,M5_SortBootstrap_ANN,24.5,33.64916800611629,17.376482608631626,49.60029480889728
2006-07-01,M5_SortBootstrap_ANN,22.2,26.290527607725252,10.0161925349997,43.639905405060176
2006-08-01,M5_SortBootstrap_ANN,20.8,23.073908557512503,7.6282893186805865,40.268581751422545
2006-09-01,M5_SortBootstrap_ANN,23.7,21.91461757601877,5.759236173795895,37.609422116144856
2006-10-01,M5_SortBootstrap_ANN,14.9,22.790144059473732,6.5967355037834565,38.75474945735761
2006-11-01,M5_SortBootstrap_ANN,35.7,16.938894222845406,1.3941853584665544,32.28184041098524
2006-12-01,M5_SortBootstrap_ANN,22.3,28.395988287735875,11.249101754162712,43.49856788742919
2007-01-01,M5_SortBootstrap_ANN,29.3,22.40418692972773,6.893763710111948,37.079225780447025
2007-02-01,M5_SortBootstrap_ANN,18.4,25.960533903940863,9.716251696524871,42.162717589170576
2007-03-01,M5_SortBootstrap_ANN,7.2,19.884681508887795,4.513258156182276,35.10558850059516
2007-04-01,M5_SortBootstrap_ANN,5.4,12.058219720178968,-2.519405130831416,28.358043057517477
2007-05-01,M5_SortBootstrap_ANN,19.5,9.098086375862707,-6.429933474213035,23.835992300004612
2007-06-01,M5_SortBootstrap_ANN,21.3,16.488006656668134,1.2782554121153762,33.06245106604633
2007-07-01,M5_SortBootstrap_ANN,15.1,18.916735825220997,4.053936121115312,35.056108472060444
2007-08-01,M5_SortBootstrap_ANN,9.8,15.632440663808651,0.7245045228122784,30.972030781245454
2007-09-01,M5_SortBootstrap_ANN,4.0,11.829082568956267,-2.689387618424499,26.178423265484675
2007-10-01,M5_SortBootstrap_ANN,1.5,7.313004840594104,-7.486157558921878,23.40486246439521
2007-11-01,M5_SortBootstrap_ANN,2.8,4.0499972451450645,-9.939626735011176,18.053277126256503
2007-12-01,M5_SortBootstrap_ANN,17.3,3.892496196691127,-9.90909864346683,18.4463474302817
2008-01-01,M5_SortBootstrap_ANN,4.1,12.258963626965794,-1.9762115086428,26.43475060186882
2008-02-01,M5_SortBootstrap_ANN,2.9,6.599962354944935,-7.6228727519288615,21.418130084346807
2008-03-01,M5_SortBootstrap_ANN,15.5,4.657839048584123,-10.122090001784846,19.358138498905028
2008-04-01,M5_SortBootstrap_ANN,3.6,11.712505214400082,-3.4810690527098593,26.749565254119734
2008-05-01,M5_SortBootstrap_ANN,4.6,5.787927062901758,-7.945729328845898,19.94239105467078
2008-06-01,M5_SortBootstrap_ANN,5.2,5.115592219435939,-8.794584850030732,18.97222834384951
2008-07-01,M5_SortBootstrap_ANN,0.6,5.745136661613913,-7.781166799696038,19.698420141539586
2008-08-01,M5_SortBootstrap_ANN,0.3,2.925346097321693,-10.083135369806518,16.80613683197081
2008-09-01,M5_SortBootstrap_ANN,1.2,2.1164576770217565,-10.451082871030348,14.374297736029671
2008-10-01,M5_SortBootstrap_ANN,4.2,2.1279377946637226,-10.27292124666056,14.737761683016261
2008-11-01,M5_SortBootstrap_ANN,6.6,4.015368761229865,-8.31102180410042,16.828720929724824
2008-12-01,M5_SortBootstrap_ANN,1.0,5.993349045006298,-7.097516216547547,18.329292199698074
2009-01-01,M5_SortBootstrap_ANN,1.3,3.133287639649126,-9.122483174820438,15.102309568010291
2009-02-01,M5_SortBootstrap_ANN,1.2,2.640828618107122,-9.367404357946901,15.225091967734448
2009-03-01,M5_SortBootstrap_ANN,0.6,2.39339057174233,-9.339330791949324,14.355001758393884
2009-04-01,M5_SortBootstrap_ANN,1.2,2.0778510145035654,-10.128487329011573,14.555062904619046
2009-05-01,M5_SortBootstrap_ANN,2.9,1.9263874179454064,-10.279451660053573,14.144901185237293
2009-06-01,M5_SortBootstrap_ANN,6.3,3.3581823366335186,-9.588776680123509,15.651131057522626
2009-07-01,M5_SortBootstrap_ANN,5.5,6.058006056448917,-6.028978793310955,18.302436694592274
2009-08-01,M5_SortBootstrap_ANN,0.0,6.719794098155859,-5.713645804805772,19.276432510333798
2009-09-01,M5_SortBootstrap_ANN,7.1,3.0756813727433183,-8.982434574351739,15.480650099226803
2009-10-01,M5_SortBootstrap_ANN,7.7,6.918507071055018,-5.094855811366653,19.559452145897648
2009-11-01,M5_SortBootstrap_ANN,6.9,8.256670715946,-3.753902014095866,20.259164334411786
2009-12-01,M5_SortBootstrap_ANN,16.3,8.165557413381322,-3.977880083335199,20.297780773020513
2010-01-01,M5_SortBootstrap_ANN,19.5,14.988138398105107,3.092663983514049,27.565884054837888
2010-02-01,M5_SortBootstrap_ANN,28.5,19.15760015741222,7.261080303126347,31.119773335825286
2010-03-01,M5_SortBootstrap_ANN,24.0,25.984091174130384,13.220575627052126,38.759355988786766
2010-04-01,M5_SortBootstrap_ANN,10.4,25.496071617034175,13.155443604755977,37.80244412470422
2010-05-01,M5_SortBootstrap_ANN,13.9,16.206941856313918,3.282891544470443,29.18682158884316
2010-06-01,M5_SortBootstrap_ANN,18.8,17.024986047064274,4.968142824755519,29.469821174585434
2010-07-01,M5_SortBootstrap_ANN,25.2,21.663383887504253,9.05534728531747,34.75471986427142
2010-08-01,M5_SortBootstrap_ANN,29.6,26.658828973982907,14.040183648310261,39.055936948047275
2010-09-01,M5_SortBootstrap_ANN,36.4,30.379289556743913,18.222430683722216,43.09292781437865
2010-10-01,M5_SortBootstrap_ANN,33.6,36.06371928850881,24.03670536766969,48.78510157177468
2010-11-01,M5_SortBootstrap_ANN,34.4,36.25489682166287,23.85723332048063,48.60051640805018
2010-12-01,M5_SortBootstrap_ANN,24.5,37.35300506123629,24.956942888814268,49.28563444480943
2011-01-01,M5_SortBootstrap_ANN,27.3,30.581571769888377,17.346332640422027,43.633225732423575
2011-02-01,M5_SortBootstrap_ANN,48.3,31.324511841621202,18.736109076620025,44.63972208171241
2011-03-01,M5_SortBootstrap_ANN,78.6,45.346015183040436,32.387657479240175,59.2012005845946
2011-04-01,M5_SortBootstrap_ANN,76.1,66.17293361969834,50.217806549004365,81.53534542702563
2011-05-01,M5_SortBootstrap_ANN,58.2,70.97561625136498,56.489546076909164,85.8009303146758
2011-06-01,M5_SortBootstrap_ANN,56.1,62.59625114060732,47.67568516637321,76.66413214017102
2011-07-01,M5_SortBootstrap_ANN,64.5,60.28084889847,45.8825077543611,75.54847741421433
2011-08-01,M5_SortBootstrap_ANN,65.8,66.53841553296243,49.843265392341685,81.3451596352989
2011-09-01,M5_SortBootstrap_ANN,120.1,68.47308813613637,52.603770398418874,82.52946193845958
2011-10-01,M5_SortBootstrap_ANN,125.7,102.98896588947102,86.38031454851055,119.97458179952328
2011-11-01,M5_SortBootstrap_ANN,139.1,114.98821689328065,97.85307471925032,132.38545165764302
2011-12-01,M5_SortBootstrap_ANN,109.3,129.15556917806003,113.14759174776809,148.07173065986564
2012-01-01,M5_SortBootstrap_ANN,94.4,115.64245228977978,95.09256665838893,133.13786785891477
2012-02-01,M5_SortBootstrap_ANN,47.8,102.88961983092064,82.13801064128228,123.18321119447867
2012-03-01,M5_SortBootstrap_ANN,86.6,68.87826710758883,50.64861040697819,85.7339375639978
2012-04-01,M5_SortBootstrap_ANN,85.9,88.49046229844727,66.68458838140064,110.63810299014828
2012-05-01,M5_SortBootstrap_ANN,96.5,90.45269534327448,70.8676581810019,111.76033058141377
2012-06-01,M5_SortBootstrap_ANN,92.0,98.15642748000823,78.58831890300061,116.7937995152678
2012-07-01,M5_SortBootstrap_ANN,100.1,96.29675157306862,77.47785130922394,117.59886383108444
2012-08-01,M5_SortBootstrap_ANN,94.8,102.08566693432455,81.61072292191741,121.27630585105908
2012-09-01,M5_SortBootstrap_ANN,93.7,98.96278294809932,78.26828615343285,117.70076586108243
2012-10-01,M5_SortBootstrap_ANN,76.5,97.02094828616416,77.75484435822732,117.24903112645451
2012-11-01,M5_SortBootstrap_ANN,87.6,83.80851339528263,65.34912629290307,101.31334474776901
2012-12-01,M5_SortBootstrap_ANN,56.8,87.94421950617276,69.44150073586432,108.74470162410692
2013-01-01,M5_SortBootstrap_ANN,96.1,70.09439231592991,52.93702250489474,87.550796484036
2013-02-01,M5_SortBootstrap_ANN,60.9,90.5551243056448,69.79557431772045,109.99182025151592
2013-03-01,M5_SortBootstrap_ANN,78.3,71.31911073097295,53.05613998305506,90.59560756092972
2013-04-01,M5_SortBootstrap_ANN,107.3,78.32743210985127,60.7038952845587,98.71290321553936
2013-05-01,M5_SortBootstrap_ANN,120.2,96.56382970058334,76.48252057559183,117.42660435597035
2013-06-01,M5_SortBootstrap_ANN,76.7,106.21904147081727,85.30086850476651,125.55824686560949
2013-07-01,M5_SortBootstrap_ANN,86.2,82.0259836188942,63.090077738337754,99.72607862355801
2013-08-01,M5_SortBootstrap_ANN,91.8,83.84821450780939,65.31735028364051,102.43003283544812
2013-09-01,M5_SortBootstrap_ANN,54.5,87.19911583038149,66.21797791231968,107.42161441281097
2013-10-01,M5_SortBootstrap_ANN,114.4,66.62266863026731,49.22354921878795,84.1176380325914
2013-11-01,M5_SortBootstrap_ANN,113.9,98.35738656517647,79.6809018704679,118.73057850857278
2013-12-01,M5_SortBootstrap_ANN,124.2,103.37737788822673,81.72057854219865,122.34859984167669
2014-01-01,M5_SortBootstrap_ANN,117.0,111.26959293667238,91.08483179902514,132.4439941910112
2014-02-01,M5_SortBootstrap_ANN,146.1,109.43847652551861,88.19344356522348,131.04822935352004
2014-03-01,M5_SortBootstrap_ANN,128.7,128.21974807960436,106.35817176754645,147.84699665814557
2014-04-01,M5_SortBootstrap_ANN,112.5,122.4740912271843,103.44375681017571,142.6307045214512
2014-05-01,M5_SortBootstrap_ANN,112.5,113.25583369370547,94.69175882170077,133.40213722629366
2014-06-01,M5_SortBootstrap_ANN,102.9,114.163201171083,96.0373275795369,133.5829777558313
2014-07-01,M5_SortBootstrap_ANN,100.2,109.03735004571838,91.95458202505456,127.50986330182532
2014-08-01,M5_SortBootstrap_ANN,106.9,106.03309490577522,87.46992680419822,125.29922302169547
2014-09-01,M5_SortBootstrap_ANN,130.0,108.668898738811,91.11649400770317,127.46242058970795
2014-10-01,M5_SortBootstrap_ANN,90.0,124.77493407769978,106.91627365461213,143.34025739408273
2014-11-01,M5_SortBootstrap_ANN,103.6,99.86444689341236,83.13903821110614,122.06118574158162
2014-12-01,M5_SortBootstrap_ANN,112.9,105.05417819197794,88.14840453885982,122.23571917145104
2015-01-01,M5_SortBootstrap_ANN,93.0,111.04609554503014,93.92001414295719,128.4702006478172
2015-02-01,M5_SortBootstrap_ANN,66.7,98.99512518411211,82.48635321608933,116.16329332370472
2015-03-01,M5_SortBootstrap_ANN,54.5,81.72458018592948,66.07431196297631,96.32493309516195
2015-04-01,M5_SortBootstrap_ANN,75.3,70.74821657478722,56.361603248372106,85.64385166023554
2015-05-01,M5_SortBootstrap_ANN,88.8,77.92997384630424,62.10559083073906,95.5544788844982
2015-06-01,M5_SortBootstrap_ANN,66.5,87.0558618609837,67.85062112183408,106.5269142222761
2015-07-01,M5_SortBootstrap_ANN,65.8,73.68578260453091,57.50716105611575,90.42559302957496
2015-08-01,M5_SortBootstrap_ANN,64.4,70.21554633978002,54.11036396776112,88.07708536835028
2015-09-01,M5_SortBootstrap_ANN,78.6,68.34612968137266,52.920845939420204,84.56898108890205
2015-10-01,M5_SortBootstrap_ANN,63.6,74.28771013539084,56.71004372954414,92.18769890985936
2015-11-01,M5_SortBootstrap_ANN,62.2,65.47865019427978,46.84081275004082,82.14671367542499
2015-12-01,M5_SortBootstrap_ANN,58.0,63.77693521775291,47.86022622332752,81.1283628210345
2016-01-01,M5_SortBootstrap_ANN,57.0,60.103355230904924,44.11566414132078,75.60068582206073
2016-02-01,M5_SortBootstrap_ANN,56.4,58.19562340517339,41.68970238779117,75.82472183172767
2016-03-01,M5_SortBootstrap_ANN,54.1,56.62265108053161,41.40655227653774,73.51730090276355
2016-04-01,M5_SortBootstrap_ANN,37.9,54.124584919400114,38.08460530099334,70.70521666388073
2016-05-01,M5_SortBootstrap_ANN,51.5,44.280576510182236,29.714297402672457,60.23184344880774
2016-06-01,M5_SortBootstrap_ANN,20.5,48.50788382649911,33.63042555673003,64.83475566404964
2016-07-01,M5_SortBootstrap_ANN,32.4,32.740975869183,17.756599961341536,47.09899279112359
2016-08-01,M5_SortBootstrap_ANN,50.2,33.877994387473336,18.880667925405206,48.57224601281051
2016-09-01,M5_SortBootstrap_ANN,44.6,43.8179814112168,29.880665749651804,59.349850781811945
2016-10-01,M5_SortBootstrap_ANN,33.4,42.11972114301949,27.88141950356667,56.85951933589333
2016-11-01,M5_SortBootstrap_ANN,21.4,35.647539596724435,21.649552954438633,50.312280246349715
2016-12-01,M5_SortBootstrap_ANN,18.5,27.412898969636238,13.171734405718084,42.73352177024873
2017-01-01,M5_SortBootstrap_ANN,26.1,23.255666591509303,9.022602592518766,37.39927498594662
2017-02-01,M5_SortBootstrap_ANN,26.4,25.26203847263624,10.34759570205771,39.692177768788504
2017-03-01,M5_SortBootstrap_ANN,17.7,25.1709920854017,11.886285968668897,38.99334902572764
2017-04-01,M5_SortBootstrap_ANN,32.3,19.88307066472244,5.481688791461494,34.97434387633177
2017-05-01,M5_SortBootstrap_ANN,18.9,26.839420516194487,12.446583489083533,40.8598100526133
2017-06-01,M5_SortBootstrap_ANN,19.2,20.49198991552018,6.4174950481254385,34.65351269028644
2017-07-01,M5_SortBootstrap_ANN,17.8,19.444829024212183,5.032887888433219,33.76239395359313
2017-08-01,M5_SortBootstrap_ANN,32.6,17.802341702797513,3.6585361509887413,31.695073774953883
2017-09-01,M5_SortBootstrap_ANN,43.7,26.372573829129692,11.530151726872251,41.558924268484304
2017-10-01,M5_SortBootstrap_ANN,13.2,35.35979532521503,20.11029649366222,50.399644117094994
2017-11-01,M5_SortBootstrap_ANN,5.7,19.18855997638793,5.442441234964605,33.92560140724912
2017-12-01,M5_SortBootstrap_ANN,8.2,11.770509809836994,-1.4795116720489698,25.89427911734552
2018-01-01,M5_SortBootstrap_ANN,6.8,11.097368377911835,-1.9639693860858287,24.438093615969557
2018-02-01,M5_SortBootstrap_ANN,10.7,9.282536186516992,-4.421179120195559,23.01025333000628
2018-03-01,M5_SortBootstrap_ANN,2.5,10.324303031976896,-3.7491058750126633,24.38434827958459
2018-04-01,M5_SortBootstrap_ANN,8.9,5.858243371043869,-7.673063688818019,19.11177895797485
2018-05-01,M5_SortBootstrap_ANN,13.1,8.20547649128298,-5.219007745310865,21.130128336137933
2018-06-01,M5_SortBootstrap_ANN,15.6,11.300794122748968,-3.4771393484577455,26.604858270225215
2018-07-01,M5_SortBootstrap_ANN,1.6,13.00458372420914,-0.7297506713664959,27.12380033146996
2018-08-01,M5_SortBootstrap_ANN,8.7,5.0442041674014035,-9.452637877762884,19.239650200259476
2018-09-01,M5_SortBootstrap_ANN,3.3,7.583132107059626,-5.954020948933877,21.691960106023405
2018-10-01,M5_SortBootstrap_ANN,4.9,5.161458142678697,-7.813238326700043,19.4794612727096
2018-11-01,M5_SortBootstrap_ANN,4.9,5.355273474433702,-8.10924539654519,18.5841395410379
2018-12-01,M5_SortBootstrap_ANN,3.1,5.329852237326534,-8.050000583620543,20.138922396835625
2019-01-01,M5_SortBootstrap_ANN,7.7,4.163318271425126,-8.302687341767376,17.32559601939851
2019-02-01,M5_SortBootstrap_ANN,0.8,6.233137954184016,-6.429547509536457,18.733622728588692
2019-03-01,M5_SortBootstrap_ANN,9.4,2.611504780126282,-9.601737409113316,15.732473108196064
2019-04-01,M5_SortBootstrap_ANN,9.1,7.396288845131622,-6.144417685186816,20.154881346519396
2019-05-01,M5_SortBootstrap_ANN,9.9,8.300642440455405,-4.104136540350293,20.714780274362834
2019-06-01,M5_SortBootstrap_ANN,1.2,9.07631873280971,-3.7201712897386905,22.462197125872027
2019-07-01,M5_SortBootstrap_ANN,0.9,3.8576341189543797,-8.48272589168386,16.4296256842558
2019-08-01,M5_SortBootstrap_ANN,0.5,2.8377505255100175,-9.87124444281892,14.975337102840115
2019-09-01,M5_SortBootstrap_ANN,1.1,2.1878276323273695,-9.944302064541514,14.872219158572474
2019-10-01,M5_SortBootstrap_ANN,0.4,2.3274615452342573,-9.654098804257284,14.616753225120544
2019-11-01,M5_SortBootstrap_ANN,0.5,1.9887155352209476,-10.145104956334126,15.081418239414877
2019-12-01,M5_SortBootstrap_ANN,1.5,1.6951288301578273,-10.274436249912105,14.703481871233924
2020-01-01,M5_SortBootstrap_ANN,6.2,2.0678915579012767,-10.11329920634728,14.226038928061088
2020-02-01,M5_SortBootstrap_ANN,0.2,5.285983015033622,-7.307392459489147,17.834476192040523
2020-03-01,M5_SortBootstrap_ANN,1.5,1.9371625970245248,-10.4271346288228,14.092570338466333
2020-04-01,M5_SortBootstrap_ANN,5.2,2.917631528340337,-9.084801287504552,14.7555127284702
2020-05-01,M5_SortBootstrap_ANN,0.2,5.594188356588603,-6.526814319431285,17.612651135643464
2020-06-01,M5_SortBootstrap_ANN,5.8,2.5670488195147243,-8.724961615928303,13.664006392790393
2020-07-01,M5_SortBootstrap_ANN,6.1,5.995704804432052,-5.324372810079515,17.57651423523543
2020-08-01,M5_SortBootstrap_ANN,7.5,6.973037838640479,-4.450906050633126,18.188929092721214
2020-09-01,M5_SortBootstrap_ANN,0.6,8.219014215260387,-3.2544984453154733,19.747779293758267
2020-10-01,M5_SortBootstrap_ANN,14.6,3.734912034699974,-7.046859984593787,14.534098906970534
2020-11-01,M5_SortBootstrap_ANN,34.5,12.321374077917312,0.9569955630739813,24.168551049906334
2020-12-01,M5_SortBootstrap_ANN,23.1,26.047025650109646,12.924006475066443,39.27783100374172
2021-01-01,M5_SortBootstrap_ANN,10.4,23.72346061778528,12.275182364070949,35.36190772907407
2021-02-01,M5_SortBootstrap_ANN,8.2,14.831516489016977,2.4023258702509196,28.266322349608615
2021-03-01,M5_SortBootstrap_ANN,17.2,12.304011358781153,0.15895890148001612,24.406177916538528
2021-04-01,M5_SortBootstrap_ANN,24.5,18.589757701468756,5.663624636666039,31.90128420699489
2021-05-01,M5_SortBootstrap_ANN,21.2,24.485539469849897,12.482669553073881,37.55748997782769
2021-06-01,M5_SortBootstrap_ANN,25.0,23.500737209019263,10.759990738533114,36.41870926925761
2021-07-01,M5_SortBootstrap_ANN,34.3,26.087325534779296,13.599327351238422,38.84787430120591
2021-08-01,M5_SortBootstrap_ANN,22.0,33.39770604978391,20.70278578320576,45.85682128172462
2021-09-01,M5_SortBootstrap_ANN,51.3,26.34857311299144,13.080871243338953,38.747242599678835
2021-10-01,M5_SortBootstrap_ANN,37.4,44.99337906942058,31.946454952869097,59.043265298398815
2021-11-01,M5_SortBootstrap_ANN,34.8,40.340318462214576,26.775170909879215,53.652831489250865
2021-12-01,M5_SortBootstrap_ANN,67.5,38.48706062244227,25.437149057420882,51.466817639772316
2022-01-01,M5_SortBootstrap_ANN,55.3,59.841237736662684,45.36089156813094,75.61016098496738
2022-02-01,M5_SortBootstrap_ANN,60.9,57.26240145024216,44.09565608681239,71.07094578675543
2022-03-01,M5_SortBootstrap_ANN,78.6,61.26452727570702,48.55621351642901,75.24163223371549
2022-04-01,M5_SortBootstrap_ANN,84.0,74.43920666068954,60.25286331512053,88.73609993301633
2022-05-01,M5_SortBootstrap_ANN,96.5,81.28406302946225,67.81920358956285,95.96183216784797
2022-06-01,M5_SortBootstrap_ANN,70.3,92.31340436544988,78.99776776374483,106.01211858861491
2022-07-01,M5_SortBootstrap_ANN,91.4,77.51806760622222,60.408521112817496,93.62061657393495
2022-08-01,M5_SortBootstrap_ANN,74.6,90.9299363827304,75.42993443329932,107.61474992426353
2022-09-01,M5_SortBootstrap_ANN,96.0,82.18193188303715,67.48163316833282,96.94176550508249
2022-10-01,M5_SortBootstrap_ANN,95.5,95.792042921152,80.93316992560972,111.6431272585522
2022-11-01,M5_SortBootstrap_ANN,80.5,98.12700623669598,83.13377828046131,113.36922806652683
2022-12-01,M5_SortBootstrap_ANN,112.8,87.12172113795414,71.68254808237683,103.21437353122371
2023-01-01,M5_SortBootstrap_ANN,144.4,108.27769446877812,91.91050855519163,123.53623494321667
1998-06-01,M6_OOT_Adaptive_EnbPI,90.5,92.38959688053512,45.02859598964127,149.55079464697437
1998-07-01,M6_OOT_Adaptive_EnbPI,96.7,95.78738167349715,48.38017234869313,152.90237100602621
1998-08-01,M6_OOT_Adaptive_EnbPI,121.1,100.18650528848596,52.672109820486625,157.19430847781973
1998-09-01,M6_OOT_Adaptive_EnbPI,132.0,119.9646261568939,72.3252296603992,176.8474283177323
1998-10-01,M6_OOT_Adaptive_EnbPI,78.5,119.84563972766423,72.28498533546305,176.80718399279615
1998-11-01,M6_OOT_Adaptive_EnbPI,97.3,113.76903954346143,66.27914575001427,170.80134440734736
1998-12-01,M6_OOT_Adaptive_EnbPI,119.2,129.99579111403287,82.50695892207497,187.02915757940806
1999-01-01,M6_OOT_Adaptive_EnbPI,86.0,120.29601016266062,72.80983351067627,177.33203216800936
1999-02-01,M6_OOT_Adaptive_EnbPI,98.0,113.44828068705245,66.04019286450256,170.56239152183565
1999-03-01,M6_OOT_Adaptive_EnbPI,103.5,123.76477856474716,76.40872062916054,180.93091928649363
1999-04-01,M6_OOT_Adaptive_EnbPI,93.6,115.36068967131025,68.07076275965775,172.59296141699085
1999-05-01,M6_OOT_Adaptive_EnbPI,149.6,117.204207575598,70.0503430085474,174.5725416658805
1999-06-01,M6_OOT_Adaptive_EnbPI,207.2,140.7594535353564,93.53189417332325,198.05409283065634
1999-07-01,M6_OOT_Adaptive_EnbPI,173.5,149.02928688926946,95.74017210268673,205.00052016817054
1999-08-01,M6_OOT_Adaptive_EnbPI,142.3,154.56941341690847,101.3269607128139,210.5873087782977
1999-09-01,M6_OOT_Adaptive_EnbPI,106.3,151.43130133845062,98.21447566945663,207.47482373494046
1999-10-01,M6_OOT_Adaptive_EnbPI,168.7,128.7223827288127,75.69493588970059,184.9552839551844
1999-11-01,M6_OOT_Adaptive_EnbPI,188.3,161.8975699897894,108.79248452899091,218.05283259447475
1999-12-01,M6_OOT_Adaptive_EnbPI,116.8,174.3664051763896,121.08531353778137,230.3456616032652
2000-01-01,M6_OOT_Adaptive_EnbPI,133.1,138.31745273898608,85.06596845961195,195.99115600422837
2000-02-01,M6_OOT_Adaptive_EnbPI,165.7,154.8457971807256,101.5695740218807,212.49476156649712
2000-03-01,M6_OOT_Adaptive_EnbPI,217.7,157.38783804809302,103.98831236265576,214.91349990727218
2000-04-01,M6_OOT_Adaptive_EnbPI,191.5,177.97797813315378,132.2944328142559,243.94804153676526
2000-05-01,M6_OOT_Adaptive_EnbPI,165.9,175.29564761310914,129.49773080620423,241.15133952871358
2000-06-01,M6_OOT_Adaptive_EnbPI,188.0,164.42864492315422,118.60833018166531,230.26193890417463
2000-07-01,M6_OOT_Adaptive_EnbPI,244.3,186.90380390963,140.98265571616358,252.6362644386729
2000-08-01,M6_OOT_Adaptive_EnbPI,180.5,223.21918321089157,177.16096925371076,288.8145779762201
2000-09-01,M6_OOT_Adaptive_EnbPI,156.0,204.71285767791838,158.8991447406391,270.5527534631484
2000-10-01,M6_OOT_Adaptive_EnbPI,141.6,162.78094338514526,115.34332539889391,228.74575974351103
2000-11-01,M6_OOT_Adaptive_EnbPI,158.1,157.4208519648104,110.01180709455002,223.4142414391671
2000-12-01,M6_OOT_Adaptive_EnbPI,143.3,155.94339193849677,108.55267678825228,221.95511113286938
2001-01-01,M6_OOT_Adaptive_EnbPI,142.6,175.26330558902924,127.8571659451067,241.2596002897238
2001-02-01,M6_OOT_Adaptive_EnbPI,121.5,170.26603461716078,122.95402597083078,236.35646031544786
2001-03-01,M6_OOT_Adaptive_EnbPI,165.8,149.3669925943289,95.98675655471544,209.85859753155444
2001-04-01,M6_OOT_Adaptive_EnbPI,161.7,161.21213120382285,107.8218835284773,221.69372450531628
2001-05-01,M6_OOT_Adaptive_EnbPI,142.1,165.45329273855216,112.07424957194647,225.94609054878546
2001-06-01,M6_OOT_Adaptive_EnbPI,202.9,156.60563541349728,103.28792853960765,217.15976951644663
2001-07-01,M6_OOT_Adaptive_EnbPI,123.0,168.54602144910632,115.06655945694376,228.93840043378276
2001-08-01,M6_OOT_Adaptive_EnbPI,161.5,142.01752051929313,88.62127156056027,202.49311253739927
2001-09-01,M6_OOT_Adaptive_EnbPI,238.2,150.47910490228037,97.03863325676949,210.91047423360848
2001-10-01,M6_OOT_Adaptive_EnbPI,194.1,191.93397125878707,142.83322484630543,257.9254884351959
2001-11-01,M6_OOT_Adaptive_EnbPI,176.6,165.43548084881778,116.35878463379456,231.45104822268507
2001-12-01,M6_OOT_Adaptive_EnbPI,213.4,148.09623438960605,98.91831106532592,214.01057465421644
2002-01-01,M6_OOT_Adaptive_EnbPI,184.6,173.57157889657555,124.17942573861399,239.2716893275045
2002-02-01,M6_OOT_Adaptive_EnbPI,170.2,173.64379702954446,124.2039159200005,239.29617950889104
2002-03-01,M6_OOT_Adaptive_EnbPI,147.1,161.63065582021056,112.22762149452353,227.31988508341405
2002-04-01,M6_OOT_Adaptive_EnbPI,186.9,162.3015107888427,112.89524340067906,227.98750698956957
2002-05-01,M6_OOT_Adaptive_EnbPI,187.5,165.67432554162178,116.16545986234254,231.25772345123306
2002-06-01,M6_OOT_Adaptive_EnbPI,128.8,172.97008284314236,123.37663154826066,238.4688951371512
2002-07-01,M6_OOT_Adaptive_EnbPI,161.0,156.34273631782602,106.96776880325861,222.06003239214914
2002-08-01,M6_OOT_Adaptive_EnbPI,175.6,181.97176491956088,132.54841734883462,247.64068093772516
2002-09-01,M6_OOT_Adaptive_EnbPI,187.9,169.82345429494313,120.44618950652907,235.53845309541958
2002-10-01,M6_OOT_Adaptive_EnbPI,151.2,167.03047534136218,117.65154058226311,232.7438041711536
2002-11-01,M6_OOT_Adaptive_EnbPI,147.2,164.08416019137945,114.75829203119477,229.8505556200853
2002-12-01,M6_OOT_Adaptive_EnbPI,135.3,160.1513953390065,110.81736619909813,225.90962978798865
2003-01-01,M6_OOT_Adaptive_EnbPI,133.5,141.28549592743963,92.04400867222209,207.1362722611126
2003-02-01,M6_OOT_Adaptive_EnbPI,75.7,144.15266182978863,94.97552725892297,210.06779084781348
2003-03-01,M6_OOT_Adaptive_EnbPI,100.7,112.86513006991585,60.415472366238376,179.19747719428236
2003-04-01,M6_OOT_Adaptive_EnbPI,97.9,114.74082867123295,62.34172003192431,181.1237248599683
2003-05-01,M6_OOT_Adaptive_EnbPI,86.8,103.72916017670742,51.50843970192767,170.29044452997164
2003-06-01,M6_OOT_Adaptive_EnbPI,118.7,96.59723720423094,44.46497421212231,163.24697904016628
2003-07-01,M6_OOT_Adaptive_EnbPI,128.3,117.03544819753105,64.87660895351908,183.65861378156308
2003-08-01,M6_OOT_Adaptive_EnbPI,115.4,114.61827734310256,62.32821530062866,181.11022012867264
2003-09-01,M6_OOT_Adaptive_EnbPI,78.5,103.1582687968123,50.74885549452062,169.5308603225646
2003-10-01,M6_OOT_Adaptive_EnbPI,97.8,93.19802118960529,44.97599856948791,160.16825477040248
2003-11-01,M6_OOT_Adaptive_EnbPI,82.9,95.88453395055524,47.70501153456183,162.89726773547642
2003-12-01,M6_OOT_Adaptive_EnbPI,72.2,73.5468490684044,25.321389700325888,140.51364590124047
2004-01-01,M6_OOT_Adaptive_EnbPI,60.6,76.96538529698091,28.777267655057955,143.96952385597254
2004-02-01,M6_OOT_Adaptive_EnbPI,74.6,72.56424818264311,24.67666780281472,139.23334768794064
2004-03-01,M6_OOT_Adaptive_EnbPI,74.8,76.13948149817543,28.276479145202664,142.83315903032855
2004-04-01,M6_OOT_Adaptive_EnbPI,59.2,72.87198773369451,25.010024593278125,139.566704478404
2004-05-01,M6_OOT_Adaptive_EnbPI,72.8,62.52864806182064,14.565696787528246,129.12237667265413
2004-06-01,M6_OOT_Adaptive_EnbPI,66.5,72.86797875786586,24.98420778819432,139.5408876733202
2004-07-01,M6_OOT_Adaptive_EnbPI,83.8,66.61185521882678,18.739222202857086,133.295902087983
2004-08-01,M6_OOT_Adaptive_EnbPI,69.7,70.64920030624184,22.70004922129629,137.2567291064222
2004-09-01,M6_OOT_Adaptive_EnbPI,48.8,66.18076079459179,18.217914746194914,132.7745946313208
2004-10-01,M6_OOT_Adaptive_EnbPI,74.2,57.91062651137319,11.838979636279255,125.19371318055443
2004-11-01,M6_OOT_Adaptive_EnbPI,70.1,65.28103371747984,19.265719615999558,132.6204531602747
2004-12-01,M6_OOT_Adaptive_EnbPI,28.9,62.20822215954787,16.2117081997281,129.56644174400327
2005-01-01,M6_OOT_Adaptive_EnbPI,48.1,40.112210208030405,-5.735232475142098,107.61950106913307
2005-02-01,M6_OOT_Adaptive_EnbPI,43.5,54.184676655706305,8.333553265752208,121.68828681002736
2005-03-01,M6_OOT_Adaptive_EnbPI,39.6,44.89938871010441,-0.9245381254751877,112.43019541879997
2005-04-01,M6_OOT_Adaptive_EnbPI,38.7,37.2397903031254,-24.678870028483992,86.47318059432175
2005-05-01,M6_OOT_Adaptive_EnbPI,61.9,44.553990364406246,-17.301329922267833,93.85072070053792
2005-06-01,M6_OOT_Adaptive_EnbPI,56.8,51.711583614558904,-10.064626790669607,101.08742383213614
2005-07-01,M6_OOT_Adaptive_EnbPI,62.4,43.98207182552349,-17.8113825139084,93.34066810889735
2005-08-01,M6_OOT_Adaptive_EnbPI,60.5,53.83242728729503,-8.147854008607602,103.00419661419815
2005-09-01,M6_OOT_Adaptive_EnbPI,37.2,47.88996479208415,-14.228168715559576,96.92388190724617
2005-10-01,M6_OOT_Adaptive_EnbPI,13.2,42.55665759202044,-19.51932317000975,91.63272745279599
2005-11-01,M6_OOT_Adaptive_EnbPI,27.5,30.256989554566218,-31.682195181230774,79.46985544157496
2005-12-01,M6_OOT_Adaptive_EnbPI,59.3,32.928002063731945,-29.04869529333636,82.1033553294694
2006-01-01,M6_OOT_Adaptive_EnbPI,20.9,42.450387682067706,-19.496457771779355,91.6555928510264
2006-02-01,M6_OOT_Adaptive_EnbPI,5.7,26.496069117799944,-21.57396098815055,87.61728117715406
2006-03-01,M6_OOT_Adaptive_EnbPI,17.3,21.485273142528886,-26.51582858351176,82.67541358179285
2006-04-01,M6_OOT_Adaptive_EnbPI,50.3,28.949219975449537,-19.034303424312647,90.15693874099196
2006-05-01,M6_OOT_Adaptive_EnbPI,37.2,30.353830602897677,-17.56879930840869,91.62244285689592
2006-06-01,M6_OOT_Adaptive_EnbPI,24.5,22.387251606703014,-25.577455348389574,83.61378681691504
2006-07-01,M6_OOT_Adaptive_EnbPI,22.2,25.8598631603204,-22.247403983772223,86.94383818153239
2006-08-01,M6_OOT_Adaptive_EnbPI,20.8,30.863329543771417,-17.106012921669578,92.08522924363503
2006-09-01,M6_OOT_Adaptive_EnbPI,23.7,27.972152370960256,-31.013564414453565,77.19016937399702
2006-10-01,M6_OOT_Adaptive_EnbPI,14.9,18.33631231568765,-40.48621895242139,67.71751483602921
2006-11-01,M6_OOT_Adaptive_EnbPI,35.7,18.370352507591356,-40.37254881411649,67.83118497433409
2006-12-01,M6_OOT_Adaptive_EnbPI,22.3,29.499532263790986,-29.293432386133173,78.91030140231742
2007-01-01,M6_OOT_Adaptive_EnbPI,29.3,21.67723509157278,-37.05401728147463,71.14971650697596
2007-02-01,M6_OOT_Adaptive_EnbPI,18.4,24.503882534035135,-34.40470402731263,73.79902976113796
2007-03-01,M6_OOT_Adaptive_EnbPI,7.2,21.96590465697027,-30.029006247550203,74.23050470581626
2007-04-01,M6_OOT_Adaptive_EnbPI,5.4,17.711761696755325,-34.117469310497256,70.1420416428692
2007-05-01,M6_OOT_Adaptive_EnbPI,19.5,11.497467790556707,-40.298509882773324,63.961001070593134
2007-06-01,M6_OOT_Adaptive_EnbPI,21.3,18.74356604156283,-33.117235431682275,68.64658882396358
2007-07-01,M6_OOT_Adaptive_EnbPI,15.1,19.73572739530612,-32.138643359265465,69.62518089638039
2007-08-01,M6_OOT_Adaptive_EnbPI,9.8,19.156192458564977,-32.79461326298467,68.96921099266119
2007-09-01,M6_OOT_Adaptive_EnbPI,4.0,19.241635803272214,-32.62366827283158,69.14015598281428
2007-10-01,M6_OOT_Adaptive_EnbPI,1.5,12.912457506788607,-38.833865992809386,62.929958262836465
2007-11-01,M6_OOT_Adaptive_EnbPI,2.8,9.845225617965149,-41.89615517745857,59.867669078187284
2007-12-01,M6_OOT_Adaptive_EnbPI,17.3,8.145492361895895,-43.648758862468945,58.115065393176906
2008-01-01,M6_OOT_Adaptive_EnbPI,4.1,14.047854139277803,-37.69123259521111,64.07259166043474
2008-02-01,M6_OOT_Adaptive_EnbPI,2.9,10.930022921224804,-40.914682121352136,60.849142134293714
2008-03-01,M6_OOT_Adaptive_EnbPI,15.5,11.572564683131674,-35.80606580755399,63.67511717357579
2008-04-01,M6_OOT_Adaptive_EnbPI,3.6,13.737021608682879,-33.67160154141227,65.8095814397175
2008-05-01,M6_OOT_Adaptive_EnbPI,4.6,8.753153699297426,-38.55852171447118,60.9226612666586
2008-06-01,M6_OOT_Adaptive_EnbPI,5.2,8.537388700950872,-38.66464311588288,60.8165398652469
2008-07-01,M6_OOT_Adaptive_EnbPI,0.6,9.494854483892837,-37.61117522788751,61.87000775324228
2008-08-01,M6_OOT_Adaptive_EnbPI,0.3,9.126678180702628,-37.9911988803284,61.48998410080139
2008-09-01,M6_OOT_Adaptive_EnbPI,1.2,7.7561324733630626,-39.340305222867514,60.14087775826227
2008-10-01,M6_OOT_Adaptive_EnbPI,4.2,7.57475238123935,-39.62157234565723,59.859610635472556
2008-11-01,M6_OOT_Adaptive_EnbPI,6.6,6.820893909402398,-40.40002366444902,59.08115931668076
2008-12-01,M6_OOT_Adaptive_EnbPI,1.0,10.41469711242031,-36.91311370363138,62.568069277498395
2009-01-01,M6_OOT_Adaptive_EnbPI,1.3,8.333571053721618,-39.00705391597849,60.474129065151295
2009-02-01,M6_OOT_Adaptive_EnbPI,1.2,6.968071842048048,-40.29387319372142,59.18730978740837
2009-03-01,M6_OOT_Adaptive_EnbPI,0.6,9.859930817999297,-37.2489174531895,62.232265527940285
2009-04-01,M6_OOT_Adaptive_EnbPI,1.2,6.518377158493167,-40.442975236261795,59.03820774486799
2009-05-01,M6_OOT_Adaptive_EnbPI,2.9,6.239159150643498,-40.66554524098328,58.81563774014651
2009-06-01,M6_OOT_Adaptive_EnbPI,6.3,8.92747610854217,-37.88682711915959,61.5943558619702
2009-07-01,M6_OOT_Adaptive_EnbPI,5.5,9.362112684014036,-37.48018290221679,62.001000078912995
2009-08-01,M6_OOT_Adaptive_EnbPI,0.0,9.930392956054135,-36.93664045303228,62.5445425280975
2009-09-01,M6_OOT_Adaptive_EnbPI,7.1,8.707441601174153,-38.22542611954759,61.25575686158219
2009-10-01,M6_OOT_Adaptive_EnbPI,7.7,11.130311313485173,-35.913381785121786,63.567801196008
2009-11-01,M6_OOT_Adaptive_EnbPI,6.9,12.29921074480399,-34.85023340337223,64.63094957775756
2009-12-01,M6_OOT_Adaptive_EnbPI,16.3,13.019425525599132,-34.135391941105524,65.34579104002427
2010-01-01,M6_OOT_Adaptive_EnbPI,19.5,18.227076603646786,-28.97687017009315,70.50431281103664
2010-02-01,M6_OOT_Adaptive_EnbPI,28.5,21.07244164881658,-26.16513761816423,73.31604536296555
2010-03-01,M6_OOT_Adaptive_EnbPI,24.0,27.993368300795446,-19.296355899205814,80.18482708192397
2010-04-01,M6_OOT_Adaptive_EnbPI,10.4,29.521899083573945,-17.78796606569691,81.69321691543287
2010-05-01,M6_OOT_Adaptive_EnbPI,13.9,26.64371467843702,-20.589912216196346,78.89127076493344
2010-06-01,M6_OOT_Adaptive_EnbPI,18.8,29.400719278709474,-17.736358291669532,81.74482468946024
2010-07-01,M6_OOT_Adaptive_EnbPI,25.2,29.198666821356593,-17.885908523798957,81.59527445733083
2010-08-01,M6_OOT_Adaptive_EnbPI,29.6,31.250055781736915,-15.745791681635058,83.73539129949472
2010-09-01,M6_OOT_Adaptive_EnbPI,36.4,36.13653079029954,-10.898993387034842,88.58218959409494
2010-10-01,M6_OOT_Adaptive_EnbPI,33.6,42.857505437936375,-4.2056314316182934,95.27555154951149
2010-11-01,M6_OOT_Adaptive_EnbPI,34.4,43.889316597652396,-3.0986899193340705,96.38249306179571
2010-12-01,M6_OOT_Adaptive_EnbPI,24.5,48.00509111348173,1.0569865012875042,100.53816948241729
2011-01-01,M6_OOT_Adaptive_EnbPI,27.3,40.962384401254084,-5.886828498673047,93.59435448245674
2011-02-01,M6_OOT_Adaptive_EnbPI,48.3,43.47668160988916,-3.351038919371888,96.1301440617579
2011-03-01,M6_OOT_Adaptive_EnbPI,78.6,54.136225145943506,7.342675909107406,106.82385889023719
2011-04-01,M6_OOT_Adaptive_EnbPI,76.1,62.98681804836305,16.095613813701412,115.5767967948312
2011-05-01,M6_OOT_Adaptive_EnbPI,58.2,71.33995250007132,24.446425827831973,123.92760880896176
2011-06-01,M6_OOT_Adaptive_EnbPI,56.1,71.91454216944567,25.064066754866666,124.54524973599645
2011-07-01,M6_OOT_Adaptive_EnbPI,64.5,72.36751849478277,25.515978997575537,124.99716197870532
2011-08-01,M6_OOT_Adaptive_EnbPI,65.8,74.45373935355757,27.6452786618515,127.12646164298128
2011-09-01,M6_OOT_Adaptive_EnbPI,120.1,76.47923780553197,29.670439718034913,129.1516226991647
2011-10-01,M6_OOT_Adaptive_EnbPI,125.7,100.67555387617699,53.700158046256206,153.181341027386
2011-11-01,M6_OOT_Adaptive_EnbPI,139.1,109.27856401851473,62.322049783543015,161.8032327646728
2011-12-01,M6_OOT_Adaptive_EnbPI,109.3,133.92847478113262,86.83372997936874,186.31491296049853
2012-01-01,M6_OOT_Adaptive_EnbPI,94.4,123.0429597568676,75.98743650700462,175.4686194881344
2012-02-01,M6_OOT_Adaptive_EnbPI,47.8,98.07145013056558,51.10126804637929,150.58245102750908
2012-03-01,M6_OOT_Adaptive_EnbPI,86.6,75.4752462791302,24.956453538999796,125.77252892271632
2012-04-01,M6_OOT_Adaptive_EnbPI,85.9,98.55346750141118,48.02133284456433,148.83740822828085
2012-05-01,M6_OOT_Adaptive_EnbPI,96.5,97.67326344125989,47.29882809435447,148.114903478071
2012-06-01,M6_OOT_Adaptive_EnbPI,92.0,113.03677452493154,62.68469395785799,163.5007693415745
2012-07-01,M6_OOT_Adaptive_EnbPI,100.1,116.49427737286321,66.17791509074308,166.9939904744596
2012-08-01,M6_OOT_Adaptive_EnbPI,94.8,108.66454475545267,58.43607717405826,159.2521525577748
2012-09-01,M6_OOT_Adaptive_EnbPI,93.7,103.47930808828345,53.316255286022965,154.13233066973947
2012-10-01,M6_OOT_Adaptive_EnbPI,76.5,95.91746076764588,45.81807428596692,146.63414966968344
2012-11-01,M6_OOT_Adaptive_EnbPI,87.6,87.65933923633253,37.698636344411334,138.51471172812785
2012-12-01,M6_OOT_Adaptive_EnbPI,56.8,99.84173592504486,49.83393085784922,150.65000624156573
2013-01-01,M6_OOT_Adaptive_EnbPI,96.1,86.26432293279339,36.29883714896983,137.11491253268636
2013-02-01,M6_OOT_Adaptive_EnbPI,60.9,98.63739177083946,48.68847762251459,149.5045530062311
2013-03-01,M6_OOT_Adaptive_EnbPI,78.3,78.86744927180003,28.963410775849752,129.77948615956626
2013-04-01,M6_OOT_Adaptive_EnbPI,107.3,77.64438124942089,27.886805588643476,128.70288097236
2013-05-01,M6_OOT_Adaptive_EnbPI,120.2,86.63524024681524,36.88488833412527,137.7009637178418
2013-06-01,M6_OOT_Adaptive_EnbPI,76.7,95.83429885610839,45.88225041979716,146.69832580351368
2013-07-01,M6_OOT_Adaptive_EnbPI,86.2,81.10450738967167,31.359318902102835,132.17539428581935
2013-08-01,M6_OOT_Adaptive_EnbPI,91.8,83.09051287599252,33.385051895351644,134.20112727906817
2013-09-01,M6_OOT_Adaptive_EnbPI,54.5,86.45652300883685,36.79421956595346,137.61029494967
2013-10-01,M6_OOT_Adaptive_EnbPI,114.4,67.11996131865902,17.65837453323953,118.47444991695605
2013-11-01,M6_OOT_Adaptive_EnbPI,113.9,96.18079091421288,46.62045074921351,147.43652613293003
2013-12-01,M6_OOT_Adaptive_EnbPI,124.2,93.70271621043938,44.10636107910581,144.92243646282233
2014-01-01,M6_OOT_Adaptive_EnbPI,117.0,100.2185306520827,54.09102876426007,153.5754455394616
2014-02-01,M6_OOT_Adaptive_EnbPI,146.1,115.50362895668852,69.36897595797114,168.85339273317268
2014-03-01,M6_OOT_Adaptive_EnbPI,128.7,103.17917771177395,57.03015489936857,156.5145716745701
2014-04-01,M6_OOT_Adaptive_EnbPI,112.5,110.84900655385293,64.555586750238,164.04000352543954
2014-05-01,M6_OOT_Adaptive_EnbPI,112.5,104.53951150093346,58.13614535150653,157.62056212670805
2014-06-01,M6_OOT_Adaptive_EnbPI,102.9,115.3848180909819,69.00759276883548,168.49200954403702
2014-07-01,M6_OOT_Adaptive_EnbPI,100.2,120.02601492500582,74.42120953855668,171.34729860522222
2014-08-01,M6_OOT_Adaptive_EnbPI,106.9,118.91103879939318,73.10674020309393,168.96724840807474
2014-09-01,M6_OOT_Adaptive_EnbPI,130.0,111.50702538834669,65.8454113874246,161.7059195924054
2014-10-01,M6_OOT_Adaptive_EnbPI,90.0,121.05244594353435,75.27932426533593,171.13983247031672
2014-11-01,M6_OOT_Adaptive_EnbPI,103.6,103.82917163799502,58.09103419228961,153.9515423972704
2014-12-01,M6_OOT_Adaptive_EnbPI,112.9,100.01635829371129,54.3778539952782,150.238362200259
2015-01-01,M6_OOT_Adaptive_EnbPI,93.0,118.773333771046,73.03936881421812,168.89987701919893
2015-02-01,M6_OOT_Adaptive_EnbPI,66.7,110.05433621343714,64.45385417671147,160.31436238169226
2015-03-01,M6_OOT_Adaptive_EnbPI,54.5,83.45172779976464,39.817521115857694,134.54019907167708
2015-04-01,M6_OOT_Adaptive_EnbPI,75.3,82.98758317114829,39.39390094212924,134.11657889794864
2015-05-01,M6_OOT_Adaptive_EnbPI,88.8,79.41798078864605,35.79901807931842,130.5216960351378
2015-06-01,M6_OOT_Adaptive_EnbPI,66.5,81.63501552213314,37.87779888194431,132.6004768377637
2015-07-01,M6_OOT_Adaptive_EnbPI,65.8,75.88997483015595,32.06928009369547,126.79195804951486
2015-08-01,M6_OOT_Adaptive_EnbPI,64.4,73.7583403464468,30.03046535265684,124.75314330847624
2015-09-01,M6_OOT_Adaptive_EnbPI,78.6,72.38266897654842,26.958830461595184,120.2049412968708
2015-10-01,M6_OOT_Adaptive_EnbPI,63.6,72.15180659845412,29.582871444985578,122.21618994971031
2015-11-01,M6_OOT_Adaptive_EnbPI,62.2,62.05689710048048,19.58961880443411,112.22293730915885
2015-12-01,M6_OOT_Adaptive_EnbPI,58.0,62.689250575524305,20.194695423692586,112.82801392841732
2016-01-01,M6_OOT_Adaptive_EnbPI,57.0,58.99564140911718,16.589883724637637,109.22320222936237
2016-02-01,M6_OOT_Adaptive_EnbPI,56.4,62.58373264643689,20.21278068981548,112.84609919454022
2016-03-01,M6_OOT_Adaptive_EnbPI,54.1,55.578345252778675,12.522960309372145,103.46349768780023
2016-04-01,M6_OOT_Adaptive_EnbPI,37.9,54.845240129735245,11.817641725821424,102.7581791042495
2016-05-01,M6_OOT_Adaptive_EnbPI,51.5,44.447720312563455,1.5504706663509609,92.49100804477905
2016-06-01,M6_OOT_Adaptive_EnbPI,20.5,50.585889515497826,7.621271814273612,98.5618091927017
2016-07-01,M6_OOT_Adaptive_EnbPI,32.4,34.05814991725444,-7.710264451766342,82.24941688453711
2016-08-01,M6_OOT_Adaptive_EnbPI,50.2,38.269326775886356,-3.1539252692202524,86.64867509139293
2016-09-01,M6_OOT_Adaptive_EnbPI,44.6,41.64636151319094,-6.317268811237049,78.18561043108258
2016-10-01,M6_OOT_Adaptive_EnbPI,33.4,38.10585904505698,-9.944554581564525,74.5583246607551
2016-11-01,M6_OOT_Adaptive_EnbPI,21.4,32.138708393988864,-15.834317846550455,68.66856139576917
2016-12-01,M6_OOT_Adaptive_EnbPI,18.5,33.79737071122046,-14.24597918953009,70.25690005278955
2017-01-01,M6_OOT_Adaptive_EnbPI,26.1,24.486803269563055,-20.293512771044945,60.77975346651816
2017-02-01,M6_OOT_Adaptive_EnbPI,26.4,24.072686686884122,-20.690970884637206,60.382295352925894
2017-03-01,M6_OOT_Adaptive_EnbPI,17.7,24.05380829224747,-20.153679645413145,59.51332475547713
2017-04-01,M6_OOT_Adaptive_EnbPI,32.3,19.67491533887521,-24.642514604734288,55.02448979615598
2017-05-01,M6_OOT_Adaptive_EnbPI,18.9,29.08839538029067,-15.36178646999661,64.30521793089366
2017-06-01,M6_OOT_Adaptive_EnbPI,19.2,18.952440880427286,-25.75021636065055,52.68403171914139
2017-07-01,M6_OOT_Adaptive_EnbPI,17.8,16.820310813313526,-27.981086342497434,50.4531617372945
2017-08-01,M6_OOT_Adaptive_EnbPI,32.6,17.398233665087773,-27.43281545993498,51.001432619856956
2017-09-01,M6_OOT_Adaptive_EnbPI,43.7,22.786434025607825,-22.16378116140895,56.270466918382986
2017-10-01,M6_OOT_Adaptive_EnbPI,13.2,25.931507948233136,-19.151095398737677,59.28315268105426
2017-11-01,M6_OOT_Adaptive_EnbPI,5.7,19.042365764069203,-25.903718818066416,52.53052926172552
2017-12-01,M6_OOT_Adaptive_EnbPI,8.2,17.111779359981536,-27.7944521871496,50.63979589264234
2018-01-01,M6_OOT_Adaptive_EnbPI,6.8,14.888768359823974,-29.936809986333092,48.49743809345884
2018-02-01,M6_OOT_Adaptive_EnbPI,10.7,9.743286964036038,-35.15916886404196,43.275079215749976
2018-03-01,M6_OOT_Adaptive_EnbPI,2.5,8.835648403680015,-35.91121773564343,40.89100182527078
2018-04-01,M6_OOT_Adaptive_EnbPI,8.9,10.683749367696526,-34.0390305395979,42.76318902131631
2018-05-01,M6_OOT_Adaptive_EnbPI,13.1,12.433167567549845,-32.27576587864038,44.52645368227383
2018-06-01,M6_OOT_Adaptive_EnbPI,15.6,10.965996476667987,-33.801614091159045,43.000605469755165
2018-07-01,M6_OOT_Adaptive_EnbPI,1.6,11.836406382056428,-32.98415139245937,43.81806816845484
2018-08-01,M6_OOT_Adaptive_EnbPI,8.7,3.6113807629644206,-41.13512877030693,35.66709079060728
2018-09-01,M6_OOT_Adaptive_EnbPI,3.3,12.399220752000767,-32.40555209101649,44.39666746989772
2018-10-01,M6_OOT_Adaptive_EnbPI,4.9,6.542856799629462,-38.366266185168385,38.435953375745825
2018-11-01,M6_OOT_Adaptive_EnbPI,4.9,6.948909084263526,-37.86978156494667,38.93243799596753
2018-12-01,M6_OOT_Adaptive_EnbPI,3.1,7.237242998270393,-37.64902587395875,39.15319368695546
2019-01-01,M6_OOT_Adaptive_EnbPI,7.7,5.6772673028083815,-39.147315870395346,37.654903690518864
2019-02-01,M6_OOT_Adaptive_EnbPI,0.8,8.078684314383846,-36.67395977210897,40.12825978880524
2019-03-01,M6_OOT_Adaptive_EnbPI,9.4,4.54644649672891,-40.23334816946071,36.5688713914535
2019-04-01,M6_OOT_Adaptive_EnbPI,9.1,7.858819825150709,-36.9591996529257,39.843019907988506
2019-05-01,M6_OOT_Adaptive_EnbPI,9.9,8.14086303361374,-36.738272061652225,40.063947499261985
2019-06-01,M6_OOT_Adaptive_EnbPI,1.2,11.319554924728603,-33.61305081563873,43.18916874527548
2019-07-01,M6_OOT_Adaptive_EnbPI,0.9,6.895668165678861,-37.97373906047603,38.82848050043818
2019-08-01,M6_OOT_Adaptive_EnbPI,0.5,8.422084390701531,-36.37463565121084,40.42758390970337
2019-09-01,M6_OOT_Adaptive_EnbPI,1.1,6.703085042291999,-38.09809038318441,38.7041291777298
2019-10-01,M6_OOT_Adaptive_EnbPI,0.4,5.1928951580686,-39.54711349399627,37.25510606691794
2019-11-01,M6_OOT_Adaptive_EnbPI,0.5,5.597578743739277,-38.938168200882174,37.43912123323659
2019-12-01,M6_OOT_Adaptive_EnbPI,1.5,5.221807191098485,-39.34745977942011,37.02982965469865
2020-01-01,M6_OOT_Adaptive_EnbPI,6.2,6.911083899301794,-37.612225170222175,38.76506426389659
2020-02-01,M6_OOT_Adaptive_EnbPI,0.2,7.033170195068839,-37.48255566990367,38.8947337642151
2020-03-01,M6_OOT_Adaptive_EnbPI,1.5,5.1293839349479,-39.31924523342095,37.058044200697815
2020-04-01,M6_OOT_Adaptive_EnbPI,5.2,6.437276408009414,-37.95890473633159,38.418384697787175
2020-05-01,M6_OOT_Adaptive_EnbPI,0.2,7.703865576053894,-36.73183517106556,39.64545426305321
2020-06-01,M6_OOT_Adaptive_EnbPI,5.8,5.922788660885334,-38.51245925835184,37.864830175766926
2020-07-01,M6_OOT_Adaptive_EnbPI,6.1,8.329324552567055,-36.10743254392263,40.26985689019614
2020-08-01,M6_OOT_Adaptive_EnbPI,7.5,8.38658424577842,-36.05512214585042,40.322167288268346
2020-09-01,M6_OOT_Adaptive_EnbPI,0.6,9.765860254779723,-34.667838282039824,41.70945115207894
2020-10-01,M6_OOT_Adaptive_EnbPI,14.6,8.05399318581536,-36.35358034342475,40.02370909069401
2020-11-01,M6_OOT_Adaptive_EnbPI,34.5,13.913196632529512,-30.486524442857387,45.89076499126138
2020-12-01,M6_OOT_Adaptive_EnbPI,23.1,21.382252518047167,-23.119926336980974,53.25736309713779
2021-01-01,M6_OOT_Adaptive_EnbPI,10.4,22.973725468021406,-21.530223021507986,54.84706641261078
2021-02-01,M6_OOT_Adaptive_EnbPI,8.2,24.031767624897306,-20.43777724004297,55.939512194075796
2021-03-01,M6_OOT_Adaptive_EnbPI,17.2,22.822360615959937,-21.614910919902208,54.762378514216564
2021-04-01,M6_OOT_Adaptive_EnbPI,24.5,25.97666756032303,-18.43877940168899,57.938510032429775
2021-05-01,M6_OOT_Adaptive_EnbPI,21.2,25.284357011254297,-19.137426753495053,57.239862680623716
2021-06-01,M6_OOT_Adaptive_EnbPI,25.0,26.8820610431061,-17.532705576710995,58.84458385740777
2021-07-01,M6_OOT_Adaptive_EnbPI,34.3,32.754626112251096,-11.626859412872385,64.75043002124639
2021-08-01,M6_OOT_Adaptive_EnbPI,22.0,41.306391966258296,-3.0791191195205414,73.29817031459822
2021-09-01,M6_OOT_Adaptive_EnbPI,51.3,34.538968472204104,-9.74709467451813,66.63019475960064
2021-10-01,M6_OOT_Adaptive_EnbPI,37.4,45.82707745817758,1.4591775992088927,77.83646703332766
2021-11-01,M6_OOT_Adaptive_EnbPI,34.8,43.979565979869726,-0.3870526428054504,75.99023679131332
2021-12-01,M6_OOT_Adaptive_EnbPI,67.5,49.1337085147703,4.858061050698041,81.2353504848168
2022-01-01,M6_OOT_Adaptive_EnbPI,55.3,65.37310538490368,21.039603920160502,97.41689335427927
2022-02-01,M6_OOT_Adaptive_EnbPI,60.9,59.93040585910153,15.617318841833601,91.99460827595237
2022-03-01,M6_OOT_Adaptive_EnbPI,78.6,69.47963223322654,25.168454595356707,101.54574402947547
2022-04-01,M6_OOT_Adaptive_EnbPI,84.0,77.06219491499402,32.710166572528564,109.08745600664733
2022-05-01,M6_OOT_Adaptive_EnbPI,96.5,83.99269906221052,39.652403913051515,116.02969334717028
2022-06-01,M6_OOT_Adaptive_EnbPI,70.3,100.36930559783598,56.0274528032638,132.40474223738255
2022-07-01,M6_OOT_Adaptive_EnbPI,91.4,90.01652487452468,45.775964916134235,122.15325435025301
2022-08-01,M6_OOT_Adaptive_EnbPI,74.6,97.01733067048022,52.7479987964345,129.12528823055328
2022-09-01,M6_OOT_Adaptive_EnbPI,96.0,101.25822571244188,57.10724026486568,133.48452969898443
2022-10-01,M6_OOT_Adaptive_EnbPI,95.5,102.3441847085165,58.298807099684545,134.6760965338033
2022-11-01,M6_OOT_Adaptive_EnbPI,80.5,102.32556815140593,58.293552007804834,134.67084144192359
2022-12-01,M6_OOT_Adaptive_EnbPI,112.8,105.41496683584325,61.50870893537557,137.88599836949433
2023-01-01,M6_OOT_Adaptive_EnbPI,144.4,117.62182361693873,73.69693752309712,150.07422695721587
