Wind speed,Linear,Nonlinear,IMF1+IMF2,Linear_Subseries,Nonlinear(t-1),Nonlinear(t-2),Nonlinear(t-3),Nonlinear(t-4),Linear_Pred,Nonlinear_Pred,y(t-1),y(t-2),y(t-3),y(t-4),Linear_Subseries_Pred
5.58,5.609,-0.031,0.025,5.553,0.132,-0.203,0.239,-0.176,5.685,-0.035,5.66,5.216,5.672,5.311,5.55
5.6,5.652,-0.048,0.038,5.566,-0.031,0.132,-0.203,0.239,5.526,-0.022,5.578,5.66,5.216,5.672,5.565
5.79,5.621,0.172,0.202,5.591,-0.048,-0.031,0.132,-0.203,5.771,0.075,5.604,5.578,5.66,5.216,5.59
5.31,5.511,-0.205,-0.322,5.628,0.172,-0.048,-0.031,0.132,5.472,-0.178,5.793,5.604,5.578,5.66,5.629
5.58,5.449,0.136,-0.09,5.674,-0.205,0.172,-0.048,-0.031,5.41,0.109,5.306,5.793,5.604,5.578,5.672
5.52,5.519,0.004,-0.206,5.729,0.136,-0.205,0.172,-0.048,5.526,-0.009,5.585,5.306,5.793,5.604,5.727
5.72,5.74,-0.016,-0.068,5.792,0.004,0.136,-0.205,0.172,5.645,-0.059,5.523,5.585,5.306,5.793,5.789
5.93,6.028,-0.094,0.071,5.863,-0.016,0.004,0.136,-0.205,5.978,-0.035,5.724,5.523,5.585,5.306,5.861
6.55,6.296,0.252,0.605,5.942,-0.094,-0.016,0.004,0.136,6.249,0.146,5.934,5.724,5.523,5.585,5.94
6.2,6.42,-0.22,0.17,6.03,0.252,-0.094,-0.016,0.004,6.468,-0.201,6.547,5.934,5.724,5.523,6.028
6.51,6.459,0.046,0.378,6.127,-0.22,0.252,-0.094,-0.016,6.364,0.041,6.2,6.547,5.934,5.724,6.124
6.63,6.481,0.153,0.397,6.237,0.046,-0.22,0.252,-0.094,6.562,0.089,6.505,6.2,6.547,5.934,6.234
6.38,6.492,-0.113,0.019,6.36,0.153,0.046,-0.22,0.252,6.469,-0.152,6.634,6.505,6.2,6.547,6.357
6.45,6.474,-0.027,-0.052,6.499,-0.113,0.153,0.046,-0.22,6.486,-0.039,6.379,6.634,6.505,6.2,6.496
6.42,6.362,0.053,-0.234,6.649,-0.027,-0.113,0.153,0.046,6.437,0.081,6.447,6.379,6.634,6.505,6.649
6.44,6.277,0.16,-0.371,6.809,0.053,-0.027,-0.113,0.153,6.187,0.048,6.415,6.447,6.379,6.634,6.806
6.22,6.454,-0.234,-0.753,6.973,0.16,0.053,-0.027,-0.113,6.347,-0.256,6.438,6.415,6.447,6.379,6.972
6.9,6.895,0.003,-0.234,7.132,-0.234,0.16,0.053,-0.027,6.849,0.071,6.22,6.438,6.415,6.447,7.134
7.61,7.298,0.312,0.332,7.277,0.003,-0.234,0.16,0.053,7.277,0.226,6.898,6.22,6.438,6.415,7.279
7.29,7.554,-0.265,-0.11,7.399,0.312,0.003,-0.234,0.16,7.403,-0.286,7.61,6.898,6.22,6.438,7.402
7.94,7.905,0.038,0.458,7.485,-0.265,0.312,0.003,-0.234,7.777,-0.018,7.288,7.61,6.898,6.22,7.49
8.38,8.269,0.107,0.848,7.528,0.038,-0.265,0.312,0.003,8.409,0.087,7.943,7.288,7.61,6.898,7.536
8.24,8.279,-0.042,0.716,7.521,0.107,0.038,-0.265,0.312,8.323,-0.041,8.376,7.943,7.288,7.61,7.526
7.88,7.806,0.074,0.405,7.475,-0.042,0.107,0.038,-0.265,7.93,-0.052,8.237,8.376,7.943,7.288,7.469
7.1,7.196,-0.095,-0.306,7.408,0.074,-0.042,0.107,0.038,7.261,-0.146,7.88,8.237,8.376,7.943,7.413
6.96,6.926,0.03,-0.38,7.335,-0.095,0.074,-0.042,0.107,6.893,0.052,7.101,7.88,8.237,8.376,7.335
7.1,6.985,0.114,-0.175,7.273,0.03,-0.095,0.074,-0.042,7.05,0.069,6.955,7.101,7.88,8.237,7.274
6.95,7.09,-0.136,-0.282,7.235,0.114,0.03,-0.095,0.074,7.027,-0.135,7.098,6.955,7.101,7.88,7.234
7.25,7.17,0.08,0.028,7.222,-0.136,0.114,0.03,-0.095,7.08,0.041,6.954,7.098,6.955,7.101,7.227
7.29,7.29,0.004,0.066,7.229,0.08,-0.136,0.114,0.03,7.307,-0.002,7.25,6.954,7.098,6.955,7.226
7.38,7.41,-0.034,0.123,7.253,0.004,0.08,-0.136,0.114,7.421,-0.019,7.295,7.25,6.954,7.098,7.252
7.45,7.399,0.05,0.159,7.289,-0.034,0.004,0.08,-0.136,7.422,0.026,7.376,7.295,7.25,6.954,7.29
7.24,7.286,-0.047,-0.079,7.318,0.05,-0.034,0.004,0.08,7.274,-0.031,7.449,7.376,7.295,7.25,7.33
7.33,7.247,0.082,0.01,7.319,-0.047,0.05,-0.034,0.004,7.229,0.042,7.239,7.449,7.376,7.295,7.326
7.14,7.307,-0.167,-0.142,7.281,0.082,-0.047,0.05,-0.034,7.339,-0.07,7.329,7.239,7.449,7.376,7.283
7.47,7.303,0.171,0.248,7.226,-0.167,0.082,-0.047,0.05,7.338,0.174,7.14,7.329,7.239,7.449,7.204
7.03,7.095,-0.062,-0.145,7.178,0.171,-0.167,0.082,-0.047,7.167,-0.037,7.474,7.14,7.329,7.239,7.183
6.89,6.903,-0.016,-0.258,7.144,-0.062,0.171,-0.167,0.082,6.8,-0.028,7.033,7.474,7.14,7.329,7.154
6.89,6.94,-0.052,-0.229,7.117,-0.016,-0.062,0.171,-0.167,6.981,0.026,6.886,7.033,7.474,7.14,7.123
7.22,7.106,0.11,0.147,7.069,-0.052,-0.016,-0.062,0.171,7.096,0.136,6.888,6.886,7.033,7.474,7.093
7.07,7.142,-0.073,0.095,6.974,0.11,-0.052,-0.016,-0.062,7.169,-0.03,7.216,6.888,6.886,7.033,6.975
6.94,6.92,0.018,0.118,6.82,-0.073,0.11,-0.052,-0.016,6.994,0.007,7.069,7.216,6.888,6.886,6.825
6.54,6.543,-0.007,-0.084,6.62,0.018,-0.073,0.11,-0.052,6.628,0.018,6.938,7.069,7.216,6.888,6.611
6.18,6.152,0.029,-0.214,6.395,-0.007,0.018,-0.073,0.11,6.236,0.039,6.537,6.938,7.069,7.216,6.404
5.82,5.783,0.033,-0.346,6.163,0.029,-0.007,0.018,-0.073,5.878,-0.011,6.181,6.537,6.938,7.069,6.168
5.45,5.555,-0.105,-0.495,5.945,0.033,0.029,-0.007,0.018,5.481,-0.08,5.817,6.181,6.537,6.938,5.947
5.82,5.688,0.131,0.055,5.763,-0.105,0.033,0.029,-0.007,5.56,0.1,5.45,5.817,6.181,6.537,5.755
6.13,6.115,0.015,0.492,5.638,0.131,-0.105,0.033,0.029,6.098,-0.051,5.818,5.45,5.817,6.181,5.628
6.35,6.443,-0.096,0.762,5.585,0.015,0.131,-0.105,0.033,6.45,-0.126,6.13,5.818,5.45,5.817,5.579
6.35,6.326,0.021,0.738,5.609,-0.096,0.015,0.131,-0.105,6.418,0.044,6.347,6.13,5.818,5.45,5.602
6.19,5.844,0.35,0.502,5.692,0.021,-0.096,0.015,0.131,5.932,0.09,6.347,6.347,6.13,5.818,5.706
4.98,5.486,-0.509,-0.83,5.807,0.35,0.021,-0.096,0.015,5.426,-0.47,6.194,6.347,6.347,6.13,5.801
5.96,5.671,0.288,0.031,5.928,-0.509,0.35,0.021,-0.096,5.549,0.236,4.977,6.194,6.347,6.347,5.929
6.21,6.075,0.137,0.178,6.033,0.288,-0.509,0.35,0.021,6.202,0.06,5.959,4.977,6.194,6.347,6.03
6.11,6.33,-0.219,0.005,6.106,0.137,0.288,-0.509,0.35,6.114,-0.269,6.211,5.959,4.977,6.194,6.108
6.46,6.432,0.025,0.327,6.129,-0.219,0.137,0.288,-0.509,6.45,-0.001,6.111,6.211,5.959,4.977,6.14
6.67,6.452,0.214,0.578,6.089,0.025,-0.219,0.137,0.288,6.534,0.12,6.456,6.111,6.211,5.959,6.097
6.16,6.337,-0.174,0.177,5.986,0.214,0.025,-0.219,0.137,6.393,-0.178,6.667,6.456,6.111,6.211,5.987
6.01,6.008,0.005,0.183,5.83,-0.174,0.214,0.025,-0.219,6.097,-0.025,6.163,6.667,6.456,6.111,5.834
5.56,5.469,0.092,-0.072,5.633,0.005,-0.174,0.214,0.025,5.652,0.078,6.013,6.163,6.667,6.456,5.639
4.96,4.976,-0.015,-0.446,5.407,0.092,0.005,-0.174,0.214,4.928,-0.024,5.561,6.013,6.163,6.667,5.413
4.6,4.702,-0.098,-0.558,5.162,-0.015,0.092,0.005,-0.174,4.808,-0.063,4.961,5.561,6.013,6.163,5.169
4.55,4.494,0.06,-0.355,4.91,-0.098,-0.015,0.092,0.005,4.594,0.103,4.604,4.961,5.561,6.013,4.914
4.26,4.198,0.066,-0.397,4.661,0.06,-0.098,-0.015,0.092,4.199,0.076,4.555,4.604,4.961,5.561,4.663
3.89,3.986,-0.092,-0.528,4.422,0.066,0.06,-0.098,-0.015,3.914,-0.08,4.264,4.555,4.604,4.961,4.425
4.04,4.093,-0.055,-0.165,4.204,-0.092,0.066,0.06,-0.098,4.063,0.022,3.894,4.264,4.555,4.604,4.2
4.51,4.404,0.102,0.49,4.016,-0.055,-0.092,0.066,0.06,4.381,0.172,4.039,3.894,4.264,4.555,4.015
4.54,4.542,0.002,0.676,3.868,0.102,-0.055,-0.092,0.066,4.586,0.023,4.506,4.039,3.894,4.264,3.863
4.32,4.309,0.014,0.554,3.77,0.002,0.102,-0.055,-0.092,4.383,-0.07,4.543,4.506,4.039,3.894,3.763
3.63,3.834,-0.2,-0.097,3.732,0.014,0.002,0.102,-0.055,3.944,-0.092,4.324,4.543,4.506,4.039,3.722
3.71,3.415,0.291,-0.056,3.762,-0.2,0.014,0.002,0.102,3.447,0.273,3.634,4.324,4.543,4.506,3.749
3.25,3.343,-0.089,-0.615,3.869,0.291,-0.2,0.014,0.002,3.249,-0.116,3.706,3.634,4.324,4.543,3.855
3.78,3.859,-0.084,-0.283,4.059,-0.089,0.291,-0.2,0.014,3.583,-0.131,3.254,3.706,3.634,4.324,4.046
4.69,4.624,0.07,0.374,4.32,-0.084,-0.089,0.291,-0.2,4.683,0.066,3.775,3.254,3.706,3.634,4.317
5.0,5.04,-0.037,0.366,4.637,0.07,-0.084,-0.089,0.291,4.991,0.05,4.694,3.775,3.254,3.706,4.623
5.36,5.095,0.269,0.369,4.995,-0.037,0.07,-0.084,-0.089,4.955,0.072,5.003,4.694,3.775,3.254,4.986
5.02,5.309,-0.293,-0.363,5.379,0.269,-0.037,0.07,-0.084,5.203,-0.382,5.365,5.003,4.694,3.775,5.369
5.97,5.954,0.016,0.2,5.77,-0.293,0.269,-0.037,0.07,5.851,0.042,5.016,5.365,5.003,4.694,5.766
6.66,6.456,0.2,0.506,6.149,0.016,-0.293,0.269,-0.037,6.617,0.221,5.97,5.016,5.365,5.003,6.146
6.6,6.439,0.162,0.1,6.5,0.2,0.016,-0.293,0.269,6.299,-0.108,6.656,5.97,5.016,5.365,6.498
5.98,6.448,-0.466,-0.835,6.816,0.162,0.2,0.016,-0.293,6.248,-0.492,6.601,6.656,5.97,5.016,6.81
7.42,7.119,0.306,0.316,7.109,-0.466,0.162,0.2,0.016,6.961,0.269,5.981,6.601,6.656,5.97,7.092
8.19,8.027,0.159,0.79,7.396,0.306,-0.466,0.162,0.2,8.121,0.095,7.425,5.981,6.601,6.656,7.391
8.27,8.473,-0.198,0.579,7.696,0.159,0.306,-0.466,0.162,8.299,-0.319,8.186,7.425,5.981,6.601,7.685
8.45,8.453,-0.004,0.428,8.021,-0.198,0.159,0.306,-0.466,8.449,-0.103,8.275,8.186,7.425,5.981,8.016
8.58,8.373,0.203,0.21,8.366,-0.004,-0.198,0.159,0.306,8.443,0.101,8.449,8.275,8.186,7.425,8.371
8.28,8.428,-0.146,-0.437,8.719,0.203,-0.004,-0.198,0.159,8.42,-0.14,8.576,8.449,8.275,8.186,8.713
8.73,8.597,0.137,-0.33,9.065,-0.146,0.203,-0.004,-0.198,8.502,-0.027,8.282,8.576,8.449,8.275,9.063
8.76,8.895,-0.131,-0.626,9.39,0.137,-0.146,0.203,-0.004,8.802,-0.154,8.735,8.282,8.576,8.449,9.388
9.67,9.506,0.163,-0.005,9.675,-0.131,0.137,-0.146,0.203,9.236,0.079,8.764,8.735,8.282,8.576,9.682
10.14,10.255,-0.114,0.243,9.898,0.163,-0.131,0.137,-0.146,10.285,-0.11,9.669,8.764,8.735,8.282,9.909
10.77,10.708,0.065,0.733,10.039,-0.114,0.163,-0.131,0.137,10.672,0.014,10.141,9.669,8.764,8.735,10.053
10.65,10.576,0.071,0.565,10.082,0.065,-0.114,0.163,-0.131,10.715,-0.016,10.772,10.141,9.669,8.764,10.092
9.98,10.113,-0.13,-0.058,10.04,0.071,0.065,-0.114,0.163,10.124,-0.136,10.648,10.772,10.141,9.669,10.034
9.87,9.785,0.089,-0.057,9.932,-0.13,0.071,0.065,-0.114,9.848,0.073,9.983,10.648,10.772,10.141,9.945
9.79,9.745,0.041,0.009,9.777,0.089,-0.13,0.071,0.065,9.754,0.006,9.874,9.983,10.648,10.772,9.783
9.61,9.746,-0.132,0.02,9.594,0.041,0.089,-0.13,0.071,9.809,-0.084,9.785,9.874,9.983,10.648,9.605
9.62,9.514,0.104,0.216,9.403,-0.132,0.041,0.089,-0.13,9.581,0.107,9.614,9.785,9.874,9.983,9.407
9.1,9.091,0.008,-0.124,9.223,0.104,-0.132,0.041,0.089,9.153,0.009,9.619,9.614,9.785,9.874,9.223
8.68,8.79,-0.113,-0.395,9.073,0.008,0.104,-0.132,0.041,8.764,-0.047,9.099,9.619,9.614,9.785,9.071
8.77,8.716,0.059,-0.197,8.972,-0.113,0.008,0.104,-0.132,8.796,0.117,8.677,9.099,9.619,9.614,8.966
8.69,8.69,0.0,-0.251,8.94,0.059,-0.113,0.008,0.104,8.693,0.076,8.775,8.677,9.099,9.619,8.933
8.63,8.628,0.003,-0.366,8.997,0.0,0.059,-0.113,0.008,8.576,0.032,8.69,8.775,8.677,9.099,8.983
8.61,8.719,-0.104,-0.539,9.153,0.003,0.0,0.059,-0.113,8.613,-0.01,8.631,8.69,8.775,8.677,9.147
9.22,9.178,0.041,-0.174,9.392,-0.104,0.003,0.0,0.059,9.024,0.159,8.615,8.631,8.69,8.775,9.394
10.05,9.924,0.126,0.359,9.691,0.041,-0.104,0.003,0.0,9.78,0.126,9.219,8.615,8.631,8.69,9.68
10.32,10.544,-0.225,0.296,10.023,0.126,0.041,-0.104,0.003,10.542,-0.141,10.05,9.219,8.615,8.631,10.018
10.77,10.7,0.067,0.403,10.364,-0.225,0.126,0.041,-0.104,10.723,0.15,10.319,10.05,9.219,8.615,10.362
10.56,10.452,0.106,-0.12,10.679,0.067,-0.225,0.126,0.041,10.514,0.15,10.767,10.319,10.05,9.219,10.689
10.25,10.312,-0.062,-0.679,10.93,0.106,0.067,-0.225,0.126,10.185,-0.07,10.558,10.767,10.319,10.05,10.94
10.46,10.633,-0.169,-0.631,11.096,-0.062,0.106,0.067,-0.225,10.575,-0.06,10.251,10.558,10.767,10.319,11.099
11.39,11.201,0.19,0.203,11.188,-0.169,-0.062,0.106,0.067,11.147,0.257,10.465,10.251,10.558,10.767,11.175
11.57,11.503,0.062,0.338,11.227,0.19,-0.169,-0.062,0.106,11.534,0.034,11.391,10.465,10.251,10.558,11.235
11.28,11.453,-0.173,0.045,11.235,0.062,0.19,-0.169,-0.062,11.377,-0.206,11.566,11.391,10.465,10.251,11.236
11.34,11.378,-0.042,0.104,11.232,-0.173,0.062,0.19,-0.169,11.394,0.045,11.28,11.566,11.391,10.465,11.235
11.8,11.475,0.329,0.567,11.238,-0.042,-0.173,0.062,0.19,11.484,0.25,11.337,11.28,11.566,11.391,11.238
11.36,11.616,-0.252,0.098,11.265,0.329,-0.042,-0.173,0.062,11.615,-0.27,11.805,11.337,11.28,11.566,11.264
11.63,11.623,0.01,0.307,11.326,-0.252,0.329,-0.042,-0.173,11.626,-0.042,11.364,11.805,11.337,11.28,11.321
11.44,11.379,0.066,0.016,11.429,0.01,-0.252,0.329,-0.042,11.534,0.106,11.633,11.364,11.805,11.337,11.421
11.27,11.128,0.144,-0.313,11.585,0.066,0.01,-0.252,0.329,10.996,0.053,11.445,11.633,11.364,11.805,11.576
11.06,11.293,-0.234,-0.739,11.798,0.144,0.066,0.01,-0.252,11.166,-0.247,11.272,11.445,11.633,11.364,11.793
12.1,12.031,0.073,0.052,12.052,-0.234,0.144,0.066,0.01,11.83,0.074,11.059,11.272,11.445,11.633,12.06
12.93,12.877,0.052,0.601,12.327,0.073,-0.234,0.144,0.066,12.867,0.131,12.104,11.059,11.272,11.445,12.319
13.32,13.294,0.026,0.718,12.601,0.052,0.073,-0.234,0.144,13.222,0.009,12.928,12.104,11.059,11.272,12.601
13.12,13.264,-0.143,0.267,12.854,0.026,0.052,0.073,-0.234,13.278,-0.108,13.319,12.928,12.104,11.059,12.856
13.24,13.181,0.055,0.167,13.068,-0.143,0.026,0.052,0.073,13.162,0.124,13.122,13.319,12.928,12.104,13.072
13.24,13.191,0.045,-0.003,13.239,0.055,-0.143,0.026,0.052,13.3,0.13,13.235,13.122,13.319,12.928,13.237
13.03,13.135,-0.105,-0.337,13.367,0.045,0.055,-0.143,0.026,13.146,-0.007,13.236,13.235,13.122,13.319,13.374
12.96,12.976,-0.012,-0.487,13.451,-0.105,0.045,0.055,-0.143,12.962,0.096,13.03,13.236,13.235,13.122,13.457
12.9,12.869,0.034,-0.588,13.491,-0.012,-0.105,0.045,0.055,12.875,0.15,12.964,13.03,13.236,13.235,13.498
12.77,12.878,-0.112,-0.72,13.486,0.034,-0.012,-0.105,0.045,12.902,0.078,12.903,12.964,13.03,13.236,13.494
12.9,12.872,0.026,-0.539,13.438,-0.112,0.034,-0.012,-0.105,12.9,0.181,12.766,12.903,12.964,13.03,13.445
12.74,12.696,0.046,-0.603,13.345,0.026,-0.112,0.034,-0.012,12.766,0.133,12.898,12.766,12.903,12.964,13.356
12.32,12.46,-0.142,-0.891,13.21,0.046,0.026,-0.112,0.034,12.428,0.006,12.742,12.898,12.766,12.903,13.218
12.42,12.379,0.039,-0.62,13.039,-0.142,0.046,0.026,-0.112,12.38,0.171,12.318,12.742,12.898,12.766,13.045
12.54,12.495,0.048,-0.301,12.844,0.039,-0.142,0.046,0.026,12.475,0.139,12.419,12.318,12.742,12.898,12.848
12.68,12.735,-0.059,0.034,12.642,0.048,0.039,-0.142,0.046,12.633,0.007,12.543,12.419,12.318,12.742,12.646
13.0,13.018,-0.015,0.555,12.448,-0.059,0.048,0.039,-0.142,12.968,0.035,12.676,12.543,12.419,12.318,12.45
13.3,13.171,0.127,1.02,12.277,-0.015,-0.059,0.048,0.039,13.244,0.081,13.003,12.676,12.543,12.419,12.277
12.84,12.993,-0.149,0.699,12.145,0.127,-0.015,-0.059,0.048,13.096,-0.108,13.298,13.003,12.676,12.543,12.143
12.71,12.554,0.151,0.65,12.055,-0.149,0.127,-0.015,-0.059,12.601,0.074,12.844,13.298,13.003,12.676,12.058
12.18,12.184,0.0,0.175,12.008,0.151,-0.149,0.127,-0.015,12.208,-0.09,12.705,12.844,13.298,13.003,12.008
12.21,12.24,-0.035,0.203,12.002,0.0,0.151,-0.149,0.127,12.105,-0.121,12.183,12.705,12.844,13.298,11.996
12.6,12.594,0.007,0.564,12.038,-0.035,0.0,0.151,-0.149,12.636,-0.032,12.205,12.183,12.705,12.844,12.033
12.84,12.737,0.107,0.73,12.115,0.007,-0.035,0.0,0.151,12.799,0.019,12.602,12.205,12.183,12.705,12.109
12.5,12.48,0.017,0.263,12.234,0.107,0.007,-0.035,0.0,12.478,-0.125,12.845,12.602,12.205,12.183,12.228
12.1,12.17,-0.074,-0.298,12.394,0.017,0.107,0.007,-0.035,12.161,-0.183,12.497,12.845,12.602,12.205,12.387
12.2,12.166,0.03,-0.4,12.596,-0.074,0.017,0.107,0.007,12.168,-0.005,12.096,12.497,12.845,12.602,12.588
12.55,12.422,0.129,-0.29,12.84,0.03,-0.074,0.017,0.107,12.369,0.045,12.196,12.096,12.497,12.845,12.832
12.62,12.727,-0.111,-0.502,13.118,0.129,0.03,-0.074,0.017,12.631,-0.162,12.55,12.196,12.096,12.497,13.114
13.1,13.096,0.007,-0.302,13.405,-0.111,0.129,0.03,-0.074,12.937,-0.029,12.616,12.55,12.196,12.096,13.412
13.69,13.612,0.076,0.015,13.673,0.007,-0.111,0.129,0.03,13.525,0.056,13.103,12.616,12.55,12.196,13.674
14.1,14.144,-0.041,0.209,13.893,0.076,0.007,-0.111,0.129,14.098,-0.038,13.688,13.103,12.616,12.55,13.902
14.39,14.369,0.025,0.356,14.038,-0.041,0.076,0.007,-0.111,14.437,-0.016,14.102,13.688,13.103,12.616,14.048
14.08,14.169,-0.09,-0.003,14.083,0.025,-0.041,0.076,0.007,14.222,-0.029,14.393,14.102,13.688,13.103,14.095
14.05,13.856,0.199,0.025,14.029,-0.09,0.025,-0.041,0.076,13.844,0.135,14.08,14.393,14.102,13.688,14.03
13.51,13.709,-0.197,-0.37,13.883,0.199,-0.09,0.025,-0.041,13.785,-0.153,14.054,14.08,14.393,14.102,13.901
13.71,13.71,0.0,0.053,13.657,-0.197,0.199,-0.09,0.025,13.708,0.076,13.512,14.054,14.08,14.393,13.665
13.74,13.568,0.175,0.348,13.394,0.0,-0.197,0.199,-0.09,13.696,0.174,13.71,13.512,14.054,14.08,13.382
13.14,13.236,-0.094,-0.005,13.147,0.175,0.0,-0.197,0.199,13.214,-0.116,13.742,13.71,13.512,14.054,13.143
12.87,12.954,-0.086,-0.077,12.945,-0.094,0.175,0.0,-0.197,12.99,-0.065,13.142,13.742,13.71,13.512,12.956
12.85,12.783,0.064,0.043,12.804,-0.086,-0.094,0.175,0.0,12.891,0.135,12.868,13.142,13.742,13.71,12.802
12.73,12.633,0.099,-0.006,12.738,0.064,-0.086,-0.094,0.175,12.621,0.104,12.847,12.868,13.142,13.742,12.73
12.52,12.575,-0.059,-0.235,12.751,0.099,0.064,-0.086,-0.094,12.479,-0.126,12.732,12.847,12.868,13.142,12.744
12.6,12.754,-0.155,-0.214,12.813,-0.059,0.099,0.064,-0.086,12.712,-0.093,12.516,12.732,12.847,12.868,12.833
13.23,13.041,0.189,0.348,12.883,-0.155,-0.059,0.099,0.064,13.053,0.238,12.599,12.516,12.732,12.847,12.883
13.09,13.095,0.0,0.174,12.921,0.189,-0.155,-0.059,0.099,13.156,0.012,13.23,12.599,12.516,12.732,12.932
12.92,12.931,-0.014,0.021,12.896,0.0,0.189,-0.155,-0.059,12.857,-0.121,13.095,13.23,12.599,12.516,12.901
12.63,12.785,-0.151,-0.177,12.811,-0.014,0.0,0.189,-0.155,12.866,-0.1,12.917,13.095,13.23,12.599,12.799
12.83,12.687,0.139,0.139,12.687,-0.151,-0.014,0.0,0.189,12.76,0.22,12.634,12.917,13.095,13.23,12.69
12.54,12.441,0.1,-0.005,12.547,0.139,-0.151,-0.014,0.0,12.54,0.068,12.826,12.634,12.917,13.095,12.545
12.1,12.247,-0.142,-0.308,12.413,0.1,0.139,-0.151,-0.014,12.057,-0.213,12.542,12.826,12.634,12.917,12.416
12.36,12.388,-0.025,0.056,12.307,-0.142,0.1,0.139,-0.151,12.413,-0.021,12.105,12.542,12.826,12.634,12.305
12.6,12.526,0.078,0.359,12.244,-0.025,-0.142,0.1,0.139,12.712,0.151,12.363,12.105,12.542,12.826,12.239
12.21,12.215,-0.002,-0.021,12.233,0.078,-0.025,-0.142,0.1,12.246,0.051,12.604,12.363,12.105,12.542,12.229
11.99,11.815,0.173,-0.248,12.235,-0.002,0.078,-0.025,-0.142,11.646,-0.039,12.212,12.604,12.363,12.105,12.27
11.68,11.96,-0.281,-0.519,12.198,0.173,-0.002,0.078,-0.025,11.926,-0.317,11.988,12.212,12.604,12.363,12.209
12.47,12.436,0.034,0.373,12.097,-0.281,0.173,-0.002,0.078,12.532,0.146,11.679,11.988,12.212,12.604,12.092
12.49,12.296,0.199,0.562,11.933,0.034,-0.281,0.173,-0.002,12.55,0.26,12.47,11.679,11.988,12.212,11.934
11.79,11.598,0.191,0.065,11.725,0.199,0.034,-0.281,0.173,11.384,-0.117,12.495,12.47,11.679,11.988,11.72
10.9,11.425,-0.522,-0.585,11.488,0.191,0.199,0.034,-0.281,11.288,-0.557,11.79,12.495,12.47,11.679,11.501
12.19,11.933,0.255,0.941,11.247,-0.522,0.191,0.199,0.034,12.15,0.302,10.904,11.79,12.495,12.47,11.243
11.98,11.777,0.202,0.927,11.051,0.255,-0.522,0.191,0.199,12.222,0.237,12.188,10.904,11.79,12.495,11.026
10.67,10.633,0.042,-0.282,10.956,0.202,0.255,-0.522,0.191,10.4,-0.254,11.978,12.188,10.904,11.79,10.939
9.7,10.07,-0.374,-1.32,11.016,0.042,0.202,0.255,-0.522,9.783,-0.478,10.674,11.978,12.188,10.904,10.987
11.42,11.175,0.243,0.172,11.246,-0.374,0.042,0.202,0.255,11.005,0.25,9.697,10.674,11.978,12.188,11.244
12.69,12.674,0.015,1.119,11.571,0.243,-0.374,0.042,0.202,12.835,0.159,11.418,9.697,10.674,11.978,11.616
13.06,12.824,0.234,1.164,11.894,0.015,0.243,-0.374,0.042,12.839,-0.047,12.689,11.418,9.697,10.674,11.895
11.52,11.857,-0.336,-0.603,12.124,0.234,0.015,0.243,-0.374,11.828,-0.5,13.059,12.689,11.418,9.697,12.146
11.51,11.499,0.013,-0.675,12.187,-0.336,0.234,0.015,0.243,11.292,0.062,11.521,13.059,12.689,11.418,12.192
12.42,12.08,0.337,0.347,12.069,0.013,-0.336,0.234,0.015,12.39,0.317,11.512,11.521,13.059,12.689,12.062
12.16,12.353,-0.193,0.379,11.781,0.337,0.013,-0.336,0.234,12.414,-0.262,12.416,11.512,11.521,13.059,11.808
11.67,11.733,-0.062,0.27,11.401,-0.193,0.337,0.013,-0.336,11.694,-0.152,12.16,12.416,11.512,11.521,11.365
11.15,10.979,0.167,0.058,11.088,-0.062,-0.193,0.337,0.013,11.03,0.094,11.671,12.16,12.416,11.512,11.03
10.77,10.818,-0.045,-0.24,11.013,0.167,-0.062,-0.193,0.337,10.9,-0.047,11.146,11.671,12.16,12.416,10.966
10.93,11.136,-0.206,-0.299,11.229,-0.045,0.167,-0.062,-0.193,11.016,-0.068,10.773,11.146,11.671,12.16,11.259
12.14,11.506,0.634,0.419,11.721,-0.206,-0.045,0.167,-0.062,11.411,0.265,10.93,10.773,11.146,11.671,11.686
11.2,11.898,-0.703,-1.246,12.442,0.634,-0.206,-0.045,0.167,11.706,-0.67,12.14,10.93,10.773,11.146,12.434
12.95,12.828,0.12,-0.367,13.316,-0.703,0.634,-0.206,-0.045,12.362,0.274,11.196,12.14,10.93,10.773,13.292
14.88,14.276,0.603,0.683,14.196,0.12,-0.703,0.634,-0.206,14.192,0.428,12.949,11.196,12.14,10.93,14.245
15.12,15.65,-0.526,0.207,14.917,0.603,0.12,-0.703,0.634,15.396,-0.495,14.879,12.949,11.196,12.14,14.941
16.29,16.331,-0.038,0.951,15.343,-0.526,0.603,0.12,-0.703,16.374,-0.071,15.124,14.879,12.949,11.196,15.372
16.12,15.897,0.227,0.653,15.471,-0.038,-0.526,0.603,0.12,16.323,0.311,16.294,15.124,14.879,12.949,15.425
15.27,14.856,0.418,-0.095,15.369,0.227,-0.038,-0.526,0.603,14.812,0.047,16.124,16.294,15.124,14.879,15.379
13.57,14.399,-0.832,-1.552,15.119,0.418,0.227,-0.038,-0.526,14.232,-0.81,15.275,16.124,16.294,15.124,15.128
15.37,14.998,0.37,0.569,14.799,-0.832,0.418,0.227,-0.038,14.969,0.4,13.567,15.275,16.124,16.294,14.804
15.86,15.51,0.352,1.374,14.487,0.37,-0.832,0.418,0.227,15.839,0.333,15.368,13.567,15.275,16.124,14.493
14.92,15.081,-0.161,0.665,14.255,0.352,0.37,-0.832,0.418,14.925,-0.246,15.862,15.368,13.567,15.275,14.243
13.61,14.151,-0.543,-0.516,14.125,-0.161,0.352,0.37,-0.832,14.347,-0.433,14.921,15.862,15.368,13.567,14.145
14.46,13.53,0.934,0.445,14.018,-0.543,-0.161,0.352,0.37,13.651,0.664,13.609,14.921,15.862,15.368,14.081
12.69,13.321,-0.633,-1.145,13.833,0.934,-0.543,-0.161,0.352,13.405,-0.604,14.464,13.609,14.921,15.862,13.855
13.56,13.35,0.207,0.075,13.482,-0.633,0.934,-0.543,-0.161,13.148,0.043,12.688,14.464,13.609,14.921,13.522
13.32,13.243,0.079,0.373,12.95,0.207,-0.633,0.934,-0.543,13.546,-0.02,13.557,12.688,14.464,13.609,12.937
12.61,12.85,-0.243,0.337,12.27,0.079,0.207,-0.633,0.934,12.805,-0.244,13.323,13.557,12.688,14.464,12.28
12.31,11.956,0.359,0.81,11.504,-0.243,0.079,0.207,-0.633,12.447,0.251,12.607,13.323,13.557,12.688,11.506
10.38,10.543,-0.163,-0.371,10.751,0.359,-0.243,0.079,0.207,10.793,-0.28,12.315,12.607,13.323,13.557,10.732
9.12,9.297,-0.18,-1.002,10.119,-0.163,0.359,-0.243,0.079,9.253,-0.105,10.38,12.315,12.607,13.323,10.109
9.25,8.894,0.359,-0.463,9.717,-0.18,-0.163,0.359,-0.243,8.901,0.284,9.117,10.38,12.315,12.607,9.676
9.07,9.348,-0.275,-0.547,9.619,0.359,-0.18,-0.163,0.359,9.198,-0.198,9.253,9.117,10.38,12.315,9.593
10.34,10.263,0.082,0.565,9.78,-0.275,0.359,-0.18,-0.163,9.918,0.081,9.072,9.253,9.117,10.38,9.824
11.1,11.013,0.091,0.986,10.117,0.082,-0.275,0.359,-0.18,11.094,0.044,10.345,9.072,9.253,9.117,10.089
11.07,11.231,-0.162,0.511,10.558,0.091,0.082,-0.275,0.359,11.197,-0.092,11.103,10.345,9.072,9.253,10.555
11.33,11.123,0.203,0.285,11.041,-0.162,0.091,0.082,-0.275,11.073,0.122,11.069,11.103,10.345,9.072,11.018
11.02,11.057,-0.042,-0.467,11.482,0.203,-0.162,0.091,0.082,11.123,-0.143,11.326,11.069,11.103,10.345,11.51
10.91,11.171,-0.264,-0.893,11.801,-0.042,0.203,-0.162,0.091,11.144,-0.118,11.015,11.326,11.069,11.103,11.81
11.77,11.444,0.326,-0.199,11.968,-0.264,-0.042,0.203,-0.162,11.301,0.346,10.907,11.015,11.326,11.069,11.956
11.87,11.854,0.021,-0.137,12.011,0.326,-0.264,-0.042,0.203,11.764,-0.068,11.769,10.907,11.015,11.326,11.997
12.17,12.422,-0.253,0.201,11.969,0.021,0.326,-0.264,-0.042,12.257,-0.277,11.875,11.769,10.907,11.015,11.974
12.82,12.768,0.052,0.943,11.878,-0.253,0.021,0.326,-0.264,12.967,0.132,12.169,11.875,11.769,10.907,11.879
12.57,12.333,0.239,0.795,11.777,0.052,-0.253,0.021,0.326,12.592,0.238,12.821,12.169,11.875,11.769,11.772
11.4,11.391,0.008,-0.303,11.702,0.239,0.052,-0.253,0.021,11.352,-0.192,12.572,12.821,12.169,11.875,11.701
10.55,11.047,-0.502,-1.147,11.692,0.008,0.239,0.052,-0.253,10.839,-0.366,11.399,12.572,12.821,12.169,11.681
12.31,11.719,0.59,0.535,11.774,-0.502,0.008,0.239,0.052,11.707,0.531,10.545,11.399,12.572,12.821,11.764
12.17,12.388,-0.219,0.236,11.932,0.59,-0.502,0.008,0.239,12.547,-0.153,12.309,10.545,11.399,12.572,11.944
12.29,12.33,-0.043,0.143,12.144,-0.219,0.59,-0.502,0.008,12.126,-0.121,12.168,12.309,10.545,11.399,12.131
12.01,11.957,0.056,-0.377,12.39,-0.043,-0.219,0.59,-0.502,12.006,0.012,12.287,12.168,12.309,10.545,12.387
12.21,12.177,0.036,-0.438,12.652,0.056,-0.043,-0.219,0.59,11.941,0.005,12.013,12.287,12.168,12.309,12.645
12.94,13.028,-0.09,0.04,12.898,0.036,0.056,-0.043,-0.219,13.009,-0.021,12.214,12.013,12.287,12.168,12.903
13.67,13.652,0.017,0.574,13.095,-0.09,0.036,0.056,-0.043,13.684,0.056,12.938,12.214,12.013,12.287,13.101
13.7,13.508,0.19,0.489,13.209,0.017,-0.09,0.036,0.056,13.555,0.089,13.669,12.938,12.214,12.013,13.223
12.76,12.994,-0.235,-0.452,13.21,0.19,0.017,-0.09,0.036,12.987,-0.226,13.698,13.669,12.938,12.214,13.225
12.77,12.772,-0.007,-0.333,13.098,-0.235,0.19,0.017,-0.09,12.819,0.078,12.758,13.698,13.669,12.938,13.097
13.08,12.822,0.255,0.19,12.887,-0.007,-0.235,0.19,0.017,12.932,0.224,12.765,12.758,13.698,13.669,12.898
12.59,12.777,-0.183,-0.045,12.638,0.255,-0.007,-0.235,0.19,12.74,-0.189,13.077,12.765,12.758,13.698,12.609
12.51,12.593,-0.08,0.09,12.424,-0.183,0.255,-0.007,-0.235,12.572,-0.042,12.593,13.077,12.765,12.758,12.424
12.53,12.333,0.201,0.246,12.288,-0.08,-0.183,0.255,-0.007,12.515,0.193,12.514,12.593,13.077,12.765,12.294
11.96,12.072,-0.108,-0.265,12.229,0.201,-0.08,-0.183,0.255,12.039,-0.056,12.534,12.514,12.593,13.077,12.246
11.95,11.959,-0.013,-0.289,12.235,-0.108,0.201,-0.08,-0.183,11.909,-0.012,11.964,12.534,12.514,12.593,12.225
12.21,12.111,0.097,-0.078,12.285,-0.013,-0.108,0.201,-0.08,12.061,0.041,11.946,11.964,12.534,12.514,12.285
12.28,12.438,-0.163,-0.046,12.321,0.097,-0.013,-0.108,0.201,12.385,-0.063,12.207,11.946,11.964,12.534,12.351
12.72,12.589,0.134,0.446,12.277,-0.163,0.097,-0.013,-0.108,12.674,0.158,12.275,12.207,11.946,11.964,12.293
12.27,12.263,0.002,0.165,12.101,0.134,-0.163,0.097,-0.013,12.417,-0.011,12.723,12.275,12.207,11.946,12.121
11.7,11.677,0.027,-0.11,11.814,0.002,0.134,-0.163,0.097,11.677,-0.074,12.265,12.723,12.275,12.207,11.783
10.96,11.187,-0.224,-0.488,11.452,0.027,0.002,0.134,-0.163,11.342,-0.112,11.704,12.265,12.723,12.275,11.473
11.3,10.944,0.354,0.24,11.058,-0.224,0.027,0.002,0.134,10.945,0.278,10.964,11.704,12.265,12.723,11.053
10.67,10.835,-0.169,-0.037,10.703,0.354,-0.224,0.027,0.002,10.862,-0.188,11.298,10.964,11.704,12.265,10.681
10.83,10.812,0.021,0.375,10.458,-0.169,0.354,-0.224,0.027,10.729,-0.092,10.666,11.298,10.964,11.704,10.446
10.58,10.623,-0.045,0.241,10.337,0.021,-0.169,0.354,-0.224,10.898,-0.021,10.833,10.666,11.298,10.964,10.359
10.39,10.222,0.166,0.051,10.337,-0.045,0.021,-0.169,0.354,10.139,0.114,10.578,10.833,10.666,11.298,10.317
10.08,9.966,0.114,-0.376,10.457,0.166,-0.045,0.021,-0.169,9.921,-0.135,10.389,10.578,10.833,10.666,10.44
9.84,10.276,-0.437,-0.842,10.681,0.114,0.166,-0.045,0.021,10.095,-0.397,10.08,10.389,10.578,10.833,10.668
11.44,11.073,0.367,0.471,10.969,-0.437,0.114,0.166,-0.045,10.958,0.356,9.839,10.08,10.389,10.578,10.978
11.94,11.766,0.178,0.669,11.275,0.367,-0.437,0.114,0.166,11.73,0.011,11.44,9.839,10.08,10.389,11.276
11.86,12.213,-0.353,0.306,11.554,0.178,0.367,-0.437,0.114,11.945,-0.464,11.944,11.44,9.839,10.08,11.555
12.81,12.638,0.173,1.054,11.757,-0.353,0.178,0.367,-0.437,12.63,0.038,11.859,11.944,11.44,9.839,11.766
12.91,12.869,0.045,1.073,11.841,0.173,-0.353,0.178,0.367,13.07,0.039,12.811,11.859,11.944,11.44,11.86
12.73,12.603,0.125,0.955,11.773,0.045,0.173,-0.353,0.178,12.65,-0.039,12.914,12.811,11.859,11.944,11.785
11.66,11.858,-0.194,0.093,11.571,0.125,0.045,0.173,-0.353,12.07,-0.316,12.728,12.914,12.811,11.859,11.558
11.1,10.995,0.1,-0.167,11.262,-0.194,0.125,0.045,0.173,11.155,0.015,11.664,12.728,12.914,12.811,11.286
10.16,10.108,0.053,-0.713,10.873,0.1,-0.194,0.125,0.045,10.433,0.047,11.095,11.664,12.728,12.914,10.886
9.2,9.204,-0.002,-1.231,10.434,0.053,0.1,-0.194,0.125,9.262,-0.073,10.161,11.095,11.664,12.728,10.447
8.54,8.606,-0.067,-1.429,9.969,-0.002,0.053,0.1,-0.194,8.553,-0.107,9.202,10.161,11.095,11.664,9.976
8.81,8.77,0.04,-0.691,9.5,-0.067,-0.002,0.053,0.1,8.547,0.042,8.539,9.202,10.161,11.095,9.506
9.61,9.544,0.065,0.551,9.057,0.04,-0.067,-0.002,0.053,9.487,0.054,8.809,8.539,9.202,10.161,9.051
9.84,9.95,-0.105,1.169,8.676,0.065,0.04,-0.067,-0.002,10.156,-0.08,9.608,8.809,8.539,9.202,8.67
9.34,9.304,0.035,0.961,8.378,-0.105,0.065,0.04,-0.067,9.486,0.055,9.845,9.608,8.809,8.539,8.374
8.42,8.233,0.192,0.267,8.158,0.035,-0.105,0.065,0.04,8.19,0.062,9.339,9.845,9.608,8.809,8.173
7.66,7.847,-0.19,-0.37,8.027,0.192,0.035,-0.105,0.065,7.833,-0.253,8.425,9.339,9.845,9.608,7.994
8.14,8.227,-0.083,0.142,8.003,-0.19,0.192,0.035,-0.105,8.286,-0.007,7.656,8.425,9.339,9.845,7.987
8.55,8.438,0.109,0.442,8.105,-0.083,-0.19,0.192,0.035,8.541,0.261,8.145,7.656,8.425,9.339,8.077
8.38,8.129,0.253,0.035,8.347,0.109,-0.083,-0.19,0.192,7.983,0.119,8.547,8.145,7.656,8.425,8.328
7.85,8.131,-0.28,-0.872,8.722,0.253,0.109,-0.083,-0.19,7.859,-0.415,8.382,8.547,8.145,7.656,8.712
8.66,9.081,-0.425,-0.564,9.22,-0.28,0.253,0.109,-0.083,8.91,-0.051,7.85,8.382,8.547,8.145,9.193
10.92,10.191,0.732,1.109,9.814,-0.425,-0.28,0.253,0.109,10.314,0.799,8.657,7.85,8.382,8.547,9.808
10.41,10.45,-0.045,0.006,10.399,0.732,-0.425,-0.28,0.253,10.376,-0.217,10.923,8.657,7.85,8.382,10.448
9.5,10.444,-0.946,-1.337,10.835,-0.045,0.732,-0.425,-0.28,10.006,-0.616,10.405,10.923,8.657,7.85,10.868
11.93,10.997,0.933,0.907,11.023,-0.946,-0.045,0.732,-0.425,11.142,0.94,9.498,10.405,10.923,8.657,11.03
11.08,11.367,-0.291,0.171,10.905,0.933,-0.946,-0.045,0.732,11.78,-0.308,11.93,9.498,10.405,10.923,10.943
10.46,10.758,-0.3,0.006,10.452,-0.291,0.933,-0.946,-0.045,10.662,-0.29,11.076,11.93,9.498,10.405,10.485
9.79,9.382,0.409,0.046,9.745,-0.3,-0.291,0.933,-0.946,9.801,0.322,10.458,11.076,11.93,9.498,9.716
7.63,8.076,-0.45,-1.265,8.891,0.409,-0.3,-0.291,0.933,8.269,-0.381,9.791,10.458,11.076,11.93,8.925
7.29,7.163,0.125,-0.709,7.996,-0.45,0.409,-0.3,-0.291,7.399,0.249,7.626,9.791,10.458,11.076,7.994
6.23,6.049,0.179,-0.94,7.168,0.125,-0.45,0.409,-0.3,6.528,0.255,7.288,7.626,9.791,10.458,7.17
4.47,4.744,-0.272,-2.029,6.501,0.179,0.125,-0.45,0.409,4.628,-0.142,6.228,7.288,7.626,9.791,6.483
4.13,4.185,-0.057,-1.903,6.031,-0.272,0.179,0.125,-0.45,3.979,0.157,4.472,6.228,7.288,7.626,6.038
5.03,4.872,0.16,-0.711,5.744,-0.057,-0.272,0.179,0.125,4.745,0.342,4.128,4.472,6.228,7.288,5.749
6.27,6.338,-0.071,0.652,5.615,0.16,-0.057,-0.272,0.179,5.941,0.082,5.033,4.128,4.472,6.228,5.602
7.76,7.734,0.029,2.145,5.618,-0.071,0.16,-0.057,-0.272,7.496,0.003,6.267,5.033,4.128,4.472,5.602
8.22,8.327,-0.108,2.492,5.727,0.029,-0.071,0.16,-0.057,8.521,-0.051,7.763,6.267,5.033,4.128,5.71
7.97,7.848,0.127,2.059,5.916,-0.108,0.029,-0.071,0.16,8.079,0.161,8.22,7.763,6.267,5.033,5.91
6.79,6.692,0.102,0.642,6.153,0.127,-0.108,0.029,-0.071,6.903,-0.006,7.975,8.22,7.763,6.267,6.143
5.54,5.694,-0.158,-0.869,6.405,0.102,0.127,-0.108,0.029,5.776,-0.251,6.794,7.975,8.22,7.763,6.4
5.49,5.488,0.004,-1.148,6.64,-0.158,0.102,0.127,-0.108,5.387,0.0,5.536,6.794,7.975,8.22,6.641
6.08,5.98,0.097,-0.749,6.825,0.004,-0.158,0.102,0.127,5.876,0.133,5.492,5.536,6.794,7.975,6.829
6.69,6.606,0.085,-0.25,6.941,0.097,0.004,-0.158,0.102,6.501,-0.012,6.077,5.492,5.536,6.794,6.939
6.85,7.096,-0.248,-0.169,7.017,0.085,0.097,0.004,-0.158,6.896,-0.231,6.691,6.077,5.492,5.536,6.983
7.76,7.482,0.277,0.663,7.096,-0.248,0.085,0.097,0.004,7.473,0.164,6.848,6.691,6.077,5.492,7.097
7.42,7.589,-0.171,0.208,7.209,0.277,-0.248,0.085,0.097,7.77,-0.115,7.759,6.848,6.691,6.077,7.204
7.47,7.358,0.115,0.129,7.344,-0.171,0.277,-0.248,0.085,7.307,0.046,7.418,7.759,6.848,6.691,7.372
7.08,7.071,0.009,-0.392,7.473,0.115,-0.171,0.277,-0.248,7.094,-0.078,7.472,7.418,7.759,6.848,7.466
7.05,7.179,-0.125,-0.521,7.575,0.009,0.115,-0.171,0.277,7.037,-0.1,7.081,7.472,7.418,7.759,7.577
7.77,7.64,0.127,0.139,7.627,-0.125,0.009,0.115,-0.171,7.651,0.136,7.054,7.081,7.472,7.418,7.627
7.83,7.915,-0.082,0.22,7.613,0.127,-0.125,0.009,0.115,7.964,-0.014,7.766,7.054,7.081,7.472,7.622
7.96,7.798,0.161,0.445,7.514,-0.082,0.127,-0.125,0.009,7.744,0.058,7.833,7.766,7.054,7.081,7.529
7.28,7.462,-0.178,-0.049,7.333,0.161,-0.082,0.127,-0.125,7.608,-0.184,7.959,7.833,7.766,7.054,7.333
7.0,7.066,-0.064,-0.114,7.115,-0.178,0.161,-0.082,0.127,7.196,0.072,7.284,7.959,7.833,7.766,7.094
6.76,6.544,0.214,-0.161,6.919,-0.064,-0.178,0.161,-0.082,6.706,0.279,7.001,7.284,7.959,7.833,6.912
6.18,6.164,0.016,-0.621,6.801,0.214,-0.064,-0.178,0.161,5.981,-0.078,6.758,7.001,7.284,7.959,6.781
6.3,6.538,-0.236,-0.503,6.805,0.016,0.214,-0.064,-0.178,6.251,-0.243,6.18,6.758,7.001,7.284,6.793
7.52,7.449,0.069,0.578,6.94,-0.236,0.016,0.214,-0.064,7.533,0.164,6.302,6.18,6.758,7.001,6.944
8.09,7.934,0.16,0.888,7.206,0.069,-0.236,0.016,0.214,7.98,0.223,7.518,6.302,6.18,6.758,7.181
7.85,7.803,0.052,0.251,7.604,0.16,0.069,-0.236,0.016,7.588,-0.113,8.094,7.518,6.302,6.18,7.58
7.72,7.955,-0.235,-0.403,8.123,0.052,0.16,0.069,-0.236,7.737,-0.326,7.855,8.094,7.518,6.302,8.1
8.85,8.813,0.035,0.136,8.711,-0.235,0.052,0.16,0.069,8.81,0.116,7.719,7.855,8.094,7.518,8.725
9.63,9.549,0.082,0.333,9.298,0.035,-0.235,0.052,0.16,9.643,0.254,8.848,7.719,7.855,8.094,9.304
9.77,9.555,0.212,-0.051,9.819,0.082,0.035,-0.235,0.052,9.419,0.053,9.631,8.848,7.719,7.855,9.82
9.19,9.499,-0.314,-1.039,10.224,0.212,0.082,0.035,-0.235,9.264,-0.412,9.768,9.631,8.848,7.719,10.228
9.93,10.243,-0.315,-0.561,10.489,-0.314,0.212,0.082,0.035,10.066,0.06,9.185,9.768,9.631,8.848,10.488
12.03,11.237,0.796,1.439,10.593,-0.315,-0.314,0.212,0.082,11.425,0.75,9.928,9.185,9.768,9.631,10.618
10.87,11.339,-0.466,0.355,10.518,0.796,-0.315,-0.314,0.212,11.406,-0.448,12.033,9.928,9.185,9.768,10.545
10.38,10.685,-0.304,0.127,10.254,-0.466,0.796,-0.315,-0.314,10.571,-0.168,10.873,12.033,9.928,9.185,10.284
10.34,9.98,0.363,0.515,9.828,-0.304,-0.466,0.796,-0.315,10.362,0.565,10.381,10.873,12.033,9.928,9.83
9.28,9.345,-0.062,0.005,9.279,0.363,-0.304,-0.466,0.796,9.566,0.032,10.343,10.381,10.873,12.033,9.302
8.26,8.457,-0.193,-0.38,8.644,-0.062,0.363,-0.304,-0.466,8.649,-0.124,9.284,10.343,10.381,10.873,8.657
7.16,7.132,0.029,-0.8,7.961,-0.193,-0.062,0.363,-0.304,7.501,0.151,8.264,9.284,10.343,10.381,7.979
5.5,5.619,-0.117,-1.765,7.267,0.029,-0.193,-0.062,0.363,5.875,0.245,7.161,8.264,9.284,10.343,7.28
4.65,4.453,0.192,-1.956,6.601,-0.117,0.029,-0.193,-0.062,4.493,0.29,5.502,7.161,8.264,9.284,6.604
3.85,4.105,-0.257,-2.147,5.995,0.192,-0.117,0.029,-0.193,4.003,-0.056,4.646,5.502,7.161,8.264,5.998
4.55,4.643,-0.089,-0.903,5.457,-0.257,0.192,-0.117,0.029,4.408,0.206,3.848,4.646,5.502,7.161,5.467
5.74,5.394,0.342,0.748,4.988,-0.089,-0.257,0.192,-0.117,5.441,0.428,4.554,3.848,4.646,5.502,4.986
5.06,5.437,-0.379,0.47,4.588,0.342,-0.089,-0.257,0.192,5.606,-0.166,5.736,4.554,3.848,4.646,4.588
4.92,4.685,0.238,0.666,4.257,-0.379,0.342,-0.089,-0.257,4.74,0.207,5.058,5.736,4.554,3.848,4.254
3.82,3.83,-0.008,-0.174,3.995,0.238,-0.379,0.342,-0.089,3.963,-0.037,4.922,5.058,5.736,4.554,3.988
3.58,3.725,-0.144,-0.224,3.805,-0.008,0.238,-0.379,0.342,3.499,-0.089,3.821,4.922,5.058,5.736,3.796
4.72,4.445,0.271,1.028,3.689,-0.144,-0.008,0.238,-0.379,4.349,0.135,3.581,3.821,4.922,5.058,3.679
5.08,5.197,-0.116,1.432,3.649,0.271,-0.144,-0.008,0.238,5.204,-0.226,4.716,3.581,3.821,4.922,3.639
5.34,5.381,-0.038,1.654,3.689,-0.116,0.271,-0.144,-0.008,5.315,-0.103,5.081,4.716,3.581,3.821,3.677
5.45,5.048,0.404,1.643,3.809,-0.038,-0.116,0.271,-0.144,5.175,0.044,5.343,5.081,4.716,3.581,3.796
4.3,4.643,-0.346,0.296,4.001,0.404,-0.038,-0.116,0.271,4.7,-0.542,5.453,5.343,5.081,4.716,3.992
4.74,4.584,0.153,0.481,4.255,-0.346,0.404,-0.038,-0.116,4.479,-0.041,4.297,5.453,5.343,5.081,4.241
4.78,4.669,0.111,0.22,4.56,0.153,-0.346,0.404,-0.038,4.858,-0.036,4.736,4.297,5.453,5.343,4.548
4.89,4.725,0.169,-0.011,4.905,0.111,0.153,-0.346,0.404,4.518,-0.184,4.781,4.736,4.297,5.453,4.894
4.49,4.835,-0.347,-0.785,5.273,0.169,0.111,0.153,-0.346,4.817,-0.475,4.894,4.781,4.736,4.297,5.267
5.31,5.09,0.224,-0.328,5.642,-0.347,0.169,0.111,0.153,5.05,0.12,4.487,4.894,4.781,4.736,5.636
5.71,5.384,0.327,-0.282,5.994,0.224,-0.347,0.169,0.111,5.359,0.044,5.315,4.487,4.894,4.781,5.992
5.37,5.86,-0.485,-0.928,6.303,0.327,0.224,-0.347,0.169,5.511,-0.567,5.711,5.315,4.487,4.894,6.305
6.9,6.647,0.249,0.355,6.541,-0.485,0.327,0.224,-0.347,6.585,0.11,5.375,5.711,5.315,4.487,6.552
7.24,7.148,0.092,0.566,6.675,0.249,-0.485,0.327,0.224,7.388,0.04,6.896,5.375,5.711,5.315,6.688
6.71,6.938,-0.228,0.03,6.68,0.092,0.249,-0.485,0.327,6.864,-0.152,7.241,6.896,5.375,5.711,6.696
6.85,6.308,0.544,0.303,6.549,-0.228,0.092,0.249,-0.485,6.448,0.119,6.71,7.241,6.896,5.375,6.557
5.08,5.859,-0.781,-1.205,6.284,0.544,-0.228,0.092,0.249,5.922,-0.698,6.852,6.71,7.241,6.896,6.305
6.52,5.966,0.555,0.62,5.901,-0.781,0.544,-0.228,0.092,5.796,0.476,5.078,6.852,6.71,7.241,5.909
6.17,6.054,0.117,0.693,5.478,0.555,-0.781,0.544,-0.228,6.41,-0.021,6.521,5.078,6.852,6.71,5.444
5.45,5.878,-0.428,0.351,5.099,0.117,0.555,-0.781,0.544,5.574,-0.401,6.171,6.521,5.078,6.852,5.099
5.85,5.578,0.273,1.033,4.818,-0.428,0.117,0.555,-0.781,5.808,0.172,5.449,6.171,6.521,5.078,4.818
5.09,5.092,0.002,0.445,4.649,0.273,-0.428,0.117,0.555,5.35,-0.08,5.851,5.449,6.171,6.521,4.66
4.6,4.442,0.157,-0.002,4.6,0.002,0.273,-0.428,0.117,4.429,-0.045,5.094,5.851,5.449,6.171,4.577
3.63,3.955,-0.326,-1.051,4.681,0.157,0.002,0.273,-0.428,3.938,-0.371,4.599,5.094,5.851,5.449,4.659
4.47,4.169,0.304,-0.415,4.887,-0.326,0.157,0.002,0.273,3.937,0.179,3.63,4.599,5.094,5.851,4.873
4.92,4.939,-0.021,-0.249,5.167,0.304,-0.326,0.157,0.002,4.914,-0.069,4.473,3.63,4.599,5.094,5.191
5.63,5.73,-0.104,0.169,5.456,-0.021,0.304,-0.326,0.157,5.504,-0.175,4.919,4.473,3.63,4.599,5.454
6.32,6.152,0.164,0.627,5.69,-0.104,-0.021,0.304,-0.326,6.17,0.01,5.626,4.919,4.473,3.63,5.705
6.24,6.287,-0.05,0.435,5.802,0.164,-0.104,-0.021,0.304,6.211,-0.136,6.317,5.626,4.919,4.473,5.822
6.45,6.33,0.12,0.718,5.732,-0.05,0.164,-0.104,-0.021,6.409,-0.066,6.237,6.317,5.626,4.919,5.758
5.78,5.988,-0.206,0.34,5.442,0.12,-0.05,0.164,-0.104,6.332,-0.217,6.449,6.237,6.317,5.626,5.46
5.35,5.146,0.2,0.366,4.98,-0.206,0.12,-0.05,0.164,5.213,0.14,5.783,6.449,6.237,6.317,4.956
4.38,4.15,0.229,-0.03,4.409,0.2,-0.206,0.12,-0.05,4.332,-0.055,5.346,5.783,6.449,6.237,4.438
3.01,3.541,-0.53,-0.783,3.795,0.229,0.2,-0.206,0.12,3.55,-0.5,4.379,5.346,5.783,6.449,3.799
3.74,3.397,0.346,0.536,3.208,-0.53,0.229,0.2,-0.206,3.465,0.324,3.011,4.379,5.346,5.783,3.204
3.25,3.074,0.172,0.508,2.738,0.346,-0.53,0.229,0.2,3.366,0.069,3.743,3.011,4.379,5.346,2.704
2.19,2.457,-0.271,-0.26,2.446,0.172,0.346,-0.53,0.229,2.289,-0.364,3.246,3.743,3.011,4.379,2.446
2.14,2.123,0.019,-0.203,2.345,-0.271,0.172,0.346,-0.53,2.097,-0.031,2.186,3.246,3.743,3.011,2.338
2.5,2.331,0.17,0.066,2.436,0.019,-0.271,0.172,0.346,2.369,0.16,2.142,2.186,3.246,3.743,2.413
2.67,2.743,-0.074,-0.008,2.676,0.17,0.019,-0.271,0.172,2.64,-0.059,2.501,2.142,2.186,3.246,2.683
3.03,3.027,0.007,0.029,3.005,-0.074,0.17,0.019,-0.271,2.913,-0.085,2.669,2.501,2.142,2.186,2.996
3.2,3.273,-0.075,-0.157,3.354,0.007,-0.074,0.17,0.019,3.194,-0.045,3.034,2.669,2.501,2.142,3.359
3.91,3.696,0.212,0.242,3.665,-0.075,0.007,-0.074,0.17,3.578,0.147,3.197,3.034,2.669,2.501,3.656
3.8,4.088,-0.287,-0.117,3.919,0.212,-0.075,0.007,-0.074,4.18,-0.17,3.908,3.197,3.034,2.669,3.898
4.44,4.123,0.314,0.325,4.112,-0.287,0.212,-0.075,0.007,4.134,0.186,3.801,3.908,3.197,3.034,4.117
3.68,3.916,-0.238,-0.598,4.276,0.314,-0.287,0.212,-0.075,3.875,-0.182,4.437,3.801,3.908,3.197,4.249
4.12,4.093,0.022,-0.325,4.44,-0.238,0.314,-0.287,0.212,3.844,0.09,3.678,4.437,3.801,3.908,4.444
4.99,4.729,0.258,0.365,4.622,0.022,-0.238,0.314,-0.287,4.811,0.153,4.115,3.678,4.437,3.801,4.615
4.87,5.318,-0.446,0.023,4.848,0.258,0.022,-0.238,0.314,5.191,-0.277,4.987,4.115,3.678,4.437,4.83
5.92,5.463,0.458,0.782,5.139,-0.446,0.258,0.022,-0.238,5.486,0.335,4.871,4.987,4.115,3.678,5.126
5.03,5.187,-0.156,-0.463,5.494,0.458,-0.446,0.258,0.022,5.312,-0.216,5.921,4.871,4.987,4.115,5.493
5.0,5.234,-0.236,-0.893,5.891,-0.156,0.458,-0.446,0.258,4.846,-0.131,5.031,5.921,4.871,4.987,5.889
6.43,6.046,0.389,0.128,6.306,-0.236,-0.156,0.458,-0.446,5.963,0.323,4.998,5.031,5.921,4.871,6.3
7.0,7.137,-0.14,0.279,6.718,0.389,-0.236,-0.156,0.458,7.054,-0.239,6.434,4.998,5.031,5.921,6.712
7.63,7.804,-0.178,0.515,7.11,-0.14,0.389,-0.236,-0.156,7.678,-0.124,6.997,6.434,4.998,5.031,7.101
8.1,7.804,0.299,0.634,7.469,-0.178,-0.14,0.389,-0.236,7.908,0.212,7.625,6.997,6.434,4.998,7.47
7.52,7.579,-0.06,-0.26,7.778,0.299,-0.178,-0.14,0.389,7.535,-0.14,8.103,7.625,6.997,6.434,7.78
7.69,7.801,-0.113,-0.336,8.024,-0.06,0.299,-0.178,-0.14,7.587,-0.163,7.519,8.103,7.625,6.997,8.031
8.46,8.449,0.01,0.267,8.192,-0.113,-0.06,0.299,-0.178,8.502,0.049,7.688,7.519,8.103,7.625,8.204
9.08,8.84,0.237,0.807,8.27,0.01,-0.113,-0.06,0.299,8.897,0.159,8.459,7.688,7.519,8.103,8.278
8.44,8.602,-0.163,0.167,8.273,0.237,0.01,-0.113,-0.06,8.616,-0.235,9.077,8.459,7.688,7.519,8.267
7.99,8.079,-0.092,-0.242,8.229,-0.163,0.237,0.01,-0.113,8.154,-0.099,8.439,9.077,8.459,7.688,8.227
7.94,7.722,0.218,-0.235,8.175,-0.092,-0.163,0.237,0.01,7.83,0.191,7.987,8.439,9.077,8.459,8.177
7.72,7.718,0.002,-0.425,8.145,0.218,-0.092,-0.163,0.237,7.601,-0.077,7.94,7.987,8.439,9.077,8.142
7.77,7.99,-0.216,-0.392,8.166,0.002,0.218,-0.092,-0.163,7.927,-0.204,7.72,7.94,7.987,8.439,8.164
8.58,8.318,0.264,0.347,8.235,-0.216,0.002,0.218,-0.092,8.285,0.162,7.774,7.72,7.94,7.987,8.247
8.34,8.552,-0.212,-0.004,8.343,0.264,-0.216,0.002,0.218,8.488,-0.101,8.582,7.774,7.72,7.94,8.334
9.08,8.781,0.303,0.605,8.478,-0.212,0.264,-0.216,0.002,8.663,0.126,8.339,8.582,7.774,7.72,8.477
8.68,8.961,-0.286,0.043,8.632,0.303,-0.212,0.264,-0.216,9.087,-0.298,9.084,8.339,8.582,7.774,8.627
9.15,9.069,0.081,0.361,8.789,-0.286,0.303,-0.212,0.264,8.94,0.092,8.675,9.084,8.339,8.582,8.795
9.19,8.93,0.262,0.276,8.916,0.081,-0.286,0.303,-0.212,9.168,0.129,9.151,8.675,9.084,8.339,8.938
8.26,8.571,-0.31,-0.712,8.972,0.262,0.081,-0.286,0.303,8.534,-0.33,9.192,9.151,8.675,9.084,8.984
8.49,8.393,0.096,-0.439,8.929,-0.31,0.262,0.081,-0.286,8.299,0.072,8.26,9.192,9.151,8.675,8.943
8.79,8.628,0.161,-0.002,8.791,0.096,-0.31,0.262,0.081,8.607,0.097,8.49,8.26,9.192,9.151,8.782
8.96,9.043,-0.087,0.379,8.578,0.161,0.096,-0.31,0.262,9.012,-0.161,8.789,8.49,8.26,9.192,8.589
9.1,9.155,-0.059,0.777,8.318,-0.087,0.161,0.096,-0.31,9.226,-0.115,8.956,8.789,8.49,8.26,8.323
8.73,8.669,0.057,0.685,8.041,-0.059,-0.087,0.161,0.096,8.887,0.065,9.096,8.956,8.789,8.49,8.051
8.11,7.843,0.269,0.34,7.772,0.057,-0.059,-0.087,0.161,7.926,0.066,8.726,9.096,8.956,8.789,7.778
6.86,7.236,-0.379,-0.678,7.535,0.269,0.057,-0.059,-0.087,7.271,-0.408,8.112,8.726,9.096,8.956,7.531
7.28,7.159,0.12,-0.069,7.349,-0.379,0.269,0.057,-0.059,7.124,0.122,6.857,8.112,8.726,9.096,7.347
7.53,7.253,0.281,0.321,7.213,0.12,-0.379,0.269,0.057,7.39,0.175,7.28,6.857,8.112,8.726,7.22
6.95,7.202,-0.256,-0.175,7.12,0.281,0.12,-0.379,0.269,7.061,-0.32,7.534,7.28,6.857,8.112,7.12
7.09,7.131,-0.045,0.028,7.057,-0.256,0.281,0.12,-0.379,7.119,-0.054,6.946,7.534,7.28,6.857,7.065
7.41,7.141,0.266,0.399,7.008,-0.045,-0.256,0.281,0.12,7.229,0.197,7.086,6.946,7.534,7.28,7.009
6.93,7.134,-0.199,-0.023,6.958,0.266,-0.045,-0.256,0.281,7.127,-0.148,7.407,7.086,6.946,7.534,6.959
7.15,7.004,0.147,0.247,6.904,-0.199,0.266,-0.045,-0.256,7.027,0.011,6.934,7.407,7.086,6.946,6.896
6.57,6.755,-0.183,-0.277,6.849,0.147,-0.199,0.266,-0.045,6.856,-0.131,7.151,6.934,7.407,7.086,6.851
6.76,6.559,0.2,-0.034,6.793,-0.183,0.147,-0.199,0.266,6.5,0.177,6.572,7.151,6.934,7.407,6.794
6.41,6.489,-0.074,-0.324,6.739,0.2,-0.183,0.147,-0.199,6.554,-0.075,6.76,6.572,7.151,6.934,6.742
6.52,6.619,-0.096,-0.164,6.687,-0.074,0.2,-0.183,0.147,6.467,-0.061,6.415,6.76,6.572,7.151,6.687
7.06,6.869,0.194,0.418,6.645,-0.096,-0.074,0.2,-0.183,6.897,0.146,6.523,6.415,6.76,6.572,6.638
6.69,6.924,-0.231,0.072,6.621,0.194,-0.096,-0.074,0.2,7.02,-0.111,7.063,6.523,6.415,6.76,6.619
6.81,6.638,0.171,0.189,6.62,-0.231,0.194,-0.096,-0.074,6.678,0.175,6.693,7.063,6.523,6.415,6.617
6.1,6.193,-0.097,-0.543,6.639,0.171,-0.231,0.194,-0.096,6.264,-0.027,6.809,6.693,7.063,6.523,6.645
6.14,6.103,0.039,-0.531,6.674,-0.097,0.171,-0.231,0.194,5.925,0.058,6.096,6.809,6.693,7.063,6.669
6.43,6.575,-0.145,-0.298,6.729,0.039,-0.097,0.171,-0.231,6.503,0.018,6.143,6.096,6.809,6.693,6.719
7.54,7.291,0.248,0.729,6.809,-0.145,0.039,-0.097,0.171,7.167,0.224,6.43,6.143,6.096,6.809,6.805
7.36,7.622,-0.259,0.446,6.917,0.248,-0.145,0.039,-0.097,7.741,-0.135,7.538,6.43,6.143,6.096,6.909
7.46,7.385,0.076,0.408,7.053,-0.259,0.248,-0.145,0.039,7.375,0.143,7.363,7.538,6.43,6.143,7.05
7.03,6.958,0.074,-0.173,7.205,0.076,-0.259,0.248,-0.145,7.037,0.127,7.461,7.363,7.538,6.43,7.209
6.87,6.784,0.091,-0.484,7.359,0.074,0.076,-0.259,0.248,6.767,-0.039,7.032,7.461,7.363,7.538,7.357
6.35,6.798,-0.453,-1.156,7.501,0.091,0.074,0.076,-0.259,6.913,-0.242,6.875,7.032,7.461,7.363,7.502
7.19,6.717,0.468,-0.433,7.618,-0.453,0.091,0.074,0.076,6.686,0.475,6.345,6.875,7.032,7.461,7.618
6.64,6.64,-0.004,-1.067,7.702,0.468,-0.453,0.091,0.074,6.533,-0.07,7.185,6.345,6.875,7.032,7.703
6.93,7.189,-0.262,-0.82,7.747,-0.004,0.468,-0.453,0.091,6.778,-0.327,6.635,7.185,6.345,6.875,7.755
8.33,8.355,-0.021,0.586,7.747,-0.262,-0.004,0.468,-0.453,8.351,0.102,6.927,6.635,7.185,6.345,7.755
9.53,9.088,0.445,1.838,7.695,-0.021,-0.262,-0.004,0.468,9.245,0.345,8.334,6.927,6.635,7.185,7.704
8.43,8.636,-0.21,0.84,7.586,0.445,-0.021,-0.262,-0.004,8.762,-0.374,9.533,8.334,6.927,6.635,7.596
7.49,7.763,-0.269,0.077,7.418,-0.21,0.445,-0.021,-0.262,7.629,-0.293,8.426,9.533,8.334,6.927,7.424
8.01,7.572,0.438,0.803,7.207,-0.269,-0.21,0.445,-0.021,7.654,0.346,7.494,8.426,9.533,8.334,7.202
7.94,7.984,-0.039,0.969,6.976,0.438,-0.269,-0.21,0.445,8.037,-0.193,8.01,7.494,8.426,9.533,6.983
7.73,8.031,-0.303,0.982,6.746,-0.039,0.438,-0.269,-0.21,8.166,-0.315,7.945,8.01,7.494,8.426,6.746
7.46,7.228,0.234,0.923,6.539,-0.303,-0.039,0.438,-0.269,7.406,0.198,7.728,7.945,8.01,7.494,6.539
6.42,6.11,0.31,0.043,6.377,0.234,-0.303,-0.039,0.438,6.239,0.053,7.462,7.728,7.945,8.01,6.371
4.75,5.538,-0.789,-1.533,6.282,0.31,0.234,-0.303,-0.039,5.492,-0.537,6.42,7.462,7.728,7.945,6.27
6.26,5.623,0.641,-0.01,6.275,-0.789,0.31,0.234,-0.303,5.696,0.581,4.748,6.42,7.462,7.728,6.26
5.5,5.625,-0.124,-0.874,6.375,0.641,-0.789,0.31,0.234,5.788,-0.084,6.264,4.748,6.42,7.462,6.358
5.27,5.486,-0.214,-1.315,6.587,-0.124,0.641,-0.789,0.31,5.112,-0.167,5.501,6.264,4.748,6.42,6.578
5.7,5.698,0.004,-1.19,6.892,-0.214,-0.124,0.641,-0.789,5.701,0.158,5.272,5.501,6.264,4.748,6.89
6.58,6.498,0.081,-0.671,7.25,0.004,-0.214,-0.124,0.641,6.269,0.269,5.702,5.272,5.501,6.264,7.254
7.68,7.58,0.098,0.065,7.614,0.081,0.004,-0.214,-0.124,7.359,0.096,6.579,5.702,5.272,5.501,7.609
7.9,8.35,-0.454,-0.041,7.937,0.098,0.081,0.004,-0.214,8.354,-0.208,7.678,6.579,5.702,5.272,7.942
8.96,8.555,0.41,0.791,8.174,-0.454,0.098,0.081,0.004,8.551,0.479,7.896,7.678,6.579,5.702,8.186
8.08,8.263,-0.18,-0.206,8.289,0.41,-0.454,0.098,0.081,8.427,0.013,8.965,7.896,7.678,6.579,8.3
7.8,7.917,-0.117,-0.496,8.295,-0.18,0.41,-0.454,0.098,7.851,0.043,8.083,8.965,7.896,7.678,8.28
7.98,7.873,0.106,-0.237,8.215,-0.117,-0.18,0.41,-0.454,7.9,0.229,7.8,8.083,8.965,7.896,8.23
8.16,8.149,0.007,0.068,8.088,0.106,-0.117,-0.18,0.41,8.049,0.103,7.978,7.8,8.083,8.965,8.077
8.25,8.431,-0.183,0.235,8.014,0.007,0.106,-0.117,-0.18,8.465,0.006,8.155,7.978,7.8,8.083,7.959
8.5,8.352,0.143,0.415,8.081,-0.183,0.007,0.106,-0.117,8.451,0.222,8.249,8.155,7.978,7.8,8.077
7.96,8.056,-0.094,-0.296,8.258,0.143,-0.183,0.007,0.106,7.98,0.061,8.496,8.249,8.155,7.978,8.316
8.35,8.114,0.238,-0.109,8.461,-0.094,0.143,-0.183,0.007,7.949,0.107,7.962,8.496,8.249,8.155,8.477
8.14,8.66,-0.524,-0.464,8.599,0.238,-0.094,0.143,-0.183,8.663,-0.284,8.352,7.962,8.496,8.249,8.62
9.6,9.184,0.415,1.019,8.58,-0.524,0.238,-0.094,0.143,9.16,0.481,8.135,8.352,7.962,8.496,8.602
8.98,8.86,0.122,0.642,8.34,0.415,-0.524,0.238,-0.094,9.245,0.035,9.599,8.135,8.352,7.962,8.363
7.28,7.875,-0.59,-0.632,7.917,0.122,0.415,-0.524,0.238,7.783,-0.409,8.982,9.599,8.135,8.352,7.883
7.52,7.001,0.52,0.147,7.374,-0.59,0.122,0.415,-0.524,7.253,0.477,7.285,8.982,9.599,8.135,7.403
6.22,6.351,-0.135,-0.562,6.777,0.52,-0.59,0.122,0.415,6.667,-0.139,7.521,7.285,8.982,9.599,6.784
5.5,5.699,-0.198,-0.681,6.182,-0.135,0.52,-0.59,0.122,5.676,-0.087,6.215,7.521,7.285,8.982,6.202
5.11,4.977,0.13,-0.503,5.609,-0.198,-0.135,0.52,-0.59,5.134,0.21,5.501,6.215,7.521,7.285,5.628
4.65,4.527,0.123,-0.418,5.068,0.13,-0.198,-0.135,0.52,4.459,0.108,5.107,5.501,6.215,7.521,5.06
4.37,4.641,-0.267,-0.192,4.567,0.123,0.13,-0.198,-0.135,4.527,-0.149,4.65,5.107,5.501,6.215,4.577
4.83,4.881,-0.047,0.72,4.113,-0.267,0.123,0.13,-0.198,5.073,0.16,4.374,4.65,5.107,5.501,4.114
4.91,4.459,0.449,1.194,3.713,-0.047,-0.267,0.123,0.13,4.71,0.374,4.833,4.374,4.65,5.107,3.718
2.89,3.337,-0.449,-0.476,3.364,0.449,-0.047,-0.267,0.123,3.43,-0.369,4.907,4.833,4.374,4.65,3.372
2.39,2.42,-0.033,-0.675,3.062,-0.449,0.449,-0.047,-0.267,2.401,0.1,2.888,4.907,4.833,4.374,3.062
2.48,2.113,0.364,-0.324,2.801,-0.033,-0.449,0.449,-0.047,2.367,0.381,2.387,2.888,4.907,4.833,2.795
1.77,2.15,-0.376,-0.807,2.581,0.364,-0.033,-0.449,0.449,1.989,-0.196,2.477,2.387,2.888,4.907,2.571
2.48,2.361,0.124,0.067,2.417,-0.376,0.364,-0.033,-0.449,2.176,0.17,1.774,2.477,2.387,2.888,2.4
2.76,2.63,0.134,0.442,2.322,0.124,-0.376,0.364,-0.033,2.721,0.097,2.485,1.774,2.477,2.387,2.318
2.51,2.901,-0.394,0.199,2.308,0.134,0.124,-0.376,0.364,2.76,-0.131,2.765,2.485,1.774,2.477,2.295
3.44,3.022,0.42,1.057,2.384,-0.394,0.134,0.124,-0.376,3.096,0.398,2.507,2.765,2.485,1.774,2.368
2.48,2.734,-0.249,-0.073,2.558,0.42,-0.394,0.134,0.124,2.964,-0.151,3.442,2.507,2.765,2.485,2.542
2.44,2.405,0.032,-0.377,2.814,-0.249,0.42,-0.394,0.134,2.132,0.062,2.485,3.442,2.507,2.765,2.812
2.36,2.459,-0.099,-0.771,3.13,0.032,-0.249,0.42,-0.394,2.548,0.082,2.437,2.485,3.442,2.507,3.115
3.02,2.897,0.124,-0.464,3.485,-0.099,0.032,-0.249,0.42,2.777,0.241,2.359,2.437,2.485,3.442,3.477
3.4,3.382,0.013,-0.463,3.858,0.124,-0.099,0.032,-0.249,3.293,0.034,3.021,2.359,2.437,2.485,3.85
3.41,3.867,-0.454,-0.816,4.23,0.013,0.124,-0.099,0.032,3.62,-0.119,3.395,3.021,2.359,2.437,4.222
5.16,4.586,0.574,0.572,4.588,-0.454,0.013,0.124,-0.099,4.425,0.602,3.414,3.395,3.021,2.359,4.578
5.16,5.401,-0.239,0.236,4.925,0.574,-0.454,0.013,0.124,5.368,-0.17,5.16,3.414,3.395,3.021,4.92
5.41,5.968,-0.553,0.183,5.232,-0.239,0.574,-0.454,0.013,5.869,-0.112,5.161,5.16,3.414,3.395,5.23
6.78,5.843,0.936,1.278,5.501,-0.553,-0.239,0.574,-0.454,6.159,0.834,5.415,5.161,5.16,3.414,5.5
4.44,5.145,-0.708,-1.298,5.735,0.936,-0.553,-0.239,0.574,5.161,-0.608,6.779,5.415,5.161,5.16,5.728
5.01,4.903,0.111,-0.924,5.937,-0.708,0.936,-0.553,-0.239,4.562,0.085,4.437,6.779,5.415,5.161,5.936
5.27,5.29,-0.016,-0.84,6.114,0.111,-0.708,0.936,-0.553,5.635,0.254,5.014,4.437,6.779,5.415,6.112
5.92,5.788,0.128,-0.356,6.272,-0.016,0.111,-0.708,0.936,5.496,0.134,5.274,5.014,4.437,6.779,6.27
5.86,5.924,-0.065,-0.549,6.407,0.128,-0.016,0.111,-0.708,5.985,-0.058,5.916,5.274,5.014,4.437,6.416
5.65,5.894,-0.243,-0.864,6.515,-0.065,0.128,-0.016,0.111,5.784,-0.109,5.858,5.916,5.274,5.014,6.516
6.35,6.105,0.244,-0.238,6.588,-0.243,-0.065,0.128,-0.016,6.07,0.383,5.651,5.858,5.916,5.274,6.593
6.64,6.593,0.044,0.016,6.62,0.244,-0.243,-0.065,0.128,6.469,0.07,6.35,5.651,5.858,5.916,6.624
7.01,7.172,-0.162,0.405,6.605,0.044,0.244,-0.243,-0.065,7.057,-0.192,6.636,6.35,5.651,5.858,6.612
7.56,7.501,0.058,1.022,6.537,-0.162,0.044,0.244,-0.243,7.579,0.027,7.01,6.636,6.35,5.651,6.547
7.4,7.323,0.081,0.99,6.414,0.058,-0.162,0.044,0.244,7.451,0.079,7.559,7.01,6.636,6.35,6.421
6.8,6.67,0.131,0.547,6.254,0.081,0.058,-0.162,0.044,6.846,-0.054,7.404,7.559,7.01,6.636,6.247
5.83,6.013,-0.188,-0.254,6.079,0.131,0.081,0.058,-0.162,5.998,-0.328,6.801,7.404,7.559,7.01,6.083
6.08,5.975,0.105,0.167,5.913,-0.188,0.131,0.081,0.058,5.815,-0.006,5.825,6.801,7.404,7.559,5.912
6.58,6.421,0.161,0.804,5.779,0.105,-0.188,0.131,0.081,6.515,0.011,6.08,5.825,6.801,7.404,5.776
6.64,6.713,-0.07,0.945,5.698,0.161,0.105,-0.188,0.131,6.674,-0.259,6.582,6.08,5.825,6.801,5.691
6.35,6.401,-0.055,0.652,5.694,-0.07,0.161,0.105,-0.188,6.565,-0.189,6.643,6.582,6.08,5.825,5.681
6.04,5.82,0.222,0.254,5.789,-0.055,-0.07,0.161,0.105,5.781,0.027,6.345,6.643,6.582,6.08,5.772
5.76,5.647,0.11,-0.24,5.998,0.222,-0.055,-0.07,0.161,5.595,-0.214,6.043,6.345,6.643,6.582,5.983
5.69,6.091,-0.397,-0.594,6.289,0.11,0.222,-0.055,-0.07,5.977,-0.445,5.758,6.043,6.345,6.643,6.308
7.07,6.638,0.431,0.496,6.573,-0.397,0.11,0.222,-0.055,6.675,0.247,5.694,5.758,6.043,6.345,6.608
6.64,6.725,-0.084,-0.107,6.749,0.431,-0.397,0.11,0.222,6.73,-0.174,7.069,5.694,5.758,6.043,6.771
6.69,6.612,0.079,-0.038,6.728,-0.084,0.431,-0.397,0.11,6.432,-0.204,6.642,7.069,5.694,5.758,6.756
6.36,6.623,-0.26,-0.15,6.513,0.079,-0.084,0.431,-0.397,6.809,-0.275,6.69,6.642,7.069,5.694,6.476
6.83,6.647,0.181,0.538,6.289,-0.26,0.079,-0.084,0.431,6.673,0.244,6.363,6.69,6.642,7.069,6.17
6.72,6.358,0.359,0.473,6.243,0.181,-0.26,0.079,-0.084,6.483,0.117,6.827,6.363,6.69,6.642,6.246
5.42,6.074,-0.658,-0.979,6.394,0.359,0.181,-0.26,0.079,5.854,-0.603,6.716,6.827,6.363,6.69,6.464
6.95,6.569,0.384,0.25,6.703,-0.658,0.359,0.181,-0.26,6.269,0.344,5.415,6.716,6.827,6.363,6.693
7.42,7.542,-0.119,0.369,7.055,0.384,-0.658,0.359,0.181,7.714,0.099,6.953,5.415,6.716,6.827,7.111
8.38,8.155,0.227,1.065,7.316,-0.119,0.384,-0.658,0.359,7.962,0.073,7.424,6.953,5.415,6.716,7.307
7.49,7.896,-0.403,0.108,7.385,0.227,-0.119,0.384,-0.658,8.15,-0.32,8.381,7.424,6.953,5.415,7.406
7.38,7.146,0.235,0.097,7.284,-0.403,0.227,-0.119,0.384,7.197,0.27,7.493,8.381,7.424,6.953,7.228
6.24,6.287,-0.043,-0.819,7.064,0.235,-0.403,0.227,-0.119,6.676,0.134,7.38,7.493,8.381,7.424,7.098
5.49,5.54,-0.047,-1.285,6.779,-0.043,0.235,-0.403,0.227,5.511,0.03,6.245,7.38,7.493,8.381,6.793
5.12,5.162,-0.038,-1.356,6.481,-0.047,-0.043,0.235,-0.403,5.14,0.05,5.493,6.245,7.38,7.493,6.491
5.29,5.281,0.004,-0.93,6.215,-0.038,-0.047,-0.043,0.235,5.193,0.126,5.124,5.493,6.245,7.38,6.199
5.54,5.634,-0.094,-0.458,5.998,0.004,-0.038,-0.047,-0.043,5.64,0.135,5.285,5.124,5.493,6.245,5.994
6.02,5.809,0.206,0.182,5.834,-0.094,0.004,-0.038,-0.047,5.778,0.211,5.54,5.285,5.124,5.493,5.839
5.6,5.845,-0.248,-0.13,5.727,0.206,-0.094,0.004,-0.038,5.729,-0.137,6.016,5.54,5.285,5.124,5.724
6.28,6.138,0.139,0.597,5.68,-0.248,0.206,-0.094,0.004,5.991,0.155,5.597,6.016,5.54,5.285,5.68
6.49,6.576,-0.082,0.796,5.698,0.139,-0.248,0.206,-0.094,6.713,0.037,6.277,5.597,6.016,5.54,5.691
6.79,6.774,0.013,1.007,5.779,-0.082,0.139,-0.248,0.206,6.689,0.101,6.493,6.277,5.597,6.016,5.774
6.76,6.533,0.231,0.856,5.908,0.013,-0.082,0.139,-0.248,6.68,0.072,6.787,6.493,6.277,5.597,5.906
5.72,6.138,-0.413,-0.34,6.065,0.231,0.013,-0.082,0.139,6.123,-0.322,6.764,6.787,6.493,6.277,6.056
6.24,5.944,0.294,0.01,6.228,-0.413,0.231,0.013,-0.082,5.989,0.289,5.725,6.764,6.787,6.493,6.232
5.95,5.95,-0.004,-0.433,6.378,0.294,-0.413,0.231,0.013,5.972,0.013,6.238,5.725,6.764,6.787,6.379
6.17,6.175,-0.003,-0.326,6.498,-0.004,0.294,-0.413,0.231,5.956,-0.119,5.945,6.238,5.725,6.764,6.5
6.35,6.576,-0.225,-0.226,6.578,-0.003,-0.004,0.294,-0.413,6.564,-0.138,6.172,5.945,6.238,5.725,6.577
7.17,6.857,0.312,0.541,6.628,-0.225,-0.003,-0.004,0.294,6.924,0.287,6.352,6.172,5.945,6.238,6.616
6.63,6.736,-0.106,-0.031,6.66,0.312,-0.225,-0.003,-0.004,6.787,-0.089,7.169,6.352,6.172,5.945,6.667
6.55,6.509,0.046,-0.119,6.673,-0.106,0.312,-0.225,-0.003,6.371,-0.109,6.629,7.169,6.352,6.172,6.684
6.4,6.532,-0.137,-0.275,6.67,0.046,-0.106,0.312,-0.225,6.625,-0.12,6.555,6.629,7.169,6.352,6.668
6.8,6.724,0.073,0.143,6.654,-0.137,0.046,-0.106,0.312,6.709,0.167,6.395,6.555,6.629,7.169,6.657
6.92,6.719,0.201,0.29,6.63,0.073,-0.137,0.046,-0.106,6.785,0.12,6.797,6.395,6.555,6.629,6.627
6.28,6.542,-0.264,-0.333,6.611,0.201,0.073,-0.137,0.046,6.453,-0.292,6.92,6.797,6.395,6.555,6.605
6.68,6.594,0.089,0.071,6.612,-0.264,0.201,0.073,-0.137,6.515,0.063,6.278,6.92,6.797,6.395,6.608
6.72,6.8,-0.079,0.079,6.642,0.089,-0.264,0.201,0.073,6.954,0.096,6.683,6.278,6.92,6.797,6.639
7.13,6.796,0.336,0.433,6.698,-0.079,0.089,-0.264,0.201,6.776,0.198,6.721,6.683,6.278,6.92,6.706
6.15,6.6,-0.451,-0.611,6.76,0.336,-0.079,0.089,-0.264,6.538,-0.38,7.132,6.721,6.683,6.278,6.768
6.9,6.669,0.227,0.099,6.797,-0.451,0.336,-0.079,0.089,6.551,0.214,6.149,7.132,6.721,6.683,6.805
6.93,6.868,0.058,0.172,6.754,0.227,-0.451,0.336,-0.079,7.12,0.105,6.896,6.149,7.132,6.721,6.788
6.57,6.738,-0.17,-0.004,6.572,0.058,0.227,-0.451,0.336,6.708,-0.099,6.926,6.896,6.149,7.132,6.595
6.4,6.198,0.201,0.171,6.228,-0.17,0.058,0.227,-0.451,6.323,0.097,6.568,6.926,6.896,6.149,6.238
5.45,5.578,-0.131,-0.33,5.777,0.201,-0.17,0.058,0.227,5.694,-0.139,6.399,6.568,6.926,6.896,5.745
5.11,5.215,-0.107,-0.185,5.293,-0.131,0.201,-0.17,0.058,5.231,0.042,5.447,6.399,6.568,6.926,5.305
5.23,4.923,0.309,0.379,4.853,-0.107,-0.131,0.201,-0.17,5.133,0.254,5.109,5.447,6.399,6.568,4.842
4.24,4.471,-0.227,-0.275,4.519,0.309,-0.107,-0.131,0.201,4.491,-0.214,5.233,5.109,5.447,6.399,4.519
4.14,4.133,0.004,-0.137,4.275,-0.227,0.309,-0.107,-0.131,4.012,0.006,4.244,5.233,5.109,5.447,4.318
4.16,4.08,0.081,0.066,4.095,0.004,-0.227,0.309,-0.107,4.225,0.113,4.137,4.244,5.233,5.109,4.074
4.12,4.147,-0.022,0.14,3.984,0.081,0.004,-0.227,0.309,4.103,0.02,4.161,4.137,4.244,5.233,3.963
4.13,4.148,-0.022,0.183,3.943,-0.022,0.081,0.004,-0.227,4.105,-0.015,4.124,4.161,4.137,4.244,3.935
4.2,4.185,0.02,0.235,3.97,-0.022,-0.022,0.081,0.004,4.12,0.008,4.126,4.124,4.161,4.137,3.96
4.36,4.285,0.07,0.295,4.06,0.02,-0.022,-0.022,0.081,4.367,0.022,4.205,4.126,4.124,4.161,4.062
3.95,4.242,-0.29,-0.251,4.203,0.07,0.02,-0.022,-0.022,4.292,-0.094,4.355,4.205,4.126,4.124,4.199
4.43,4.002,0.432,0.049,4.385,-0.29,0.07,0.02,-0.022,4.007,0.341,3.952,4.355,4.205,4.126,4.373
3.68,3.864,-0.186,-0.917,4.595,0.432,-0.29,0.07,0.02,3.788,-0.247,4.434,3.952,4.355,4.205,4.584
4.06,4.331,-0.267,-0.76,4.824,-0.186,0.432,-0.29,0.07,4.027,-0.142,3.678,4.434,3.952,4.355,4.814
5.49,5.152,0.336,0.453,5.035,-0.267,-0.186,0.432,-0.29,5.252,0.398,4.064,3.678,4.434,3.952,5.054
5.63,5.611,0.015,0.436,5.19,0.336,-0.267,-0.186,0.432,5.565,-0.02,5.488,4.064,3.678,4.434,5.203
5.39,5.599,-0.205,0.149,5.246,0.015,0.336,-0.267,-0.186,5.474,-0.238,5.626,5.488,4.064,3.678,5.267
5.46,5.451,0.006,0.282,5.175,-0.205,0.015,0.336,-0.267,5.597,0.058,5.394,5.626,5.488,4.064,5.181
5.45,5.257,0.194,0.448,5.003,0.006,-0.205,0.015,0.336,5.407,0.233,5.457,5.394,5.626,5.488,4.98
4.76,4.824,-0.06,-0.003,4.767,0.194,0.006,-0.205,0.015,4.934,-0.092,5.451,5.457,5.394,5.626,4.78
4.1,4.235,-0.134,-0.405,4.506,-0.06,0.194,0.006,-0.205,4.275,-0.154,4.764,5.451,5.457,5.394,4.507
3.94,3.846,0.095,-0.317,4.258,-0.134,-0.06,0.194,0.006,3.872,0.131,4.101,4.764,5.451,5.457,4.263
3.88,3.813,0.065,-0.179,4.057,0.095,-0.134,-0.06,0.194,3.802,0.095,3.941,4.101,4.764,5.451,4.051
3.84,3.951,-0.114,-0.085,3.922,0.065,0.095,-0.134,-0.06,3.934,-0.087,3.878,3.941,4.101,4.764,3.919
4.13,4.051,0.079,0.269,3.862,-0.114,0.065,0.095,-0.134,4.002,0.033,3.837,3.878,3.941,4.101,3.851
4.08,4.059,0.023,0.206,3.876,0.079,-0.114,0.065,0.095,4.08,-0.009,4.131,3.837,3.878,3.941,3.87
3.84,3.962,-0.123,-0.089,3.929,0.023,0.079,-0.114,0.065,4.025,-0.055,4.082,4.131,3.837,3.878,3.951
3.98,3.824,0.152,0.008,3.968,-0.123,0.023,0.079,-0.114,3.809,0.126,3.84,4.082,4.131,3.837,3.979
3.82,3.818,0.003,-0.129,3.949,0.152,-0.123,0.023,0.079,3.751,-0.061,3.976,3.84,4.082,4.131,3.958
3.98,4.054,-0.074,0.107,3.874,0.003,0.152,-0.123,0.023,3.994,-0.122,3.821,3.976,3.84,4.082,3.846
4.14,4.181,-0.038,0.381,3.762,-0.074,0.003,0.152,-0.123,4.368,0.014,3.981,3.821,3.976,3.84,3.762
3.93,3.779,0.15,0.298,3.631,-0.038,-0.074,0.003,0.152,3.903,0.152,4.143,3.981,3.821,3.976,3.638
3.23,3.146,0.082,-0.268,3.495,0.15,-0.038,-0.074,0.003,3.076,-0.077,3.929,4.143,3.981,3.821,3.499
2.69,3.032,-0.338,-0.673,3.367,0.082,0.15,-0.038,-0.074,2.921,-0.296,3.227,3.929,4.143,3.981,3.37
3.76,3.506,0.254,0.508,3.253,-0.338,0.082,0.15,-0.038,3.553,0.27,2.694,3.227,3.929,4.143,3.254
3.73,3.726,0.009,0.589,3.146,0.254,-0.338,0.082,0.15,3.889,0.057,3.761,2.694,3.227,3.929,3.15
3.31,3.334,-0.024,0.269,3.041,0.009,0.254,-0.338,0.082,3.233,-0.105,3.735,3.761,2.694,3.227,3.04
2.85,2.858,-0.004,-0.077,2.931,-0.024,0.009,0.254,-0.338,2.91,-0.11,3.31,3.735,3.761,2.694,2.936
2.66,2.805,-0.14,-0.146,2.811,-0.004,-0.024,0.009,0.254,2.825,-0.022,2.854,3.31,3.735,3.761,2.816
3.14,2.909,0.231,0.458,2.682,-0.14,-0.004,-0.024,0.009,3.025,0.266,2.665,2.854,3.31,3.735,2.683
2.63,2.613,0.019,0.085,2.548,0.231,-0.14,-0.004,-0.024,2.724,-0.095,3.14,2.665,2.854,3.31,2.548
1.74,2.047,-0.309,-0.673,2.411,0.019,0.231,-0.14,-0.004,1.998,-0.253,2.633,3.14,2.665,2.854,2.408
1.94,1.726,0.21,-0.34,2.276,-0.309,0.019,0.231,-0.14,1.776,0.278,1.738,2.633,3.14,2.665,2.278
1.76,1.673,0.085,-0.389,2.146,0.21,-0.309,0.019,0.231,1.805,0.116,1.936,1.738,2.633,3.14,2.146
1.54,1.669,-0.127,-0.48,2.022,0.085,0.21,-0.309,0.019,1.538,-0.158,1.757,1.936,1.738,2.633,2.024
1.62,1.707,-0.084,-0.279,1.902,-0.127,0.085,0.21,-0.309,1.658,-0.041,1.542,1.757,1.936,1.738,1.905
2.06,1.885,0.178,0.273,1.789,-0.084,-0.127,0.085,0.21,1.864,0.211,1.623,1.542,1.757,1.936,1.784
2.06,2.118,-0.059,0.374,1.685,0.178,-0.084,-0.127,0.085,2.101,-0.016,2.062,1.623,1.542,1.757,1.684
2.15,2.204,-0.05,0.561,1.593,-0.059,0.178,-0.084,-0.127,2.219,-0.062,2.059,2.062,1.623,1.542,1.59
2.05,1.998,0.049,0.528,1.52,-0.05,-0.059,0.178,-0.084,2.126,0.042,2.154,2.059,2.062,1.623,1.516
1.64,1.539,0.096,0.153,1.482,0.049,-0.05,-0.059,0.178,1.637,0.03,2.047,2.154,2.059,2.062,1.468
0.84,1.077,-0.238,-0.662,1.5,0.096,0.049,-0.05,-0.059,1.107,-0.144,1.635,2.047,2.154,2.059,1.49
1.29,1.0,0.287,-0.303,1.59,-0.238,0.096,0.049,-0.05,0.867,0.196,0.839,1.635,2.047,2.154,1.577
1.37,1.529,-0.158,-0.381,1.751,0.287,-0.238,0.096,0.049,1.334,-0.143,1.287,0.839,1.635,2.047,1.749
2.46,2.453,0.011,0.491,1.973,-0.158,0.287,-0.238,0.096,2.284,-0.004,1.371,1.287,0.839,1.635,1.965
3.07,3.041,0.026,0.826,2.241,0.011,-0.158,0.287,-0.238,3.186,0.049,2.464,1.371,1.287,0.839,2.23
2.98,2.971,0.007,0.439,2.538,0.026,0.011,-0.158,0.287,2.889,0.03,3.067,2.464,1.371,1.287,2.533
2.9,2.678,0.218,0.065,2.831,0.007,0.026,0.011,-0.158,2.682,0.002,2.977,3.067,2.464,1.371,2.839
2.2,2.692,-0.491,-0.877,3.079,0.218,0.007,0.026,0.011,2.689,-0.361,2.896,2.977,3.067,2.464,3.086
3.42,3.028,0.39,0.173,3.245,-0.491,0.218,0.007,0.026,2.983,0.405,2.202,2.896,2.977,3.067,3.255
3.21,3.193,0.016,-0.1,3.31,0.39,-0.491,0.218,0.007,3.292,0.008,3.418,2.202,2.896,2.977,3.31
3.09,3.188,-0.095,-0.189,3.282,0.016,0.39,-0.491,0.218,2.963,-0.23,3.21,3.418,2.202,2.896,3.28
2.96,3.248,-0.29,-0.216,3.173,-0.095,0.016,0.39,-0.491,3.355,-0.102,3.093,3.21,3.418,2.202,3.185
3.8,3.272,0.531,0.805,2.998,-0.29,-0.095,0.016,0.39,3.378,0.493,2.958,3.093,3.21,3.418,3.005
2.68,2.91,-0.229,-0.097,2.779,0.531,-0.29,-0.095,0.016,3.072,-0.233,3.803,2.958,3.093,3.21,2.783
2.17,2.355,-0.18,-0.367,2.541,-0.229,0.531,-0.29,-0.095,2.258,-0.188,2.682,3.803,2.958,3.093,2.543
2.13,1.967,0.161,-0.186,2.314,-0.18,-0.229,0.531,-0.29,2.167,0.236,2.175,2.682,3.803,2.958,2.311
1.91,1.826,0.085,-0.212,2.123,0.161,-0.18,-0.229,0.531,1.793,0.125,2.127,2.175,2.682,3.803,2.117
1.72,1.853,-0.135,-0.271,1.989,0.085,0.161,-0.18,-0.229,1.783,-0.13,1.911,2.127,2.175,2.682,1.986
1.95,1.963,-0.009,0.053,1.901,-0.135,0.085,0.161,-0.18,1.946,-0.019,1.718,1.911,2.127,2.175,1.917
2.1,2.08,0.024,0.263,1.842,-0.009,-0.135,0.085,0.161,2.083,0.123,1.954,1.718,1.911,2.127,1.839
2.17,2.083,0.091,0.38,1.794,0.024,-0.009,-0.135,0.085,2.109,0.107,2.104,1.954,1.718,1.911,1.797
1.79,1.866,-0.08,0.043,1.743,0.091,0.024,-0.009,-0.135,1.974,-0.112,2.174,2.104,1.954,1.718,1.739
1.51,1.599,-0.087,-0.174,1.686,-0.08,0.091,0.024,-0.009,1.543,-0.03,1.786,2.174,2.104,1.954,1.68
1.6,1.448,0.151,-0.025,1.625,-0.087,-0.08,0.091,0.024,1.533,0.188,1.512,1.786,2.174,2.104,1.629
1.38,1.401,-0.017,-0.175,1.559,0.151,-0.087,-0.08,0.091,1.4,-0.02,1.6,1.512,1.786,2.174,1.56
1.28,1.446,-0.164,-0.213,1.495,-0.017,0.151,-0.087,-0.08,1.36,-0.095,1.384,1.6,1.512,1.786,1.494
1.77,1.59,0.178,0.311,1.457,-0.164,-0.017,0.151,-0.087,1.569,0.177,1.282,1.384,1.6,1.512,1.437
1.63,1.658,-0.027,0.159,1.472,0.178,-0.164,-0.017,0.151,1.762,-0.015,1.768,1.282,1.384,1.6,1.462
1.43,1.579,-0.146,-0.122,1.556,-0.027,0.178,-0.164,-0.017,1.502,-0.066,1.631,1.768,1.282,1.384,1.549
1.67,1.491,0.178,-0.022,1.692,-0.146,-0.027,0.178,-0.164,1.507,0.162,1.434,1.631,1.768,1.282,1.705
1.55,1.623,-0.077,-0.312,1.857,0.178,-0.146,-0.027,0.178,1.522,-0.043,1.669,1.434,1.631,1.768,1.851
1.98,2.072,-0.09,-0.049,2.031,-0.077,0.178,-0.146,-0.027,1.935,-0.003,1.545,1.669,1.434,1.631,2.029
2.63,2.491,0.143,0.443,2.191,-0.09,-0.077,0.178,-0.146,2.582,0.154,1.982,1.545,1.669,1.434,2.19
2.41,2.482,-0.068,0.091,2.323,0.143,-0.09,-0.077,0.178,2.524,-0.03,2.634,1.982,1.545,1.669,2.32
2.15,2.193,-0.041,-0.284,2.437,-0.068,0.143,-0.09,-0.077,2.136,0.001,2.414,2.634,1.982,1.545,2.421
2.12,2.057,0.063,-0.427,2.547,-0.041,-0.068,0.143,-0.09,2.088,0.08,2.153,2.414,2.634,1.982,2.548
2.24,2.308,-0.069,-0.425,2.665,0.063,-0.041,-0.068,0.143,2.197,0.013,2.12,2.153,2.414,2.634,2.661
2.8,2.797,0.004,0.011,2.79,-0.069,0.063,-0.041,-0.068,2.704,0.083,2.239,2.12,2.153,2.414,2.796
3.2,3.1,0.102,0.309,2.893,0.004,-0.069,0.063,-0.041,3.173,0.076,2.801,2.239,2.12,2.153,2.911
2.88,3.035,-0.16,-0.064,2.939,0.102,0.004,-0.069,0.063,3.019,-0.097,3.202,2.801,2.239,2.12,2.946
2.85,2.822,0.032,-0.048,2.903,-0.16,0.102,0.004,-0.069,2.834,0.115,2.876,3.202,2.801,2.239,2.913
2.86,2.699,0.164,0.062,2.801,0.032,-0.16,0.102,0.004,2.764,0.131,2.855,2.876,3.202,2.801,2.781
2.5,2.741,-0.241,-0.17,2.669,0.164,0.032,-0.16,0.102,2.679,-0.162,2.863,2.855,2.876,3.202,2.671
2.93,2.841,0.087,0.353,2.575,-0.241,0.164,0.032,-0.16,2.851,0.137,2.499,2.863,2.855,2.876,2.542
2.83,2.719,0.106,0.251,2.574,0.087,-0.241,0.164,0.032,2.881,0.11,2.928,2.499,2.863,2.855,2.578
2.27,2.429,-0.158,-0.37,2.641,0.106,0.087,-0.241,0.164,2.332,-0.1,2.826,2.928,2.499,2.863,2.682
2.45,2.392,0.054,-0.282,2.729,-0.158,0.106,0.087,-0.241,2.293,0.074,2.271,2.826,2.928,2.499,2.721
2.88,2.771,0.107,0.082,2.796,0.054,-0.158,0.106,0.087,2.753,0.064,2.446,2.271,2.826,2.928,2.804
2.96,3.222,-0.264,0.137,2.82,0.107,0.054,-0.158,0.106,3.186,-0.112,2.878,2.446,2.271,2.826,2.807
3.57,3.232,0.336,0.787,2.782,-0.264,0.107,0.054,-0.158,3.353,0.246,2.957,2.878,2.446,2.271,2.799
2.45,2.605,-0.155,-0.221,2.671,0.336,-0.264,0.107,0.054,2.827,-0.188,3.569,2.957,2.878,2.446,2.68
1.79,1.899,-0.107,-0.728,2.519,-0.155,0.336,-0.264,0.107,1.794,-0.067,2.45,3.569,2.957,2.878,2.503
1.93,1.654,0.276,-0.435,2.365,-0.107,-0.155,0.336,-0.264,1.757,0.187,1.791,2.45,3.569,2.957,2.368
1.66,1.837,-0.176,-0.581,2.242,0.276,-0.107,-0.155,0.336,1.787,-0.183,1.93,1.791,2.45,3.569,2.236
2.15,2.164,-0.016,-0.003,2.151,-0.176,0.276,-0.107,-0.155,2.015,-0.011,1.661,1.93,1.791,2.45,2.167
2.62,2.394,0.231,0.536,2.089,-0.016,-0.176,0.276,-0.107,2.415,0.092,2.148,1.661,1.93,1.791,2.08
2.29,2.485,-0.196,0.237,2.052,0.231,-0.016,-0.176,0.276,2.467,-0.222,2.625,2.148,1.661,1.93,2.056
2.67,2.581,0.09,0.638,2.033,-0.196,0.231,-0.016,-0.176,2.492,0.01,2.289,2.625,2.148,1.661,2.032
2.72,2.676,0.047,0.694,2.029,0.09,-0.196,0.231,-0.016,2.774,-0.021,2.671,2.289,2.625,2.148,2.028
2.81,2.753,0.06,0.777,2.036,0.047,0.09,-0.196,0.231,2.661,-0.079,2.724,2.671,2.289,2.625,2.035
2.68,2.767,-0.088,0.631,2.048,0.06,0.047,0.09,-0.196,2.826,-0.184,2.813,2.724,2.671,2.289,2.046
2.55,2.572,-0.018,0.489,2.065,-0.088,0.06,0.047,0.09,2.717,-0.02,2.68,2.813,2.724,2.671,2.066
2.33,2.1,0.23,0.247,2.084,-0.018,-0.088,0.06,0.047,2.201,0.118,2.554,2.68,2.813,2.724,2.081
1.55,1.679,-0.13,-0.556,2.104,0.23,-0.018,-0.088,0.06,1.59,-0.24,2.33,2.554,2.68,2.813,2.103
1.57,1.684,-0.117,-0.558,2.125,-0.13,0.23,-0.018,-0.088,1.667,-0.117,1.549,2.33,2.554,2.68,2.124
2.11,1.911,0.197,-0.037,2.145,-0.117,-0.13,0.23,-0.018,1.995,0.192,1.567,1.549,2.33,2.554,2.146
1.79,1.89,-0.1,-0.372,2.162,0.197,-0.117,-0.13,0.23,1.905,-0.033,2.108,1.567,1.549,2.33,2.162
1.78,1.663,0.121,-0.392,2.176,-0.1,0.197,-0.117,-0.13,1.575,0.004,1.79,2.108,1.567,1.549,2.176
1.45,1.665,-0.213,-0.727,2.18,0.121,-0.1,0.197,-0.117,1.622,-0.164,1.784,1.79,2.108,1.567,2.185
2.14,2.08,0.061,-0.026,2.167,-0.213,0.121,-0.1,0.197,1.989,0.189,1.452,1.784,1.79,2.108,2.17
2.6,2.412,0.185,0.464,2.132,0.061,-0.213,0.121,-0.1,2.551,0.187,2.141,1.452,1.784,1.79,2.137
2.09,2.292,-0.199,0.026,2.066,0.185,0.061,-0.213,0.121,2.241,-0.193,2.596,2.141,1.452,1.784,2.071
1.93,1.978,-0.05,-0.036,1.964,-0.199,0.185,0.061,-0.213,1.985,0.026,2.092,2.596,2.141,1.452,1.971
1.9,1.721,0.175,0.072,1.824,-0.05,-0.199,0.185,0.061,1.904,0.224,1.928,2.092,2.596,2.141,1.83
1.39,1.506,-0.12,-0.26,1.646,0.175,-0.05,-0.199,0.185,1.513,-0.027,1.896,1.928,2.092,2.596,1.654
1.38,1.345,0.039,-0.052,1.435,-0.12,0.175,-0.05,-0.199,1.288,0.024,1.386,1.896,1.928,2.092,1.437
1.21,1.263,-0.055,-0.014,1.222,0.039,-0.12,0.175,-0.05,1.342,-0.003,1.384,1.386,1.896,1.928,1.206
1.21,1.224,-0.012,0.168,1.045,-0.055,0.039,-0.12,0.175,1.216,0.106,1.208,1.384,1.386,1.896,1.042
1.22,1.105,0.111,0.294,0.922,-0.012,-0.055,0.039,-0.12,1.165,0.127,1.213,1.208,1.384,1.386,0.923
0.86,0.879,-0.021,0.0,0.859,0.111,-0.012,-0.055,0.039,0.914,-0.091,1.217,1.213,1.208,1.384,0.862
0.53,0.683,-0.154,-0.323,0.852,-0.021,0.111,-0.012,-0.055,0.68,-0.105,0.858,1.217,1.213,1.208,0.844
0.72,0.669,0.055,-0.178,0.902,-0.154,-0.021,0.111,-0.012,0.63,0.185,0.529,0.858,1.217,1.213,0.892
1.21,0.867,0.342,0.207,1.001,0.055,-0.154,-0.021,0.111,0.81,0.176,0.725,0.529,0.858,1.217,0.997
0.68,1.215,-0.534,-0.433,1.114,0.342,0.055,-0.154,-0.021,1.1,-0.444,1.209,0.725,0.529,0.858,1.132
1.8,1.594,0.209,0.606,1.197,-0.534,0.342,0.055,-0.154,1.546,0.271,0.681,1.209,0.725,0.529,1.204
1.81,1.544,0.261,0.599,1.206,0.209,-0.534,0.342,0.055,1.849,0.222,1.803,0.681,1.209,0.725,1.221
0.77,1.066,-0.294,-0.349,1.122,0.261,0.209,-0.534,0.342,0.937,-0.303,1.805,1.803,0.681,1.209,1.121
0.68,0.703,-0.025,-0.297,0.974,-0.294,0.261,0.209,-0.534,0.725,-0.005,0.773,1.805,1.803,0.681,0.948
0.85,0.68,0.17,0.043,0.808,-0.025,-0.294,0.261,0.209,0.8,0.22,0.678,0.773,1.805,1.803,0.812
0.78,0.79,-0.011,0.114,0.665,0.17,-0.025,-0.294,0.261,0.713,0.01,0.851,0.678,0.773,1.805,0.656
0.66,0.785,-0.123,0.072,0.589,-0.011,0.17,-0.025,-0.294,0.786,-0.132,0.779,0.851,0.678,0.773,0.582
0.66,0.665,-0.003,0.05,0.612,-0.123,-0.011,0.17,-0.025,0.709,0.066,0.662,0.779,0.851,0.678,0.605
0.74,0.559,0.178,0.028,0.709,-0.003,-0.123,-0.011,0.17,0.555,0.188,0.662,0.662,0.779,0.851,0.732
0.37,0.553,-0.182,-0.469,0.839,0.178,-0.003,-0.123,-0.011,0.53,-0.126,0.737,0.662,0.662,0.779,0.829
0.67,0.603,0.062,-0.299,0.965,-0.182,0.178,-0.003,-0.123,0.63,0.047,0.37,0.737,0.662,0.662,0.971
0.46,0.601,-0.14,-0.593,1.054,0.062,-0.182,0.178,-0.003,0.609,0.048,0.666,0.37,0.737,0.662,1.053
0.94,0.725,0.218,-0.162,1.106,-0.14,0.062,-0.182,0.178,0.523,0.261,0.461,0.666,0.37,0.737,1.092
0.96,1.119,-0.155,-0.164,1.127,0.218,-0.14,0.062,-0.182,1.101,-0.094,0.944,0.461,0.666,0.37,1.136
1.55,1.701,-0.148,0.426,1.126,-0.155,0.218,-0.14,0.062,1.547,0.019,0.964,0.944,0.461,0.666,1.122
2.18,1.985,0.192,1.065,1.112,-0.148,-0.155,0.218,-0.14,2.167,0.332,1.553,0.964,0.944,0.461,1.115
1.63,1.622,0.007,0.538,1.092,0.192,-0.148,-0.155,0.218,1.728,0.056,2.177,1.553,0.964,0.944,1.089
0.81,0.992,-0.179,-0.265,1.079,0.007,0.192,-0.148,-0.155,0.974,-0.115,1.629,2.177,1.553,0.964,1.072
0.57,0.677,-0.107,-0.518,1.088,-0.179,0.007,0.192,-0.148,0.735,0.137,0.814,1.629,2.177,1.553,1.082
0.97,0.701,0.27,-0.16,1.131,-0.107,-0.179,0.007,0.192,0.778,0.416,0.569,0.814,1.629,2.177,1.126
0.52,0.677,-0.156,-0.702,1.224,0.27,-0.107,-0.179,0.007,0.676,-0.046,0.971,0.569,0.814,1.629,1.216
0.34,0.513,-0.175,-1.039,1.377,-0.156,0.27,-0.107,-0.179,0.46,-0.026,0.521,0.971,0.569,0.814,1.365
0.53,0.401,0.131,-1.062,1.595,-0.175,-0.156,0.27,-0.107,0.442,0.311,0.338,0.521,0.971,0.569,1.591
0.55,0.557,-0.005,-1.296,1.848,0.131,-0.175,-0.156,0.27,0.426,0.179,0.533,0.338,0.521,0.971,1.858
1.14,1.221,-0.082,-0.963,2.102,-0.005,0.131,-0.175,-0.156,0.89,0.031,0.552,0.533,0.338,0.521,2.099
2.34,2.397,-0.053,0.023,2.322,-0.082,-0.005,0.131,-0.175,2.162,0.076,1.139,0.552,0.533,0.338,2.328
3.65,3.595,0.051,1.175,2.471,-0.053,-0.082,-0.005,0.131,3.51,0.202,2.344,1.139,0.552,0.533,2.48
4.02,3.991,0.026,1.501,2.516,0.051,-0.053,-0.082,-0.005,4.189,0.111,3.646,2.344,1.139,0.552,2.534
3.28,3.326,-0.047,0.851,2.428,0.026,0.051,-0.053,-0.082,3.495,-0.028,4.017,3.646,2.344,1.139,2.445
2.31,2.292,0.014,0.087,2.218,-0.047,0.026,0.051,-0.053,2.387,0.014,3.279,4.017,3.646,2.344,2.212
1.73,1.693,0.033,-0.199,1.925,0.014,-0.047,0.026,0.051,1.79,0.034,2.306,3.279,4.017,3.646,1.927
1.4,1.53,-0.134,-0.196,1.592,0.033,0.014,-0.047,0.026,1.662,-0.017,1.726,2.306,3.279,4.017,1.598
1.41,1.268,0.146,0.149,1.265,-0.134,0.033,0.014,-0.047,1.348,0.173,1.396,1.726,2.306,3.279,1.266
0.81,0.765,0.044,-0.178,0.986,0.146,-0.134,0.033,0.014,0.762,-0.022,1.414,1.396,1.726,2.306,0.98
0.29,0.457,-0.166,-0.504,0.795,0.044,0.146,-0.134,0.033,0.399,-0.167,0.809,1.414,1.396,1.726,0.787
0.64,0.593,0.045,-0.061,0.699,-0.166,0.044,0.146,-0.134,0.6,0.099,0.291,0.809,1.414,1.396,0.705
0.98,0.816,0.168,0.285,0.699,0.045,-0.166,0.044,0.146,0.869,0.136,0.638,0.291,0.809,1.414,0.686
0.66,0.827,-0.169,-0.118,0.775,0.168,0.045,-0.166,0.044,0.734,-0.165,0.984,0.638,0.291,0.809,0.779
0.87,0.797,0.068,0.022,0.844,-0.169,0.168,0.045,-0.166,0.744,0.008,0.657,0.984,0.638,0.291,0.893
0.81,0.873,-0.064,-0.024,0.833,0.068,-0.169,0.168,0.045,0.956,0.011,0.865,0.657,0.984,0.638,0.829
1.03,0.918,0.116,0.257,0.777,-0.064,0.068,-0.169,0.168,0.927,0.123,0.809,0.865,0.657,0.984,0.716
0.64,0.695,-0.054,-0.093,0.734,0.116,-0.064,0.068,-0.169,0.81,-0.072,1.034,0.809,0.865,0.657,0.73
0.31,0.449,-0.135,-0.429,0.744,-0.054,0.116,-0.064,0.068,0.305,-0.048,0.642,1.034,0.809,0.865,0.741
0.87,0.651,0.222,0.049,0.824,-0.135,-0.054,0.116,-0.064,0.536,0.221,0.315,0.642,1.034,0.809,0.83
0.97,1.241,-0.267,0.03,0.944,0.222,-0.135,-0.054,0.116,1.224,-0.084,0.873,0.315,0.642,1.034,0.975
1.89,1.671,0.216,0.829,1.059,-0.267,0.222,-0.135,-0.054,1.669,0.216,0.975,0.873,0.315,0.642,1.051
1.26,1.436,-0.18,0.123,1.133,0.216,-0.267,0.222,-0.135,1.627,-0.055,1.887,0.975,0.873,0.315,1.137
0.96,0.866,0.091,-0.217,1.174,-0.18,0.216,-0.267,0.222,0.778,0.139,1.256,1.887,0.975,0.873,1.143
0.49,0.553,-0.068,-0.712,1.197,0.091,-0.18,0.216,-0.267,0.658,0.043,0.957,1.256,1.887,0.975,1.201
0.6,0.673,-0.072,-0.618,1.219,-0.068,0.091,-0.18,0.216,0.609,0.088,0.485,0.957,1.256,1.887,1.224
0.96,0.87,0.094,-0.293,1.256,-0.072,-0.068,0.091,-0.18,0.918,0.207,0.601,0.485,0.957,1.256,1.26
0.81,0.862,-0.056,-0.519,1.325,0.094,-0.072,-0.068,0.091,0.804,0.033,0.963,0.601,0.485,0.957,1.312
0.74,0.825,-0.084,-0.695,1.436,-0.056,0.094,-0.072,-0.068,0.766,0.043,0.806,0.963,0.601,0.485,1.422
1.08,1.101,-0.017,-0.494,1.578,-0.084,-0.056,0.094,-0.072,0.961,0.171,0.741,0.806,0.963,0.601,1.586
1.89,1.792,0.098,0.156,1.734,-0.017,-0.084,-0.056,0.094,1.622,0.213,1.084,0.741,0.806,0.963,1.728
2.49,2.512,-0.021,0.602,1.888,0.098,-0.017,-0.084,-0.056,2.5,-0.003,1.89,1.084,0.741,0.806,1.896
2.48,2.727,-0.251,0.454,2.022,-0.021,0.098,-0.017,-0.084,2.809,-0.067,2.49,1.89,1.084,0.741,2.024
2.53,2.325,0.207,0.405,2.128,-0.251,-0.021,0.098,-0.017,2.428,0.352,2.476,2.49,1.89,1.084,2.126
1.89,1.744,0.146,-0.338,2.228,0.207,-0.251,-0.021,0.098,1.796,0.105,2.533,2.476,2.49,1.89,2.201
1.42,1.747,-0.327,-0.932,2.351,0.146,0.207,-0.251,-0.021,1.489,-0.295,1.89,2.533,2.476,2.49,2.344
2.39,2.461,-0.071,-0.123,2.513,-0.327,0.146,0.207,-0.251,2.427,0.154,1.42,1.89,2.533,2.476,2.514
3.58,3.039,0.538,0.886,2.691,-0.071,-0.327,0.146,0.207,3.172,0.464,2.39,1.42,1.89,2.533,2.715
2.37,2.887,-0.522,-0.484,2.849,0.538,-0.071,-0.327,0.146,2.835,-0.417,3.578,2.39,1.42,1.89,2.856
2.72,2.607,0.111,-0.203,2.922,-0.522,0.538,-0.071,-0.327,2.402,0.106,2.365,3.578,2.39,1.42,2.956
2.99,2.742,0.249,0.133,2.858,0.111,-0.522,0.538,-0.071,2.947,0.196,2.718,2.365,3.578,2.39,2.862
2.71,3.018,-0.309,0.009,2.7,0.249,0.111,-0.522,0.538,2.992,-0.23,2.991,2.718,2.365,3.578,2.652
2.9,2.838,0.065,0.368,2.535,-0.309,0.249,0.111,-0.522,2.976,0.133,2.709,2.991,2.718,2.365,2.524
2.55,2.227,0.325,0.128,2.424,0.065,-0.309,0.249,0.111,2.265,0.147,2.903,2.709,2.991,2.718,2.433
1.63,2.054,-0.42,-0.789,2.422,0.325,0.065,-0.309,0.249,1.78,-0.361,2.552,2.903,2.709,2.991,2.407
2.87,2.773,0.094,0.303,2.564,-0.42,0.325,0.065,-0.309,2.675,0.161,1.634,2.552,2.903,2.709,2.554
3.76,3.542,0.221,0.951,2.812,0.094,-0.42,0.325,0.065,3.735,0.226,2.867,1.634,2.552,2.903,2.836
3.56,3.64,-0.083,0.449,3.108,0.221,0.094,-0.42,0.325,3.427,-0.159,3.763,2.867,1.634,2.552,3.094
3.25,3.403,-0.149,-0.15,3.404,-0.083,0.221,0.094,-0.42,3.384,-0.185,3.557,3.763,2.867,1.634,3.407
3.49,3.416,0.073,-0.188,3.677,-0.149,-0.083,0.221,0.094,3.491,0.138,3.254,3.557,3.763,2.867,3.657
3.74,3.605,0.135,-0.169,3.91,0.073,-0.149,-0.083,0.221,3.65,0.17,3.489,3.254,3.557,3.763,3.922
3.56,3.636,-0.073,-0.528,4.091,0.135,0.073,-0.149,-0.083,3.577,-0.136,3.74,3.489,3.254,3.557,4.099
3.5,3.586,-0.088,-0.728,4.226,-0.073,0.135,0.073,-0.149,3.529,-0.12,3.563,3.74,3.489,3.254,4.216
3.84,3.796,0.04,-0.479,4.315,-0.088,-0.073,0.135,0.073,3.686,0.119,3.498,3.563,3.74,3.489,4.324
4.42,4.297,0.127,0.066,4.358,0.04,-0.088,-0.073,0.135,4.24,0.135,3.836,3.498,3.563,3.74,4.361
4.62,4.733,-0.112,0.267,4.354,0.127,0.04,-0.088,-0.073,4.717,-0.134,4.424,3.836,3.498,3.563,4.364
4.92,4.896,0.022,0.617,4.301,-0.112,0.127,0.04,-0.088,4.832,-0.031,4.621,4.424,3.836,3.498,4.307
4.85,4.818,0.034,0.651,4.201,0.022,-0.112,0.127,0.04,4.914,0.031,4.918,4.621,4.424,3.836,4.213
4.5,4.524,-0.024,0.44,4.06,0.034,0.022,-0.112,0.127,4.669,0.003,4.852,4.918,4.621,4.424,4.066
4.21,4.114,0.094,0.311,3.897,-0.024,0.034,0.022,-0.112,4.137,0.012,4.5,4.852,4.918,4.621,3.895
3.66,3.75,-0.093,-0.077,3.733,0.094,-0.024,0.034,0.022,3.822,-0.129,4.209,4.5,4.852,4.918,3.734
3.52,3.521,0.001,-0.067,3.59,-0.093,0.094,-0.024,0.034,3.564,0.021,3.656,4.209,4.5,4.852,3.587
3.47,3.328,0.14,-0.021,3.488,0.001,-0.093,0.094,-0.024,3.403,0.086,3.522,3.656,4.209,4.5,3.486
2.95,3.141,-0.191,-0.5,3.449,0.14,0.001,-0.093,0.094,3.095,-0.135,3.467,3.522,3.656,4.209,3.438
3.39,3.183,0.204,-0.102,3.488,-0.191,0.14,0.001,-0.093,3.062,0.112,2.95,3.467,3.522,3.656,3.48
3.34,3.506,-0.168,-0.258,3.596,0.204,-0.191,0.14,0.001,3.499,-0.12,3.386,2.95,3.467,3.522,3.602
3.97,3.941,0.025,0.211,3.756,-0.168,0.204,-0.191,0.14,3.817,0.091,3.338,3.386,2.95,3.467,3.746
4.38,4.165,0.219,0.433,3.95,0.025,-0.168,0.204,-0.191,4.242,0.113,3.967,3.338,3.386,2.95,3.949
3.82,4.154,-0.336,-0.334,4.152,0.219,0.025,-0.168,0.204,4.073,-0.257,4.384,3.967,3.338,3.386,4.156
4.46,4.21,0.25,0.131,4.329,-0.336,0.219,0.025,-0.168,4.148,0.203,3.818,4.384,3.967,3.338,4.336
4.32,4.382,-0.063,-0.151,4.469,0.25,-0.336,0.219,0.025,4.466,-0.039,4.46,3.818,4.384,3.967,4.461
4.52,4.595,-0.076,-0.07,4.59,-0.063,0.25,-0.336,0.219,4.452,-0.029,4.319,4.46,3.818,4.384,4.572
4.85,4.734,0.112,0.133,4.713,-0.076,-0.063,0.25,-0.336,4.782,0.094,4.52,4.319,4.46,3.818,4.713
4.7,4.788,-0.084,-0.143,4.848,0.112,-0.076,-0.063,0.25,4.756,-0.043,4.846,4.52,4.319,4.46,4.851
4.89,4.871,0.021,-0.109,5.001,-0.084,0.112,-0.076,-0.063,4.82,0.058,4.704,4.846,4.52,4.319,4.997
5.04,5.028,0.008,-0.139,5.176,0.021,-0.084,0.112,-0.076,5.015,0.036,4.892,4.704,4.846,4.52,5.171
5.28,5.275,0.002,-0.088,5.365,0.008,0.021,-0.084,0.112,5.184,0.02,5.036,4.892,4.704,4.846,5.368
5.59,5.621,-0.03,0.033,5.559,0.002,0.008,0.021,-0.084,5.521,0.006,5.277,5.036,4.892,4.704,5.556
6.03,6.03,-0.003,0.28,5.747,-0.03,0.002,0.008,0.021,5.966,0.046,5.591,5.277,5.036,4.892,5.747
6.4,6.34,0.059,0.48,5.92,-0.003,-0.03,0.002,0.008,6.349,0.067,6.027,5.591,5.277,5.036,5.92
6.35,6.407,-0.057,0.275,6.075,0.059,-0.003,-0.03,0.002,6.422,-0.04,6.399,6.027,5.591,5.277,6.073
6.26,6.258,-0.003,0.027,6.228,-0.057,0.059,-0.003,-0.03,6.304,0.02,6.35,6.399,6.027,5.591,6.216
6.07,6.046,0.028,-0.322,6.395,-0.003,-0.057,0.059,-0.003,6.092,0.059,6.255,6.35,6.399,6.027,6.39
6.02,6.034,-0.009,-0.568,6.592,0.028,-0.003,-0.057,0.059,5.917,0.019,6.074,6.255,6.35,6.399,6.582
6.31,6.355,-0.046,-0.522,6.831,-0.009,0.028,-0.003,-0.057,6.276,0.008,6.024,6.074,6.255,6.35,6.825
6.94,6.901,0.04,-0.183,7.125,-0.046,-0.009,0.028,-0.003,6.78,0.079,6.309,6.024,6.074,6.255,7.113
7.42,7.466,-0.045,-0.055,7.477,0.04,-0.046,-0.009,0.028,7.348,0.033,6.942,6.309,6.024,6.074,7.468
8.04,7.959,0.079,0.155,7.883,-0.045,0.04,-0.046,-0.009,7.844,0.07,7.422,6.942,6.309,6.024,7.876
8.35,8.466,-0.114,0.015,8.337,0.079,-0.045,0.04,-0.046,8.332,-0.057,8.038,7.422,6.942,6.309,8.324
9.14,9.08,0.062,0.311,8.831,-0.114,0.079,-0.045,0.04,8.944,0.097,8.351,8.038,7.422,6.942,8.82
9.69,9.67,0.023,0.333,9.36,0.062,-0.114,0.079,-0.045,9.643,0.046,9.142,8.351,8.038,7.422,9.349
10.02,10.083,-0.066,0.103,9.914,0.023,0.062,-0.114,0.079,9.989,-0.03,9.693,9.142,8.351,8.038,9.907
10.41,10.392,0.015,-0.069,10.477,-0.066,0.023,0.062,-0.114,10.297,0.056,10.018,9.693,9.142,8.351,10.476
10.87,10.781,0.09,-0.147,11.018,0.015,-0.066,0.023,0.062,10.693,0.062,10.407,10.018,9.693,9.142,11.021
11.16,11.306,-0.148,-0.356,11.514,0.09,0.015,-0.066,0.023,11.207,-0.087,10.871,10.407,10.018,9.693,11.512
11.89,11.844,0.05,-0.051,11.945,-0.148,0.09,0.015,-0.066,11.751,0.104,11.158,10.871,10.407,10.018,11.949
12.38,12.242,0.139,0.089,12.293,0.05,-0.148,0.09,0.015,12.207,0.093,11.894,11.158,10.871,10.407,12.302
12.32,12.521,-0.204,-0.221,12.538,0.139,0.05,-0.148,0.09,12.428,-0.16,12.381,11.894,11.158,10.871,12.553
12.87,12.759,0.115,0.211,12.663,-0.204,0.139,0.05,-0.148,12.755,0.1,12.317,12.381,11.894,11.158,12.684
12.75,12.779,-0.027,0.104,12.649,0.115,-0.204,0.139,0.05,12.939,0.024,12.874,12.317,12.381,11.894,12.673
12.58,12.48,0.099,0.09,12.489,-0.027,0.115,-0.204,0.139,12.498,0.031,12.753,12.874,12.317,12.381,12.507
11.9,12.053,-0.15,-0.324,12.227,0.099,-0.027,0.115,-0.204,12.119,-0.144,12.58,12.753,12.874,12.317,12.212
11.88,11.784,0.093,-0.041,11.918,-0.15,0.099,-0.027,0.115,11.815,0.079,11.903,12.58,12.753,12.874,11.93
11.65,11.654,0.0,0.037,11.6,0.093,-0.15,0.099,-0.027,11.746,0.033,11.876,11.903,12.58,12.753,11.614
11.59,11.554,0.034,0.213,11.374,0.0,0.093,-0.15,0.099,11.489,-0.015,11.654,11.876,11.903,12.58,11.314
11.45,11.493,-0.042,0.243,11.209,0.034,0.0,0.093,-0.15,11.498,-0.08,11.587,11.654,11.876,11.903,11.329
11.58,11.516,0.063,0.449,11.13,-0.042,0.034,0.0,0.093,11.51,0.0,11.452,11.587,11.654,11.876,11.017
11.39,11.51,-0.119,0.246,11.144,0.063,-0.042,0.034,0.0,11.576,-0.043,11.579,11.452,11.587,11.654,11.203
11.59,11.376,0.212,0.36,11.228,-0.119,0.063,-0.042,0.034,11.376,0.132,11.39,11.579,11.452,11.587,11.203
11.15,11.222,-0.071,-0.2,11.352,0.212,-0.119,0.063,-0.042,11.217,-0.162,11.588,11.39,11.579,11.452,11.362
11.12,11.243,-0.121,-0.365,11.487,-0.071,0.212,-0.119,0.063,11.191,-0.123,11.152,11.588,11.39,11.579,11.497
11.38,11.297,0.082,-0.223,11.603,-0.121,-0.071,0.212,-0.119,11.43,0.149,11.121,11.152,11.588,11.39,11.602
11.41,11.211,0.194,-0.269,11.675,0.082,-0.121,-0.071,0.212,11.151,0.098,11.38,11.121,11.152,11.588,11.689
11.04,11.271,-0.233,-0.654,11.692,0.194,0.082,-0.121,-0.071,11.071,-0.277,11.405,11.38,11.121,11.152,11.685
11.78,11.796,-0.015,0.133,11.648,-0.233,0.194,0.082,-0.121,11.691,0.012,11.038,11.405,11.38,11.121,11.668
12.53,12.342,0.187,0.991,11.537,-0.015,-0.233,0.194,0.082,12.505,0.209,11.781,11.038,11.405,11.38,11.54
12.12,12.189,-0.07,0.76,11.358,0.187,-0.015,-0.233,0.194,12.297,-0.073,12.529,11.781,11.038,11.405,11.382
11.4,11.388,0.01,0.261,11.136,-0.07,0.187,-0.015,-0.233,11.47,-0.096,12.118,12.529,11.781,11.038,11.124
10.6,10.648,-0.046,-0.313,10.914,0.01,-0.07,0.187,-0.015,10.744,-0.062,11.398,12.118,12.529,11.781,10.906
10.43,10.403,0.026,-0.31,10.739,-0.046,0.01,-0.07,0.187,10.45,0.088,10.602,11.398,12.118,12.529,10.736
10.48,10.427,0.052,-0.177,10.655,0.026,-0.046,0.01,-0.07,10.45,0.068,10.428,10.602,11.398,12.118,10.637
10.46,10.458,0.002,-0.236,10.697,0.052,0.026,-0.046,0.01,10.353,-0.061,10.479,10.428,10.602,11.398,10.693
10.52,10.65,-0.132,-0.323,10.841,0.002,0.052,0.026,-0.046,10.491,-0.083,10.461,10.479,10.428,10.602,10.861
11.27,11.102,0.171,0.22,11.053,-0.132,0.002,0.052,0.026,11.075,0.16,10.518,10.461,10.479,10.428,11.041
11.34,11.484,-0.146,0.041,11.297,0.171,-0.132,0.002,0.052,11.526,-0.047,11.273,10.518,10.461,10.479,11.295
11.77,11.592,0.182,0.236,11.538,-0.146,0.171,-0.132,0.002,11.477,0.092,11.338,11.273,10.518,10.461,11.533
11.44,11.608,-0.171,-0.31,11.746,0.182,-0.146,0.171,-0.132,11.603,-0.152,11.774,11.338,11.273,10.518,11.751
11.88,11.849,0.035,-0.018,11.903,-0.171,0.182,-0.146,0.171,11.738,0.078,11.437,11.774,11.338,11.273,11.907
12.29,12.207,0.086,0.261,12.032,0.035,-0.171,0.182,-0.146,12.264,0.112,11.884,11.437,11.774,11.338,12.004
12.32,12.368,-0.045,0.153,12.17,0.086,0.035,-0.171,0.182,12.337,-0.058,12.293,11.884,11.437,11.774,12.169
12.31,12.313,-0.006,-0.012,12.319,-0.045,0.086,0.035,-0.171,12.29,-0.038,12.323,12.293,11.884,11.437,12.333
12.29,12.329,-0.038,-0.175,12.465,-0.006,-0.045,0.086,0.035,12.27,0.005,12.307,12.323,12.293,11.884,12.471
12.68,12.567,0.114,0.089,12.592,-0.038,-0.006,-0.045,0.086,12.549,0.107,12.29,12.307,12.323,12.293,12.596
12.72,12.811,-0.096,0.026,12.689,0.114,-0.038,-0.006,-0.045,12.829,-0.075,12.681,12.29,12.307,12.323,12.689
12.86,12.852,0.006,0.107,12.751,-0.096,0.114,-0.038,-0.006,12.831,0.019,12.715,12.681,12.29,12.307,12.754
12.82,12.728,0.087,0.019,12.797,0.006,-0.096,0.114,-0.038,12.762,0.067,12.858,12.715,12.681,12.29,12.783
12.61,12.669,-0.06,-0.238,12.846,0.087,0.006,-0.096,0.114,12.625,-0.066,12.815,12.858,12.715,12.681,12.848
12.79,12.821,-0.032,-0.129,12.917,-0.06,0.087,0.006,-0.096,12.776,-0.009,12.608,12.815,12.858,12.715,12.915
13.15,13.044,0.107,0.143,13.009,-0.032,-0.06,0.087,0.006,13.06,0.08,12.788,12.608,12.815,12.858,13.02
13.13,13.184,-0.051,0.017,13.115,0.107,-0.032,-0.06,0.087,13.119,-0.06,13.152,12.788,12.608,12.815,13.108
13.29,13.298,-0.007,0.058,13.233,-0.051,0.107,-0.032,-0.06,13.233,-0.029,13.132,13.152,12.788,12.608,13.228
13.49,13.474,0.014,0.132,13.356,-0.007,-0.051,0.107,-0.032,13.476,0.018,13.291,13.132,13.152,12.788,13.355
13.68,13.643,0.039,0.194,13.487,0.014,-0.007,-0.051,0.107,13.641,0.027,13.489,13.291,13.132,13.152,13.483
13.67,13.714,-0.047,0.033,13.634,0.039,0.014,-0.007,-0.051,13.687,-0.042,13.681,13.489,13.291,13.132,13.628
13.83,13.753,0.079,0.025,13.807,-0.047,0.039,0.014,-0.007,13.719,0.015,13.667,13.681,13.489,13.291,13.802
13.81,13.893,-0.086,-0.21,14.017,0.079,-0.047,0.039,0.014,13.847,-0.07,13.832,13.667,13.681,13.489,14.01
14.27,14.216,0.058,0.001,14.272,-0.086,0.079,-0.047,0.039,14.1,0.056,13.807,13.832,13.667,13.681,14.264
14.65,14.639,0.01,0.081,14.568,0.058,-0.086,0.079,-0.047,14.589,0.007,14.273,13.807,13.832,13.667,14.566
15.15,15.098,0.053,0.253,14.898,0.01,0.058,-0.086,0.079,14.945,-0.03,14.649,14.273,13.807,13.832,14.888
15.44,15.551,-0.114,0.183,15.254,0.053,0.01,0.058,-0.086,15.493,-0.111,15.151,14.649,14.273,13.807,15.249
16.01,15.889,0.124,0.386,15.627,-0.114,0.053,0.01,0.058,15.888,0.081,15.437,15.151,14.649,14.273,15.623
15.97,15.942,0.025,-0.013,15.98,0.124,-0.114,0.053,0.01,16.013,-0.04,16.013,15.437,15.151,14.649,15.998
15.65,15.794,-0.143,-0.59,16.241,0.025,0.124,-0.114,0.053,15.753,-0.128,15.967,16.013,15.437,15.151,16.281
15.99,15.782,0.204,-0.357,16.344,-0.143,0.025,0.124,-0.114,15.72,0.111,15.651,15.967,16.013,15.437,16.357
15.96,16.014,-0.052,-0.297,16.259,0.204,-0.143,0.025,0.124,16.028,-0.123,15.986,15.651,15.967,16.013,16.274
16.05,16.136,-0.086,0.08,15.971,-0.052,0.204,-0.143,0.025,16.238,-0.104,15.962,15.986,15.651,15.967,16.002
15.89,15.781,0.109,0.407,15.484,-0.086,-0.052,0.204,-0.143,15.907,0.077,16.051,15.962,15.986,15.651,15.505
15.17,15.061,0.107,0.358,14.81,0.109,-0.086,-0.052,0.204,15.175,-0.019,15.891,16.051,15.962,15.986,14.854
14.34,14.468,-0.126,0.381,13.961,0.107,0.109,-0.086,-0.052,14.498,-0.227,15.168,15.891,16.051,15.962,13.998
13.95,13.961,-0.014,0.987,12.96,-0.126,0.107,0.109,-0.086,14.315,-0.047,14.342,15.168,15.891,16.051,12.989
12.96,12.84,0.123,1.079,11.884,-0.014,-0.126,0.107,0.109,13.315,0.109,13.947,14.342,15.168,15.891,11.868
11.11,10.899,0.209,0.261,10.847,0.123,-0.014,-0.126,0.107,11.198,-0.055,12.963,13.947,14.342,15.168,10.835
8.65,9.069,-0.414,-1.311,9.966,0.209,0.123,-0.014,-0.126,9.144,-0.459,11.108,12.963,13.947,14.342,9.946
8.71,8.511,0.199,-0.648,9.358,-0.414,0.209,0.123,-0.014,8.375,0.196,8.655,11.108,12.963,13.947,9.325
9.35,9.089,0.26,0.241,9.108,0.199,-0.414,0.209,0.123,9.1,0.151,8.71,8.655,11.108,12.963,9.084
9.34,9.789,-0.449,0.177,9.164,0.26,0.199,-0.414,0.209,9.613,-0.365,9.349,8.71,8.655,11.108,9.212
10.5,9.982,0.516,1.06,9.438,-0.449,0.26,0.199,-0.414,9.951,0.212,9.34,9.349,8.71,8.655,9.398
9.22,9.715,-0.494,-0.606,9.827,0.516,-0.449,0.26,0.199,9.853,-0.396,10.498,9.34,9.349,8.71,9.836
10.05,9.645,0.404,-0.119,10.167,-0.494,0.516,-0.449,0.26,9.389,0.287,9.221,10.498,9.34,9.349,10.213
9.8,9.923,-0.126,-0.551,10.348,0.404,-0.494,0.516,-0.449,10.095,-0.167,10.049,9.221,10.498,9.34,10.329
10.41,10.503,-0.091,0.037,10.375,-0.126,0.404,-0.494,0.516,10.118,-0.12,9.797,10.049,9.221,10.498,10.344
11.18,10.97,0.208,0.899,10.279,-0.091,-0.126,0.404,-0.494,11.179,0.115,10.413,9.797,10.049,9.221,10.293
10.58,10.728,-0.148,0.486,10.095,0.208,-0.091,-0.126,0.404,10.951,-0.163,11.179,10.413,9.797,10.049,10.1
9.99,9.798,0.192,0.129,9.861,-0.148,0.208,-0.091,-0.126,9.912,0.032,10.581,11.179,10.413,9.797,9.869
8.75,8.937,-0.184,-0.868,9.621,0.192,-0.148,0.208,-0.091,8.932,-0.215,9.99,10.581,11.179,10.413,9.615
9.24,8.95,0.295,-0.173,9.418,-0.184,0.192,-0.148,0.208,8.808,0.07,8.754,9.99,10.581,11.179,9.403
9.27,9.472,-0.205,-0.025,9.292,0.295,-0.184,0.192,-0.148,9.618,-0.281,9.245,8.754,9.99,10.581,9.283
9.47,9.64,-0.17,0.185,9.284,-0.205,0.295,-0.184,0.192,9.597,-0.028,9.268,9.245,8.754,9.99,9.264
10.11,9.232,0.875,0.696,9.411,-0.17,-0.205,0.295,-0.184,9.283,0.384,9.47,9.268,9.245,8.754,9.401
8.24,9.111,-0.874,-1.409,9.647,0.875,-0.17,-0.205,0.295,8.796,-0.97,10.107,9.47,9.268,9.245,9.661
10.51,10.248,0.263,0.555,9.956,-0.874,0.875,-0.17,-0.205,9.794,0.156,8.237,10.107,9.47,9.268,9.941
12.18,11.781,0.394,1.873,10.302,0.263,-0.874,0.875,-0.17,12.081,0.239,10.511,8.237,10.107,9.47,10.29
12.25,12.475,-0.223,1.602,10.65,0.394,0.263,-0.874,0.875,12.164,-0.344,12.175,10.511,8.237,10.107,10.64
12.29,12.293,0.002,1.325,10.969,-0.223,0.394,0.263,-0.874,12.32,-0.286,12.252,12.175,10.511,8.237,10.967
12.0,11.921,0.075,0.745,11.252,0.002,-0.223,0.394,0.263,12.118,-0.09,12.295,12.252,12.175,10.511,11.241
11.75,11.658,0.096,0.26,11.494,0.075,0.002,-0.223,0.394,11.785,0.001,11.996,12.295,12.252,12.175,11.498
11.33,11.314,0.017,-0.363,11.694,0.096,0.075,0.002,-0.223,11.37,-0.19,11.754,11.996,12.295,12.252,11.694
10.97,10.95,0.024,-0.876,11.849,0.017,0.096,0.075,0.002,10.93,-0.243,11.331,11.754,11.996,12.295,11.853
10.66,10.899,-0.239,-1.295,11.955,0.024,0.017,0.096,0.075,10.812,-0.165,10.973,11.331,11.754,11.996,11.958
11.7,11.257,0.441,-0.314,12.012,-0.239,0.024,0.017,0.096,11.188,0.306,10.66,10.973,11.331,11.754,12.014
11.34,11.654,-0.314,-0.693,12.033,0.441,-0.239,0.024,0.017,11.672,-0.298,11.699,10.66,10.973,11.331,12.032
12.25,12.009,0.243,0.223,12.029,-0.314,0.441,-0.239,0.024,11.718,0.007,11.339,11.699,10.66,10.973,12.033
12.07,12.378,-0.312,0.05,12.016,0.243,-0.314,0.441,-0.239,12.449,-0.206,12.252,11.339,11.699,10.66,12.015
13.01,12.688,0.32,1.0,12.007,-0.312,0.243,-0.314,0.441,12.65,0.279,12.066,12.252,11.339,11.699,12.005
12.65,12.667,-0.022,0.631,12.014,0.32,-0.312,0.243,-0.314,12.805,-0.108,13.007,12.066,12.252,11.339,12.012
12.17,12.427,-0.254,0.139,12.035,-0.022,0.32,-0.312,0.243,12.316,-0.241,12.645,13.007,12.066,12.252,12.039
12.46,12.219,0.239,0.391,12.067,-0.254,-0.022,0.32,-0.312,12.378,0.225,12.173,12.645,13.007,12.066,12.064
12.06,12.047,0.01,-0.049,12.106,0.239,-0.254,-0.022,0.32,12.098,-0.009,12.458,12.173,12.645,13.007,12.106
11.72,11.882,-0.161,-0.429,12.149,0.01,0.239,-0.254,-0.022,11.846,-0.133,12.057,12.458,12.173,12.645,12.148
11.87,11.774,0.097,-0.322,12.193,-0.161,0.01,0.239,-0.254,11.789,0.091,11.72,12.057,12.458,12.173,12.193
11.83,11.818,0.016,-0.398,12.232,0.097,-0.161,0.01,0.239,11.778,0.054,11.871,11.72,12.057,12.458,12.234
12.01,12.061,-0.05,-0.254,12.264,0.016,0.097,-0.161,0.01,11.949,-0.008,11.835,11.871,11.72,12.057,12.266
12.41,12.394,0.019,0.129,12.284,-0.05,0.016,0.097,-0.161,12.375,0.023,12.011,11.835,11.871,11.72,12.287
12.67,12.59,0.08,0.383,12.286,0.019,-0.05,0.016,0.097,12.613,0.027,12.413,12.011,11.835,11.871,12.289
12.28,12.435,-0.151,0.016,12.268,0.08,0.019,-0.05,0.016,12.548,-0.091,12.669,12.413,12.011,11.835,12.27
12.24,12.075,0.167,0.009,12.233,-0.151,0.08,0.019,-0.05,12.059,0.118,12.284,12.669,12.413,12.011,12.232
11.81,11.864,-0.057,-0.38,12.187,0.167,-0.151,0.08,0.019,11.876,-0.075,12.242,12.284,12.669,12.413,12.19
12.11,12.097,0.009,-0.028,12.134,-0.057,0.167,-0.151,0.08,11.926,-0.044,11.807,12.242,12.284,12.669,12.136
12.4,12.472,-0.067,0.329,12.075,0.009,-0.057,0.167,-0.151,12.606,-0.022,12.106,11.807,12.242,12.284,12.079
12.55,12.432,0.114,0.531,12.015,-0.067,0.009,-0.057,0.167,12.495,0.115,12.404,12.106,11.807,12.242,12.016
12.08,11.967,0.109,0.123,11.954,0.114,-0.067,0.009,-0.057,11.977,-0.038,12.546,12.404,12.106,11.807,11.954
11.37,11.669,-0.297,-0.527,11.899,0.109,0.114,-0.067,0.009,11.596,-0.276,12.076,12.546,12.404,12.106,11.896
12.12,11.893,0.224,0.26,11.857,-0.297,0.109,0.114,-0.067,11.883,0.206,11.371,12.076,12.546,12.404,11.856
12.27,12.201,0.064,0.432,11.833,0.224,-0.297,0.109,0.114,12.291,0.021,12.117,11.371,12.076,12.546,11.833
12.04,12.161,-0.118,0.223,11.82,0.064,0.224,-0.297,0.109,12.095,-0.188,12.265,12.117,11.371,12.076,11.828
11.94,11.869,0.069,0.126,11.812,-0.118,0.064,0.224,-0.297,11.925,-0.038,12.043,12.265,12.117,11.371,11.811
11.6,11.631,-0.036,-0.205,11.8,0.069,-0.118,0.064,0.224,11.694,-0.026,11.938,12.043,12.265,12.117,11.801
11.67,11.598,0.076,-0.091,11.765,-0.036,0.069,-0.118,0.064,11.557,0.058,11.595,11.938,12.043,12.265,11.78
11.73,11.67,0.057,0.032,11.695,0.076,-0.036,0.069,-0.118,11.679,-0.073,11.674,11.595,11.938,12.043,11.693
11.57,11.739,-0.171,-0.032,11.6,0.057,0.076,-0.036,0.069,11.703,-0.182,11.727,11.674,11.595,11.938,11.593
11.81,11.704,0.106,0.305,11.505,-0.171,0.057,0.076,-0.036,11.775,0.124,11.569,11.727,11.674,11.595,11.499
11.54,11.512,0.032,0.112,11.432,0.106,-0.171,0.057,0.076,11.563,0.058,11.81,11.569,11.727,11.674,11.43
11.44,11.405,0.035,0.047,11.394,0.032,0.106,-0.171,0.057,11.277,-0.052,11.544,11.81,11.569,11.727,11.397
11.48,11.644,-0.163,0.089,11.393,0.035,0.032,0.106,-0.171,11.577,-0.142,11.44,11.544,11.81,11.569,11.39
12.03,11.986,0.048,0.601,11.433,-0.163,0.035,0.032,0.106,12.079,0.149,11.481,11.44,11.544,11.81,11.423
12.01,11.837,0.169,0.488,11.519,0.048,-0.163,0.035,0.032,12.012,0.17,12.034,11.481,11.44,11.544,11.51
11.04,11.249,-0.207,-0.612,11.655,0.169,0.048,-0.163,0.035,11.178,-0.171,12.006,12.034,11.481,11.44,11.645
11.06,11.007,0.048,-0.792,11.847,-0.207,0.169,0.048,-0.163,10.888,0.061,11.043,12.006,12.034,11.481,11.836
11.45,11.49,-0.037,-0.645,12.098,0.048,-0.207,0.169,0.048,11.448,0.104,11.055,11.043,12.006,12.034,12.087
12.27,12.233,0.039,-0.141,12.412,-0.037,0.048,-0.207,0.169,12.136,0.152,11.453,11.055,11.043,12.006,12.4
12.59,12.61,-0.023,-0.202,12.788,0.039,-0.037,0.048,-0.207,12.574,0.034,12.272,11.453,11.055,11.043,12.776
12.73,12.728,-0.001,-0.484,13.211,-0.023,0.039,-0.037,0.048,12.559,0.012,12.586,12.272,11.453,11.055,13.205
12.98,13.121,-0.14,-0.668,13.649,-0.001,-0.023,0.039,-0.037,12.988,0.031,12.727,12.586,12.272,11.453,13.652
14.11,13.916,0.193,0.04,14.069,-0.14,-0.001,-0.023,0.039,13.799,0.249,12.981,12.727,12.586,12.272,14.068
14.6,14.71,-0.108,0.167,14.434,0.193,-0.14,-0.001,-0.023,14.62,-0.04,14.108,12.981,12.727,12.586,14.441
15.18,15.199,-0.017,0.472,14.711,-0.108,0.193,-0.14,-0.001,15.076,0.007,14.601,14.108,12.981,12.727,14.721
15.36,15.331,0.025,0.493,14.863,-0.017,-0.108,0.193,-0.14,15.435,0.075,15.183,14.601,14.108,12.981,14.882
15.16,15.178,-0.02,0.29,14.868,0.025,-0.017,-0.108,0.193,15.246,0.057,15.356,15.183,14.601,14.108,14.884
14.97,14.869,0.098,0.222,14.745,-0.02,0.025,-0.017,-0.108,14.938,0.058,15.158,15.356,15.183,14.601,14.734
14.41,14.527,-0.12,-0.119,14.526,0.098,-0.02,0.025,-0.017,14.609,-0.121,14.967,15.158,15.356,15.183,14.545
14.21,14.215,-0.003,-0.03,14.242,-0.12,0.098,-0.02,0.025,14.289,0.055,14.407,14.967,15.158,15.356,14.25
13.98,13.872,0.112,0.06,13.925,-0.003,-0.12,0.098,-0.02,13.975,0.132,14.212,14.407,14.967,15.158,13.936
13.49,13.498,-0.011,-0.119,13.605,0.112,-0.003,-0.12,0.098,13.53,-0.059,13.985,14.212,14.407,14.967,13.608
13.08,13.214,-0.135,-0.23,13.31,-0.011,0.112,-0.003,-0.12,13.23,-0.11,13.486,13.985,14.212,14.407,13.312
13.19,13.05,0.144,0.144,13.05,-0.135,-0.011,0.112,-0.003,13.117,0.136,13.08,13.486,13.985,14.212,13.061
12.82,12.852,-0.037,-0.016,12.831,0.144,-0.135,-0.011,0.112,12.931,-0.003,13.193,13.08,13.486,13.985,12.826
12.64,12.62,0.016,0.001,12.635,-0.037,0.144,-0.135,-0.011,12.57,-0.023,12.815,13.193,13.08,13.486,12.66
12.39,12.411,-0.023,-0.011,12.399,0.016,-0.037,0.144,-0.135,12.517,-0.047,12.636,12.815,13.193,13.08,12.439
12.1,12.16,-0.059,-0.02,12.12,-0.023,0.016,-0.037,0.144,12.255,0.021,12.388,12.636,12.815,13.193,12.082
11.93,11.762,0.172,0.118,11.816,-0.059,-0.023,0.016,-0.037,11.85,0.144,12.101,12.388,12.636,12.815,11.83
11.23,11.329,-0.103,-0.29,11.516,0.172,-0.059,-0.023,0.016,11.346,-0.132,11.934,12.101,12.388,12.636,11.499
11.06,11.127,-0.066,-0.181,11.242,-0.103,0.172,-0.059,-0.023,11.106,-0.04,11.226,11.934,12.101,12.388,11.259
11.16,11.079,0.085,0.192,10.972,-0.066,-0.103,0.172,-0.059,11.203,0.139,11.061,11.226,11.934,12.101,11.009
10.86,10.861,-0.005,0.185,10.67,0.085,-0.066,-0.103,0.172,10.933,0.047,11.164,11.061,11.226,11.934,10.677
10.48,10.354,0.125,0.161,10.318,-0.005,0.085,-0.066,-0.103,10.45,-0.017,10.855,11.164,11.061,11.226,10.326
9.44,9.798,-0.354,-0.51,9.954,0.125,-0.005,0.085,-0.066,9.86,-0.232,10.479,10.855,11.164,11.061,9.913
9.76,9.489,0.276,0.135,9.63,-0.354,0.125,-0.005,0.085,9.511,0.34,9.444,10.479,10.855,11.164,9.631
9.53,9.369,0.157,0.143,9.383,0.276,-0.354,0.125,-0.005,9.449,0.054,9.765,9.444,10.479,10.855,9.381
8.95,9.371,-0.418,-0.256,9.21,0.157,0.276,-0.354,0.125,9.231,-0.369,9.526,9.765,9.444,10.479,9.238
9.62,9.402,0.214,0.517,9.098,-0.418,0.157,0.276,-0.354,9.489,0.238,8.953,9.526,9.765,9.444,9.086
9.34,9.189,0.155,0.316,9.028,0.214,-0.418,0.157,0.276,9.366,0.138,9.615,8.953,9.526,9.765,9.029
8.62,8.786,-0.164,-0.319,8.941,0.155,0.214,-0.418,0.157,8.699,-0.206,9.344,9.615,8.953,9.526,8.967
8.44,8.543,-0.1,-0.333,8.776,-0.164,0.155,0.214,-0.418,8.56,-0.069,8.621,9.344,9.615,8.953,8.782
8.82,8.559,0.263,0.282,8.54,-0.1,-0.164,0.155,0.214,8.634,0.228,8.443,8.621,9.344,9.615,8.517
8.24,8.445,-0.208,-0.022,8.259,0.263,-0.1,-0.164,0.155,8.578,-0.106,8.822,8.443,8.621,9.344,8.271
8.1,7.976,0.126,0.132,7.97,-0.208,0.263,-0.1,-0.164,8.009,0.055,8.237,8.822,8.443,8.621,7.961
7.31,7.386,-0.072,-0.398,7.711,0.126,-0.208,0.263,-0.1,7.492,-0.064,8.102,8.237,8.822,8.443,7.71
7.2,7.194,0.009,-0.312,7.515,-0.072,0.126,-0.208,0.263,7.044,0.05,7.314,8.102,8.237,8.822,7.503
7.49,7.476,0.01,0.101,7.385,0.009,-0.072,0.126,-0.208,7.507,0.062,7.203,7.314,8.102,8.237,7.393
7.82,7.817,0.002,0.51,7.309,0.01,0.009,-0.072,0.126,7.775,0.021,7.486,7.203,7.314,8.102,7.309
7.87,7.872,-0.004,0.595,7.273,0.002,0.01,0.009,-0.072,7.874,0.011,7.819,7.486,7.203,7.314,7.268
7.62,7.614,0.005,0.357,7.263,-0.004,0.002,0.01,0.009,7.713,0.009,7.868,7.819,7.486,7.203,7.255
7.13,7.168,-0.041,-0.144,7.27,0.005,-0.004,0.002,0.01,7.317,0.012,7.62,7.868,7.819,7.486,7.265
6.82,6.752,0.068,-0.468,7.288,-0.041,0.005,-0.004,0.002,6.74,0.078,7.127,7.62,7.868,7.819,7.29
6.59,6.592,0.001,-0.715,7.308,0.068,-0.041,0.005,-0.004,6.575,-0.022,6.82,7.127,7.62,7.868,7.304
6.65,6.747,-0.099,-0.676,7.323,0.001,0.068,-0.041,0.005,6.687,-0.056,6.593,6.82,7.127,7.62,7.323
7.08,7.009,0.075,-0.244,7.327,-0.099,0.001,0.068,-0.041,6.998,0.116,6.648,6.593,6.82,7.127,7.325
7.2,7.125,0.076,-0.118,7.319,0.075,-0.099,0.001,0.068,7.113,0.046,7.083,6.648,6.593,6.82,7.314
7.07,7.149,-0.08,-0.232,7.3,0.076,0.075,-0.099,0.001,7.074,-0.124,7.201,7.083,6.648,6.593,7.299
7.4,7.353,0.049,0.128,7.274,-0.08,0.076,0.075,-0.099,7.249,-0.026,7.069,7.201,7.083,6.648,7.273
7.67,7.717,-0.044,0.431,7.241,0.049,-0.08,0.076,0.075,7.749,-0.022,7.402,7.069,7.201,7.083,7.243
8.09,7.933,0.156,0.883,7.205,-0.044,0.049,-0.08,0.076,7.929,0.064,7.672,7.402,7.069,7.201,7.205
7.76,7.845,-0.089,0.59,7.167,0.156,-0.044,0.049,-0.08,7.866,-0.174,8.088,7.672,7.402,7.069,7.166
7.69,7.679,0.014,0.567,7.127,-0.089,0.156,-0.044,0.049,7.653,-0.072,7.756,8.088,7.672,7.402,7.126
7.67,7.596,0.077,0.588,7.085,0.014,-0.089,0.156,-0.044,7.697,0.002,7.693,7.756,8.088,7.672,7.084
7.45,7.503,-0.049,0.412,7.041,0.077,0.014,-0.089,0.156,7.533,-0.082,7.672,7.693,7.756,8.088,7.041
7.33,7.287,0.044,0.334,6.997,-0.049,0.077,0.014,-0.089,7.332,-0.019,7.453,7.672,7.693,7.756,6.996
7.1,7.054,0.048,0.152,6.95,0.044,-0.049,0.077,0.014,7.045,-0.049,7.331,7.453,7.672,7.693,6.95
6.84,6.954,-0.115,-0.063,6.903,0.048,0.044,-0.049,0.077,6.982,-0.103,7.103,7.331,7.453,7.672,6.901
6.89,6.805,0.082,0.033,6.854,-0.115,0.048,0.044,-0.049,6.966,0.088,6.84,7.103,7.331,7.453,6.853
6.41,6.351,0.054,-0.398,6.803,0.082,-0.115,0.048,0.044,6.46,0.02,6.887,6.84,7.103,7.331,6.803
5.74,5.859,-0.115,-1.008,6.752,0.054,0.082,-0.115,0.048,5.766,-0.102,6.405,6.887,6.84,7.103,6.752
5.88,5.759,0.125,-0.815,6.699,-0.115,0.054,0.082,-0.115,5.77,0.06,5.744,6.405,6.887,6.84,6.699
5.82,5.99,-0.173,-0.827,6.644,0.125,-0.115,0.054,0.082,6.011,-0.064,5.885,5.744,6.405,6.887,6.645
6.25,6.165,0.086,-0.333,6.584,-0.173,0.125,-0.115,0.054,6.12,0.178,5.817,5.885,5.744,6.405,6.586
6.35,6.157,0.198,-0.163,6.518,0.086,-0.173,0.125,-0.115,6.115,0.082,6.252,5.817,5.885,5.744,6.519
5.96,6.308,-0.345,-0.478,6.441,0.198,0.086,-0.173,0.125,6.145,-0.297,6.355,6.252,5.817,5.885,6.443
6.89,6.83,0.059,0.536,6.353,-0.345,0.198,0.086,-0.173,6.756,0.193,5.963,6.355,6.252,5.817,6.355
7.53,7.193,0.335,1.277,6.251,0.059,-0.345,0.198,0.086,7.395,0.277,6.889,5.963,6.355,6.252,6.254
6.68,6.974,-0.299,0.544,6.131,0.335,0.059,-0.345,0.198,6.936,-0.314,7.528,6.889,5.963,6.355,6.135
6.49,6.546,-0.06,0.492,5.994,-0.299,0.335,0.059,-0.345,6.51,-0.027,6.675,7.528,6.889,5.963,5.997
6.69,6.342,0.349,0.85,5.84,-0.06,-0.299,0.335,0.059,6.503,0.256,6.485,6.675,7.528,6.889,5.841
5.95,6.261,-0.314,0.272,5.676,0.349,-0.06,-0.299,0.335,6.319,-0.228,6.69,6.485,6.675,7.528,5.679
6.13,5.961,0.167,0.624,5.503,-0.314,0.349,-0.06,-0.299,6.044,0.079,5.947,6.69,6.485,6.675,5.505
5.2,5.256,-0.056,-0.128,5.328,0.167,-0.314,0.349,-0.06,5.51,-0.049,6.127,5.947,6.69,6.485,5.33
4.57,4.514,0.058,-0.581,5.153,-0.056,0.167,-0.314,0.349,4.461,0.036,5.2,6.127,5.947,6.69,5.154
3.94,4.081,-0.137,-1.038,4.982,0.058,-0.056,0.167,-0.314,4.222,-0.05,4.572,5.2,6.127,5.947,4.982
4.14,3.96,0.181,-0.678,4.82,-0.137,0.058,-0.056,0.167,3.942,0.141,3.944,4.572,5.2,6.127,4.82
3.79,3.963,-0.177,-0.884,4.67,0.181,-0.137,0.058,-0.056,3.936,-0.075,4.142,3.944,4.572,5.2,4.669
4.17,4.051,0.115,-0.371,4.536,-0.177,0.181,-0.137,0.058,3.944,0.113,3.786,4.142,3.944,4.572,4.535
4.18,4.285,-0.106,-0.241,4.42,0.115,-0.177,0.181,-0.137,4.248,-0.005,4.165,3.786,4.142,3.944,4.419
4.85,4.769,0.077,0.523,4.322,-0.106,0.115,-0.177,0.181,4.548,0.115,4.179,4.165,3.786,4.142,4.32
5.18,5.17,0.015,0.939,4.245,0.077,-0.106,0.115,-0.177,5.352,0.015,4.845,4.179,4.165,3.786,4.242
4.81,4.998,-0.191,0.62,4.187,0.015,0.077,-0.106,0.115,5.12,-0.06,5.185,4.845,4.179,4.165,4.185
4.48,4.296,0.183,0.344,4.136,-0.191,0.015,0.077,-0.106,4.379,0.247,4.807,5.185,4.845,4.179,4.142
3.72,3.566,0.149,-0.363,4.078,0.183,-0.191,0.015,0.077,3.692,0.013,4.48,4.807,5.185,4.845,4.079
2.79,3.295,-0.504,-1.208,4.0,0.149,0.183,-0.191,0.015,3.245,-0.33,3.715,4.48,4.807,5.185,4.005
3.67,3.434,0.24,-0.214,3.889,-0.504,0.149,0.183,-0.191,3.441,0.429,2.792,3.715,4.48,4.807,3.892
3.96,3.528,0.43,0.212,3.746,0.24,-0.504,0.149,0.183,3.583,0.278,3.674,2.792,3.715,4.48,3.743
2.93,3.588,-0.661,-0.656,3.584,0.43,0.24,-0.504,0.149,3.336,-0.558,3.958,3.674,2.792,3.715,3.582
3.95,3.839,0.108,0.531,3.416,-0.661,0.43,0.24,-0.504,3.864,0.244,2.927,3.958,3.674,2.792,3.416
4.36,3.86,0.503,1.108,3.255,0.108,-0.661,0.43,0.24,4.192,0.443,3.947,2.927,3.958,3.674,3.255
2.9,3.32,-0.423,-0.22,3.118,0.503,0.108,-0.661,0.43,3.282,-0.309,4.363,3.947,2.927,3.958,3.111
2.73,2.807,-0.075,-0.321,3.053,-0.423,0.503,0.108,-0.661,2.658,-0.067,2.897,4.363,3.947,2.927,3.015
3.25,2.832,0.423,0.139,3.116,-0.075,-0.423,0.503,0.108,2.991,0.301,2.732,2.897,4.363,3.947,3.092
2.82,3.318,-0.495,-0.513,3.336,0.423,-0.075,-0.423,0.503,3.086,-0.31,3.255,2.732,2.897,4.363,3.324
4.31,3.808,0.501,0.68,3.629,-0.495,0.423,-0.075,-0.423,3.77,0.288,2.823,3.255,2.732,2.897,3.698
3.49,3.903,-0.412,-0.393,3.885,0.501,-0.495,0.423,-0.075,4.012,-0.338,4.309,2.823,3.255,2.732,3.883
4.14,3.947,0.19,0.132,4.005,-0.412,0.501,-0.495,0.423,3.643,0.191,3.491,4.309,2.823,3.255,4.032
4.06,4.012,0.048,0.133,3.927,0.19,-0.412,0.501,-0.495,4.348,0.058,4.137,3.491,4.309,2.823,3.925
3.79,3.92,-0.13,0.044,3.747,0.048,0.19,-0.412,0.501,3.857,-0.114,4.06,4.137,3.491,4.309,3.646
3.73,3.604,0.129,0.15,3.583,-0.13,0.048,0.19,-0.412,3.68,0.077,3.791,4.06,4.137,3.491,3.604
3.02,3.221,-0.197,-0.426,3.45,0.129,-0.13,0.048,0.19,3.291,-0.072,3.733,3.791,4.06,4.137,3.503
3.45,3.072,0.374,0.108,3.338,-0.197,0.129,-0.13,0.048,3.014,0.226,3.024,3.733,3.791,4.06,3.345
2.69,3.202,-0.512,-0.533,3.223,0.374,-0.197,0.129,-0.13,3.177,-0.324,3.446,3.024,3.733,3.791,3.237
3.87,3.376,0.494,0.822,3.048,-0.512,0.374,-0.197,0.129,3.401,0.351,2.69,3.446,3.024,3.733,3.063
2.74,3.013,-0.278,-0.04,2.776,0.494,-0.512,0.374,-0.197,3.369,-0.213,3.87,2.69,3.446,3.024,2.773
2.24,2.286,-0.049,-0.232,2.469,-0.278,0.494,-0.512,0.374,2.091,0.027,2.736,3.87,2.69,3.446,2.414
2.12,1.81,0.308,-0.103,2.222,-0.049,-0.278,0.494,-0.512,1.963,0.218,2.237,2.736,3.87,2.69,2.217
1.67,1.957,-0.283,-0.436,2.109,0.308,-0.049,-0.278,0.494,1.806,-0.315,2.119,2.237,2.736,3.87,2.097
2.42,2.458,-0.039,0.288,2.131,-0.283,0.308,-0.049,-0.278,2.418,0.081,1.673,2.119,2.237,2.736,2.175
2.9,2.596,0.308,0.639,2.265,-0.039,-0.283,0.308,-0.049,2.756,0.257,2.419,1.673,2.119,2.237,2.226
2.15,2.315,-0.17,-0.339,2.484,0.308,-0.039,-0.283,0.308,2.177,-0.206,2.904,2.419,1.673,2.119,2.469
2.2,2.326,-0.124,-0.526,2.728,-0.17,0.308,-0.039,-0.283,2.134,-0.104,2.146,2.904,2.419,1.673,2.747
3.07,2.876,0.19,0.141,2.926,-0.124,-0.17,0.308,-0.039,2.952,0.197,2.202,2.146,2.904,2.419,2.937
3.33,3.43,-0.104,0.279,3.047,0.19,-0.124,-0.17,0.308,3.373,0.005,3.066,2.202,2.146,2.904,3.035
3.62,3.479,0.141,0.511,3.109,-0.104,0.19,-0.124,-0.17,3.49,0.041,3.326,3.066,2.202,2.146,3.093
2.97,3.143,-0.172,-0.17,3.142,0.141,-0.104,0.19,-0.124,3.207,-0.179,3.62,3.326,3.066,2.202,3.141
2.95,2.936,0.018,-0.233,3.187,-0.172,0.141,-0.104,0.19,2.897,0.099,2.971,3.62,3.326,3.066,3.166
3.22,3.015,0.207,-0.046,3.268,0.018,-0.172,0.141,-0.104,3.063,0.168,2.954,2.971,3.62,3.326,3.272
3.01,3.235,-0.222,-0.39,3.403,0.207,0.018,-0.172,0.141,3.133,-0.203,3.222,2.954,2.971,3.62,3.384
3.73,3.644,0.091,0.131,3.604,-0.222,0.207,0.018,-0.172,3.406,0.055,3.013,3.222,2.954,2.971,3.602
4.22,4.215,0.002,0.355,3.862,0.091,-0.222,0.207,0.018,4.212,0.033,3.735,3.013,3.222,2.954,3.863
4.71,4.643,0.068,0.55,4.161,0.002,0.091,-0.222,0.207,4.649,0.024,4.216,3.735,3.013,3.222,4.143
4.47,4.654,-0.185,-0.018,4.488,0.068,0.002,0.091,-0.222,4.685,-0.113,4.711,4.216,3.735,3.013,4.483
4.82,4.486,0.337,-0.003,4.827,-0.185,0.068,0.002,0.091,4.409,0.163,4.469,4.711,4.216,3.735,4.821
4.23,4.546,-0.315,-0.928,5.159,0.337,-0.185,0.068,0.002,4.541,-0.267,4.824,4.469,4.711,4.216,5.163
5.13,5.054,0.074,-0.337,5.465,-0.315,0.337,-0.185,0.068,4.825,0.112,4.231,4.824,4.469,4.711,5.462
5.88,5.672,0.208,0.146,5.733,0.074,-0.315,0.337,-0.185,5.73,0.146,5.128,4.231,4.824,4.469,5.73
5.93,6.094,-0.164,-0.024,5.954,0.208,0.074,-0.315,0.337,5.905,-0.214,5.88,5.128,4.231,4.824,5.957
6.43,6.433,-0.006,0.311,6.117,-0.164,0.208,0.074,-0.315,6.324,-0.05,5.93,5.88,5.128,4.231,6.123
6.88,6.795,0.085,0.667,6.213,-0.006,-0.164,0.208,0.074,6.824,0.069,6.428,5.93,5.88,5.128,6.223
7.12,7.017,0.105,0.889,6.233,0.085,-0.006,-0.164,0.208,7.049,-0.003,6.88,6.428,5.93,5.88,6.243
6.66,6.833,-0.174,0.479,6.18,0.105,0.085,-0.006,-0.164,6.957,-0.23,7.122,6.88,6.428,5.93,6.186
6.35,6.241,0.11,0.272,6.079,-0.174,0.105,0.085,-0.006,6.395,0.03,6.659,7.122,6.88,6.428,6.073
5.63,5.515,0.114,-0.328,5.956,0.11,-0.174,0.105,0.085,5.646,0.005,6.351,6.659,7.122,6.88,5.96
4.93,5.068,-0.138,-0.911,5.841,0.114,0.11,-0.174,0.105,5.02,-0.199,5.628,6.351,6.659,7.122,5.839
5.18,5.162,0.017,-0.579,5.758,-0.138,0.114,0.11,-0.174,5.064,-0.013,4.93,5.628,6.351,6.659,5.759
5.78,5.645,0.135,0.064,5.716,0.017,-0.138,0.114,0.11,5.563,0.075,5.179,4.93,5.628,6.351,5.722
6.15,6.168,-0.019,0.428,5.72,0.135,0.017,-0.138,0.114,6.051,-0.115,5.78,5.179,4.93,5.628,5.711
6.31,6.452,-0.146,0.53,5.775,-0.019,0.135,0.017,-0.138,6.459,-0.15,6.149,5.78,5.179,4.93,5.768
6.66,6.448,0.212,0.777,5.884,-0.146,-0.019,0.135,0.017,6.481,0.137,6.305,6.149,5.78,5.179,5.875
6.31,6.323,-0.008,0.272,6.042,0.212,-0.146,-0.019,0.135,6.326,-0.09,6.661,6.305,6.149,5.78,6.041
6.23,6.389,-0.156,0.0,6.234,-0.008,0.212,-0.146,-0.019,6.269,-0.169,6.314,6.661,6.305,6.149,6.235
6.83,6.681,0.148,0.388,6.441,-0.156,-0.008,0.212,-0.146,6.713,0.107,6.233,6.314,6.661,6.305,6.439
6.82,6.814,0.006,0.169,6.651,0.148,-0.156,-0.008,0.212,6.908,-0.01,6.829,6.233,6.314,6.661,6.648
6.46,6.573,-0.111,-0.386,6.848,0.006,0.148,-0.156,-0.008,6.575,-0.078,6.82,6.829,6.233,6.314,6.848
6.38,6.265,0.111,-0.644,7.02,-0.111,0.006,0.148,-0.156,6.237,0.081,6.462,6.82,6.829,6.233,7.023
6.36,6.365,-0.003,-0.792,7.154,0.111,-0.111,0.006,0.148,6.261,-0.02,6.376,6.462,6.82,6.829,7.157
6.76,6.956,-0.196,-0.491,7.25,-0.003,0.111,-0.111,0.006,6.82,-0.051,6.362,6.376,6.462,6.82,7.25
7.76,7.542,0.221,0.451,7.311,-0.196,-0.003,0.111,-0.111,7.568,0.251,6.76,6.362,6.376,6.462,7.317
7.61,7.643,-0.036,0.268,7.339,0.221,-0.196,-0.003,0.111,7.669,-0.029,7.763,6.76,6.362,6.376,7.342
7.3,7.423,-0.127,-0.04,7.337,-0.036,0.221,-0.196,-0.003,7.359,-0.095,7.607,7.763,6.76,6.362,7.34
7.31,7.269,0.037,-0.01,7.316,-0.127,-0.036,0.221,-0.196,7.366,0.114,7.296,7.607,7.763,6.76,7.314
7.37,7.249,0.119,0.079,7.29,0.037,-0.127,-0.036,0.221,7.287,0.14,7.306,7.296,7.607,7.763,7.292
7.12,7.232,-0.11,-0.145,7.267,0.119,0.037,-0.127,-0.036,7.198,-0.09,7.369,7.306,7.296,7.607,7.27
7.1,7.191,-0.087,-0.136,7.241,-0.11,0.119,0.037,-0.127,7.18,-0.007,7.122,7.369,7.306,7.296,7.254
7.36,7.167,0.192,0.153,7.205,-0.087,-0.11,0.119,0.037,7.204,0.205,7.105,7.122,7.369,7.306,7.205
7.01,7.135,-0.125,-0.132,7.143,0.192,-0.087,-0.11,0.119,7.143,-0.061,7.358,7.105,7.122,7.369,7.158
7.05,7.042,0.01,0.041,7.01,-0.125,0.192,-0.087,-0.11,7.077,0.015,7.01,7.358,7.105,7.122,7.045
6.79,6.798,-0.012,-0.001,6.786,0.01,-0.125,0.192,-0.087,6.918,0.046,7.051,7.01,7.358,7.105,6.782
6.54,6.451,0.094,0.073,6.472,-0.012,0.01,-0.125,0.192,6.469,0.088,6.786,7.051,7.01,7.358,6.487
6.0,6.119,-0.115,-0.119,6.122,0.094,-0.012,0.01,-0.125,6.199,-0.078,6.545,6.786,7.051,7.01,6.086
5.9,5.857,0.045,0.099,5.802,-0.115,0.094,-0.012,0.01,5.911,0.051,6.003,6.545,6.786,7.051,5.811
5.65,5.604,0.043,0.094,5.552,0.045,-0.115,0.094,-0.012,5.675,0.05,5.902,6.003,6.545,6.786,5.556
5.31,5.377,-0.067,-0.087,5.397,0.043,0.045,-0.115,0.094,5.351,-0.036,5.647,5.902,6.003,6.545,5.391
5.37,5.299,0.07,0.045,5.324,-0.067,0.043,0.045,-0.115,5.279,0.042,5.309,5.647,5.902,6.003,5.342
5.35,5.39,-0.044,0.042,5.303,0.07,-0.067,0.043,0.045,5.38,-0.036,5.369,5.309,5.647,5.902,5.298
5.43,5.458,-0.025,0.131,5.302,-0.044,0.07,-0.067,0.043,5.503,0.025,5.345,5.369,5.309,5.647,5.307
5.38,5.286,0.094,0.078,5.301,-0.025,-0.044,0.07,-0.067,5.362,0.081,5.433,5.345,5.369,5.309,5.29
4.92,5.0,-0.083,-0.361,5.279,0.094,-0.025,-0.044,0.07,4.961,-0.062,5.379,5.433,5.345,5.369,5.295
5.04,4.985,0.055,-0.183,5.222,-0.083,0.094,-0.025,-0.044,4.895,0.03,4.918,5.379,5.433,5.345,5.224
5.17,5.252,-0.083,0.021,5.149,0.055,-0.083,0.094,-0.025,5.305,-0.015,5.039,4.918,5.379,5.433,5.132
5.49,5.411,0.08,0.404,5.086,-0.083,0.055,-0.083,0.094,5.435,0.11,5.17,5.039,4.918,5.379,5.084
5.23,5.189,0.042,0.173,5.058,0.08,-0.083,0.055,-0.083,5.251,0.003,5.49,5.17,5.039,4.918,5.046
4.79,4.893,-0.108,-0.303,5.088,0.042,0.08,-0.083,0.055,4.814,-0.112,5.231,5.49,5.17,5.039,5.079
4.98,4.968,0.014,-0.211,5.193,-0.108,0.042,0.08,-0.083,4.922,0.063,4.785,5.231,5.49,5.17,5.184
5.47,5.355,0.118,0.124,5.35,0.014,-0.108,0.042,0.08,5.343,0.11,4.982,4.785,5.231,5.49,5.369
5.57,5.664,-0.093,0.045,5.527,0.118,0.014,-0.108,0.042,5.62,-0.093,5.473,4.982,4.785,5.231,5.521
5.7,5.699,-0.003,0.006,5.69,-0.093,0.118,0.014,-0.108,5.689,-0.015,5.571,5.473,4.982,4.785,5.695
5.66,5.618,0.04,-0.151,5.809,-0.003,-0.093,0.118,0.014,5.623,0.054,5.697,5.571,5.473,4.982,5.812
5.68,5.658,0.019,-0.181,5.857,0.04,-0.003,-0.093,0.118,5.619,0.018,5.658,5.697,5.571,5.473,5.865
5.8,5.829,-0.032,-0.022,5.819,0.019,0.04,-0.003,-0.093,5.827,-0.046,5.677,5.658,5.697,5.571,5.831
5.93,5.945,-0.016,0.214,5.714,-0.032,0.019,0.04,-0.003,5.961,-0.001,5.797,5.677,5.658,5.697,5.697
5.89,5.847,0.048,0.324,5.57,-0.016,-0.032,0.019,0.04,5.901,0.067,5.929,5.797,5.677,5.658,5.58
5.61,5.602,0.006,0.2,5.408,0.048,-0.016,-0.032,0.019,5.624,-0.001,5.894,5.929,5.797,5.677,5.41
5.39,5.419,-0.027,0.15,5.243,0.006,0.048,-0.016,-0.032,5.43,-0.044,5.608,5.894,5.929,5.797,5.247
5.33,5.358,-0.032,0.241,5.086,-0.027,0.006,0.048,-0.016,5.401,0.007,5.392,5.608,5.894,5.929,5.087
5.33,5.206,0.121,0.383,4.944,-0.032,-0.027,0.006,0.048,5.327,0.091,5.327,5.392,5.608,5.894,4.947
4.63,4.795,-0.163,-0.188,4.82,0.121,-0.032,-0.027,0.006,4.875,-0.092,5.327,5.327,5.392,5.608,4.82
4.47,4.351,0.121,-0.244,4.716,-0.163,0.121,-0.032,-0.027,4.331,0.111,4.632,5.327,5.327,5.392,4.714
4.12,4.164,-0.041,-0.514,4.637,0.121,-0.163,0.121,-0.032,4.208,-0.009,4.472,4.632,5.327,5.327,4.635
4.18,4.222,-0.047,-0.408,4.584,-0.041,0.121,-0.163,0.121,4.209,0.009,4.123,4.472,4.632,5.327,4.581
4.22,4.215,0.002,-0.336,4.553,-0.047,-0.041,0.121,-0.163,4.29,0.089,4.175,4.123,4.472,4.632,4.558
4.21,4.094,0.115,-0.321,4.53,0.002,-0.047,-0.041,0.121,3.998,0.097,4.218,4.175,4.123,4.472,4.536
4.02,4.169,-0.148,-0.467,4.488,0.115,0.002,-0.047,-0.041,4.07,-0.104,4.209,4.218,4.175,4.123,4.494
4.53,4.563,-0.032,0.129,4.403,-0.148,0.115,0.002,-0.047,4.525,0.07,4.021,4.209,4.218,4.175,4.413
5.01,4.864,0.143,0.758,4.249,-0.032,-0.148,0.115,0.002,4.966,0.199,4.531,4.021,4.209,4.218,4.263
4.59,4.617,-0.028,0.579,4.01,0.143,-0.032,-0.148,0.115,4.721,-0.038,5.008,4.531,4.021,4.209,4.022
3.86,3.915,-0.053,0.16,3.701,-0.028,0.143,-0.032,-0.148,4.037,-0.098,4.589,5.008,4.531,4.021,3.691
3.06,3.162,-0.106,-0.31,3.366,-0.053,-0.028,0.143,-0.032,3.332,0.014,3.862,4.589,5.008,4.531,3.362
2.91,2.684,0.23,-0.139,3.053,-0.106,-0.053,-0.028,0.143,2.706,0.257,3.056,3.862,4.589,5.008,3.049
2.55,2.557,-0.011,-0.261,2.807,0.23,-0.106,-0.053,-0.028,2.525,-0.101,2.914,3.056,3.862,4.589,2.799
2.38,2.712,-0.335,-0.286,2.663,-0.011,0.23,-0.106,-0.053,2.628,-0.224,2.546,2.914,3.056,3.862,2.654
3.24,2.927,0.318,0.602,2.643,-0.335,-0.011,0.23,-0.106,2.945,0.36,2.377,2.546,2.914,3.056,2.628
2.97,2.896,0.077,0.222,2.752,0.318,-0.335,-0.011,0.23,2.983,0.022,3.245,2.377,2.546,2.914,2.743
2.47,2.772,-0.299,-0.45,2.922,0.077,0.318,-0.335,-0.011,2.606,-0.29,2.973,3.245,2.377,2.546,2.962
3.09,2.911,0.177,0.006,3.083,-0.299,0.077,0.318,-0.335,2.886,0.139,2.473,2.973,3.245,2.377,3.074
3.21,3.238,-0.03,0.007,3.201,0.177,-0.299,0.077,0.318,3.289,0.064,3.088,2.473,2.973,3.245,3.188
3.52,3.435,0.089,0.27,3.254,-0.03,0.177,-0.299,0.077,3.367,0.048,3.208,3.088,2.473,2.973,3.264
3.2,3.349,-0.152,-0.032,3.228,0.089,-0.03,0.177,-0.299,3.409,-0.156,3.524,3.208,3.088,2.473,3.231
3.28,3.171,0.107,0.135,3.144,-0.152,0.089,-0.03,0.177,3.164,0.083,3.197,3.524,3.208,3.088,3.133
3.01,2.98,0.033,-0.014,3.027,0.107,-0.152,0.089,-0.03,3.128,0.024,3.279,3.197,3.524,3.208,3.031
2.6,2.757,-0.159,-0.309,2.907,0.033,0.107,-0.152,0.089,2.743,-0.086,3.013,3.279,3.197,3.524,2.903
2.81,2.584,0.228,0.004,2.808,-0.159,0.033,0.107,-0.152,2.579,0.15,2.597,3.013,3.279,3.197,2.807
2.5,2.668,-0.173,-0.244,2.74,0.228,-0.159,0.033,0.107,2.553,-0.137,2.812,2.597,3.013,3.279,2.742
3.07,3.018,0.049,0.366,2.701,-0.173,0.228,-0.159,0.033,2.99,0.058,2.496,2.812,2.597,3.013,2.699
3.16,3.082,0.08,0.477,2.686,0.049,-0.173,0.228,-0.159,3.328,0.05,3.067,2.496,2.812,2.597,2.687
2.5,2.608,-0.106,-0.187,2.689,0.08,0.049,-0.173,0.228,2.583,-0.083,3.162,3.067,2.496,2.812,2.688
2.29,2.158,0.133,-0.414,2.705,-0.106,0.08,0.049,-0.173,2.063,0.055,2.502,3.162,3.067,2.496,2.7
2.34,2.393,-0.048,-0.386,2.73,0.133,-0.106,0.08,0.049,2.284,-0.107,2.291,2.502,3.162,3.067,2.729
3.04,3.146,-0.111,0.276,2.759,-0.048,0.133,-0.106,0.08,3.097,-0.046,2.345,2.291,2.502,3.162,2.758
3.58,3.479,0.105,0.798,2.786,-0.111,-0.048,0.133,-0.106,3.644,0.17,3.035,2.345,2.291,2.502,2.784
3.27,3.001,0.27,0.459,2.811,0.105,-0.111,-0.048,0.133,3.025,0.048,3.584,3.035,2.345,2.291,2.808
1.99,2.437,-0.447,-0.843,2.833,0.27,0.105,-0.111,-0.048,2.342,-0.449,3.27,3.584,3.035,2.345,2.832
2.8,2.606,0.196,-0.049,2.851,-0.447,0.27,0.105,-0.111,2.526,0.194,1.99,3.27,3.584,3.035,2.85
3.28,3.129,0.146,0.41,2.865,0.196,-0.447,0.27,0.105,3.301,0.155,2.802,1.99,3.27,3.584,2.865
3.21,3.301,-0.086,0.333,2.882,0.146,0.196,-0.447,0.27,3.146,-0.168,3.275,2.802,1.99,3.27,2.877
3.13,3.126,0.005,0.225,2.906,-0.086,0.146,0.196,-0.447,3.111,-0.149,3.215,3.275,2.802,1.99,2.904
2.94,3.02,-0.08,-0.004,2.944,0.005,-0.086,0.146,0.196,3.077,-0.051,3.131,3.215,3.275,2.802,2.941
3.25,3.033,0.214,0.251,2.995,-0.08,0.005,-0.086,0.146,3.113,0.178,2.94,3.131,3.215,3.275,2.996
2.87,2.901,-0.029,-0.179,3.051,0.214,-0.08,0.005,-0.086,2.937,-0.158,3.247,2.94,3.131,3.215,3.055
2.63,2.759,-0.129,-0.47,3.099,-0.029,0.214,-0.08,0.005,2.62,-0.212,2.872,3.247,2.94,3.131,3.099
3.09,2.943,0.143,-0.045,3.131,-0.129,-0.029,0.214,-0.08,2.888,0.078,2.63,2.872,3.247,2.94,3.132
3.21,3.252,-0.045,0.059,3.147,0.143,-0.129,-0.029,0.214,3.37,-0.026,3.086,2.63,2.872,3.247,3.141
3.42,3.362,0.057,0.27,3.149,-0.045,0.143,-0.129,-0.029,3.243,-0.01,3.206,3.086,2.63,2.872,3.151
3.47,3.361,0.113,0.332,3.142,0.057,-0.045,0.143,-0.129,3.302,-0.098,3.419,3.206,3.086,2.63,3.142
3.36,3.542,-0.181,0.234,3.127,0.113,0.057,-0.045,0.143,3.502,-0.249,3.474,3.419,3.206,3.086,3.129
3.75,3.766,-0.018,0.641,3.108,-0.181,0.113,0.057,-0.045,3.87,0.07,3.361,3.474,3.419,3.206,3.108
4.01,3.626,0.384,0.922,3.088,-0.018,-0.181,0.113,0.057,3.714,0.217,3.748,3.361,3.474,3.419,3.086
2.93,3.176,-0.242,-0.144,3.078,0.384,-0.018,-0.181,0.113,3.168,-0.402,4.01,3.748,3.361,3.474,3.072
2.83,2.925,-0.095,-0.259,3.089,-0.242,0.384,-0.018,-0.181,2.882,-0.171,2.934,4.01,3.748,3.361,3.084
2.96,2.92,0.037,-0.174,3.131,-0.095,-0.242,0.384,-0.018,3.109,0.189,2.83,2.934,4.01,3.748,3.125
3.39,2.86,0.531,0.176,3.215,0.037,-0.095,-0.242,0.384,2.799,0.245,2.956,2.83,2.934,4.01,3.207
2.11,2.865,-0.753,-1.24,3.352,0.531,0.037,-0.095,-0.242,2.666,-0.699,3.391,2.956,2.83,2.934,3.342
3.81,3.424,0.389,0.271,3.542,-0.753,0.531,0.037,-0.095,3.178,0.299,2.111,3.391,2.956,2.83,3.536
4.22,4.163,0.054,0.448,3.769,0.389,-0.753,0.531,0.037,4.399,0.122,3.813,2.111,3.391,2.956,3.772
4.46,4.508,-0.046,0.452,4.01,0.054,0.389,-0.753,0.531,4.262,-0.098,4.217,3.813,2.111,3.391,4.005
4.31,4.406,-0.093,0.067,4.246,-0.046,0.054,0.389,-0.753,4.503,-0.159,4.462,4.217,3.813,2.111,4.246
4.47,4.364,0.109,0.02,4.453,-0.093,-0.046,0.054,0.389,4.249,0.067,4.312,4.462,4.217,3.813,4.455
4.62,4.629,-0.007,0.006,4.616,0.109,-0.093,-0.046,0.054,4.664,0.034,4.473,4.312,4.462,4.217,4.618
4.84,4.875,-0.033,0.103,4.739,-0.007,0.109,-0.093,-0.046,4.896,-0.045,4.622,4.473,4.312,4.462,4.729
4.86,4.803,0.054,0.026,4.832,-0.033,-0.007,0.109,-0.093,4.83,0.0,4.842,4.622,4.473,4.312,4.835
4.59,4.656,-0.07,-0.318,4.904,0.054,-0.033,-0.007,0.109,4.539,-0.038,4.858,4.842,4.622,4.473,4.904
4.86,4.784,0.08,-0.101,4.966,-0.07,0.054,-0.033,-0.007,4.79,0.072,4.586,4.858,4.842,4.622,4.967
4.99,5.084,-0.093,-0.032,5.022,0.08,-0.07,0.054,-0.033,5.094,-0.034,4.864,4.586,4.858,4.842,5.023
5.32,5.224,0.098,0.242,5.08,-0.093,0.08,-0.07,0.054,5.204,0.084,4.991,4.864,4.586,4.858,5.077
5.11,5.116,-0.006,-0.029,5.139,0.098,-0.093,0.08,-0.07,5.134,-0.038,5.322,4.991,4.864,4.586,5.143
4.89,4.995,-0.107,-0.288,5.176,-0.006,0.098,-0.093,0.08,4.977,-0.066,5.109,5.322,4.991,4.864,5.196
5.23,5.104,0.124,0.054,5.174,-0.107,-0.006,0.098,-0.093,5.041,0.126,4.888,5.109,5.322,4.991,5.173
5.37,5.34,0.026,0.212,5.154,0.124,-0.107,-0.006,0.098,5.369,-0.02,5.228,4.888,5.109,5.322,5.131
5.34,5.438,-0.1,0.189,5.149,0.026,0.124,-0.107,-0.006,5.44,-0.12,5.366,5.228,4.888,5.109,5.147
5.35,5.273,0.075,0.163,5.185,-0.1,0.026,0.124,-0.107,5.336,0.039,5.338,5.366,5.228,4.888,5.175
5.03,4.986,0.046,-0.242,5.275,0.075,-0.1,0.026,0.124,5.019,0.005,5.348,5.338,5.366,5.228,5.279
4.85,4.934,-0.08,-0.572,5.426,0.046,0.075,-0.1,0.026,4.814,-0.085,5.032,5.348,5.338,5.366,5.413
5.45,5.346,0.108,-0.186,5.641,-0.08,0.046,0.075,-0.1,5.209,0.021,4.854,5.032,5.348,5.338,5.633
5.96,6.028,-0.064,0.065,5.899,0.108,-0.08,0.046,0.075,5.946,-0.085,5.454,4.854,5.032,5.348,5.905
6.61,6.591,0.023,0.44,6.174,-0.064,0.108,-0.08,0.046,6.499,0.006,5.963,5.454,4.854,5.032,6.167
7.04,6.91,0.131,0.6,6.442,0.023,-0.064,0.108,-0.08,6.822,0.007,6.614,5.963,5.454,4.854,6.445
7.08,7.207,-0.13,0.402,6.675,0.131,0.023,-0.064,0.108,7.106,-0.191,7.041,6.614,5.963,5.454,6.68
7.73,7.624,0.102,0.877,6.848,-0.13,0.131,0.023,-0.064,7.585,0.0,7.077,7.041,6.614,5.963,6.86
7.74,7.805,-0.063,0.798,6.944,0.102,-0.13,0.131,0.023,7.991,-0.062,7.726,7.077,7.041,6.614,6.948
7.57,7.421,0.15,0.596,6.975,-0.063,0.102,-0.13,0.131,7.508,0.037,7.742,7.726,7.077,7.041,6.96
6.56,6.637,-0.077,-0.406,6.965,0.15,-0.063,0.102,-0.13,6.796,-0.173,7.572,7.742,7.726,7.077,6.973
5.98,6.031,-0.055,-0.959,6.935,-0.077,0.15,-0.063,0.102,6.02,-0.08,6.56,7.572,7.742,7.726,6.936
6.0,5.95,0.054,-0.903,6.907,-0.055,-0.077,0.15,-0.063,5.949,0.101,5.976,6.56,7.572,7.742,6.91
6.48,6.295,0.187,-0.418,6.899,0.054,-0.055,-0.077,0.15,6.159,0.057,6.004,5.976,6.56,7.572,6.897
6.45,6.828,-0.378,-0.462,6.912,0.187,0.054,-0.055,-0.077,6.67,-0.283,6.482,6.004,5.976,6.56,6.921
7.66,7.378,0.285,0.719,6.944,-0.378,0.187,0.054,-0.055,7.277,0.258,6.451,6.482,6.004,5.976,6.941
7.56,7.628,-0.064,0.574,6.991,0.285,-0.378,0.187,0.054,7.78,0.0,7.663,6.451,6.482,6.004,6.99
7.58,7.534,0.042,0.529,7.047,-0.064,0.285,-0.378,0.187,7.437,-0.034,7.565,7.663,6.451,6.482,7.049
7.06,7.197,-0.133,-0.028,7.091,0.042,-0.064,0.285,-0.378,7.416,-0.11,7.576,7.565,7.663,6.451,7.106
6.91,6.793,0.119,-0.189,7.101,-0.133,0.042,-0.064,0.285,6.823,0.133,7.064,7.576,7.565,7.663,7.111
6.44,6.485,-0.046,-0.613,7.052,0.119,-0.133,0.042,-0.064,6.523,0.033,6.912,7.064,7.576,7.565,7.063
6.53,6.508,0.022,-0.394,6.925,-0.046,0.119,-0.133,0.042,6.342,0.013,6.439,6.912,7.064,7.576,6.935
6.8,6.805,-0.006,0.077,6.722,0.022,-0.046,0.119,-0.133,6.869,-0.017,6.53,6.439,6.912,7.064,6.722
6.75,6.921,-0.167,0.286,6.468,-0.006,0.022,-0.046,0.119,6.996,0.002,6.799,6.53,6.439,6.912,6.47
6.76,6.477,0.282,0.568,6.191,-0.167,-0.006,0.022,-0.046,6.651,0.282,6.754,6.799,6.53,6.439,6.195
5.63,5.681,-0.054,-0.304,5.931,0.282,-0.167,-0.006,0.022,5.754,-0.143,6.759,6.754,6.799,6.53,5.925
4.94,5.291,-0.355,-0.793,5.729,-0.054,0.282,-0.167,-0.006,5.15,-0.197,5.627,6.759,6.754,6.799,5.723
5.97,5.568,0.401,0.352,5.617,-0.355,-0.054,0.282,-0.167,5.603,0.429,4.936,5.627,6.759,6.754,5.609
5.82,5.907,-0.085,0.232,5.59,0.401,-0.355,-0.054,0.282,5.984,-0.05,5.969,4.936,5.627,6.759,5.605
5.82,5.936,-0.118,0.185,5.633,-0.085,0.401,-0.355,-0.054,5.745,-0.143,5.822,5.969,4.936,5.627,5.622
5.74,5.779,-0.04,0.009,5.73,-0.118,-0.085,0.401,-0.355,5.904,0.05,5.818,5.822,5.969,4.936,5.728
5.96,5.735,0.228,0.109,5.854,-0.04,-0.118,-0.085,0.401,5.689,0.24,5.739,5.818,5.822,5.969,5.856
5.71,5.854,-0.14,-0.259,5.973,0.228,-0.04,-0.118,-0.085,5.846,-0.124,5.963,5.739,5.818,5.822,5.979
5.83,5.957,-0.128,-0.225,6.054,-0.14,0.228,-0.04,-0.118,5.967,-0.066,5.714,5.963,5.739,5.818,6.06
6.02,5.845,0.175,-0.064,6.084,-0.128,-0.14,0.228,-0.04,5.944,0.235,5.829,5.714,5.963,5.739,6.08
5.57,5.611,-0.045,-0.493,6.059,0.175,-0.128,-0.14,0.228,5.552,0.03,6.021,5.829,5.714,5.963,6.066
5.6,5.612,-0.01,-0.38,5.983,-0.045,0.175,-0.128,-0.14,5.523,-0.032,5.566,6.021,5.829,5.714,5.986
5.75,5.886,-0.133,-0.111,5.864,-0.01,-0.045,0.175,-0.128,5.932,-0.028,5.602,5.566,6.021,5.829,5.868
6.26,6.083,0.174,0.544,5.713,-0.133,-0.01,-0.045,0.175,6.089,0.233,5.753,5.602,5.566,6.021,5.718
5.88,5.877,0.001,0.339,5.539,0.174,-0.133,-0.01,-0.045,5.986,-0.006,6.256,5.753,5.602,5.566,5.546
5.31,5.437,-0.124,-0.04,5.354,0.001,0.174,-0.133,-0.01,5.44,-0.136,5.879,6.256,5.753,5.602,5.359
5.1,5.16,-0.062,-0.067,5.166,-0.124,0.001,0.174,-0.133,5.194,0.075,5.314,5.879,6.256,5.753,5.165
5.4,5.103,0.3,0.412,4.991,-0.062,-0.124,0.001,0.174,5.173,0.266,5.099,5.314,5.879,6.256,4.989
4.65,4.937,-0.288,-0.196,4.845,0.3,-0.062,-0.124,0.001,5.054,-0.221,5.403,5.099,5.314,5.879,4.842
4.68,4.593,0.082,-0.066,4.741,-0.288,0.3,-0.062,-0.124,4.537,0.068,4.649,5.403,5.099,5.314,4.736
4.21,4.25,-0.036,-0.483,4.696,0.082,-0.288,0.3,-0.062,4.373,0.089,4.675,4.649,5.403,5.099,4.687
4.42,4.24,0.177,-0.308,4.725,-0.036,0.082,-0.288,0.3,4.057,0.136,4.214,4.675,4.649,5.403,4.712
4.39,4.638,-0.25,-0.447,4.835,0.177,-0.036,0.082,-0.288,4.581,-0.19,4.417,4.214,4.675,4.649,4.826
5.3,5.276,0.025,0.294,5.007,-0.25,0.177,-0.036,0.082,5.087,0.124,4.388,4.417,4.214,4.675,5.016
6.03,5.775,0.255,0.817,5.213,0.025,-0.25,0.177,-0.036,5.823,0.229,5.301,4.388,4.417,4.214,5.205
5.72,5.92,-0.199,0.297,5.424,0.255,0.025,-0.25,0.177,5.865,-0.223,6.03,5.301,4.388,4.417,5.425
5.59,5.779,-0.185,-0.019,5.613,-0.199,0.255,0.025,-0.25,5.872,-0.045,5.721,6.03,5.301,4.388,5.615
5.95,5.486,0.467,0.208,5.745,-0.185,-0.199,0.255,0.025,5.587,0.374,5.594,5.721,6.03,5.301,5.757
4.75,5.146,-0.398,-1.04,5.787,0.467,-0.185,-0.199,0.255,5.212,-0.281,5.953,5.594,5.721,6.03,5.803
5.26,5.028,0.228,-0.45,5.705,-0.398,0.467,-0.185,-0.199,4.878,0.108,4.748,5.953,5.594,5.721,5.727
4.87,5.103,-0.232,-0.605,5.476,0.228,-0.398,0.467,-0.185,5.262,-0.085,5.255,4.748,5.953,5.594,5.493
5.44,5.156,0.28,0.306,5.131,-0.232,0.228,-0.398,0.467,5.078,0.257,4.871,5.255,4.748,5.953,5.115
4.71,4.95,-0.235,0.005,4.71,0.28,-0.232,0.228,-0.398,5.104,-0.138,5.437,4.871,5.255,4.748,4.727
4.95,4.758,0.188,0.692,4.254,-0.235,0.28,-0.232,0.228,4.56,0.081,4.715,5.437,4.871,5.255,4.258
4.52,4.63,-0.108,0.722,3.801,0.188,-0.235,0.28,-0.232,4.939,-0.093,4.946,4.715,5.437,4.871,3.809
4.21,4.131,0.082,0.824,3.389,-0.108,0.188,-0.235,0.28,4.348,0.023,4.522,4.946,4.715,5.437,3.386
2.7,2.945,-0.24,-0.353,3.058,0.082,-0.108,0.188,-0.235,3.259,-0.046,4.213,4.522,4.946,4.715,3.044
2.48,1.882,0.596,-0.369,2.847,-0.24,0.082,-0.108,0.188,1.626,0.307,2.705,4.213,4.522,4.946,2.829
1.47,1.997,-0.527,-1.309,2.779,0.596,-0.24,0.082,-0.108,1.87,-0.557,2.478,2.705,4.213,4.522,2.768
3.01,3.192,-0.183,0.195,2.813,-0.527,0.596,-0.24,0.082,2.987,0.063,1.47,2.478,2.705,4.213,2.847
4.6,3.824,0.775,1.707,2.893,-0.183,-0.527,0.596,-0.24,4.26,0.656,3.009,1.47,2.478,2.705,2.886
2.58,3.031,-0.452,-0.38,2.96,0.775,-0.183,-0.527,0.596,2.964,-0.511,4.6,3.009,1.47,2.478,2.973
1.97,2.148,-0.174,-0.996,2.97,-0.452,0.775,-0.183,-0.527,1.881,-0.223,2.579,4.6,3.009,1.47,2.965
2.77,2.461,0.312,-0.146,2.918,-0.174,-0.452,0.775,-0.183,2.547,0.319,1.974,2.579,4.6,3.009,2.9
3.28,3.342,-0.065,0.467,2.81,0.312,-0.174,-0.452,0.775,3.435,-0.095,2.772,1.974,2.579,4.6,2.825
3.44,3.46,-0.018,0.79,2.652,-0.065,0.312,-0.174,-0.452,3.453,-0.087,3.277,2.772,1.974,2.579,2.657
2.62,2.644,-0.025,0.168,2.452,-0.018,-0.065,0.312,-0.174,2.776,-0.105,3.441,3.277,2.772,1.974,2.463
2.06,1.921,0.134,-0.182,2.237,-0.025,-0.018,-0.065,0.312,1.891,0.057,2.62,3.441,3.277,2.772,2.224
1.62,1.887,-0.265,-0.43,2.052,0.134,-0.025,-0.018,-0.065,1.969,-0.11,2.055,2.62,3.441,3.277,2.033
2.39,2.063,0.329,0.465,1.927,-0.265,0.134,-0.025,-0.018,2.149,0.239,1.622,2.055,2.62,3.441,1.925
1.63,1.773,-0.139,-0.195,1.828,0.329,-0.265,0.134,-0.025,1.869,-0.179,2.392,1.622,2.055,2.62,1.876
1.31,1.414,-0.108,-0.409,1.715,-0.139,0.329,-0.265,0.134,1.124,-0.087,1.633,2.392,1.622,2.055,1.711
1.54,1.473,0.064,-0.057,1.594,-0.108,-0.139,0.329,-0.265,1.674,0.169,1.306,1.633,2.392,1.622,1.57
1.98,1.709,0.27,0.495,1.484,0.064,-0.108,-0.139,0.329,1.711,0.137,1.537,1.306,1.633,2.392,1.481
1.18,1.593,-0.412,-0.228,1.408,0.27,0.064,-0.108,-0.139,1.659,-0.356,1.979,1.537,1.306,1.633,1.39
1.38,1.2,0.183,-0.023,1.406,-0.412,0.27,0.064,-0.108,1.149,0.18,1.181,1.979,1.537,1.306,1.385
1.34,1.106,0.231,-0.166,1.503,0.183,-0.412,0.27,0.064,1.042,0.131,1.382,1.181,1.979,1.537,1.497
1.23,1.683,-0.458,-0.44,1.666,0.231,0.183,-0.412,0.27,1.44,-0.314,1.337,1.382,1.181,1.979,1.699
2.82,2.49,0.33,0.978,1.842,-0.458,0.231,0.183,-0.412,2.545,0.289,1.226,1.337,1.382,1.181,1.836
2.53,2.561,-0.035,0.544,1.982,0.33,-0.458,0.231,0.183,2.807,-0.022,2.82,1.226,1.337,1.382,1.985
1.76,1.9,-0.139,-0.294,2.055,-0.035,0.33,-0.458,0.231,1.768,-0.087,2.526,2.82,1.226,1.337,2.045
1.6,1.402,0.2,-0.445,2.046,-0.139,-0.035,0.33,-0.458,1.438,0.103,1.761,2.526,2.82,1.226,2.058
1.28,1.62,-0.338,-0.667,1.949,0.2,-0.139,-0.035,0.33,1.582,-0.128,1.601,1.761,2.526,2.82,1.964
2.61,2.23,0.377,0.813,1.794,-0.338,0.2,-0.139,-0.035,2.125,0.362,1.282,1.601,1.761,2.526,1.777
2.08,2.299,-0.221,0.459,1.618,0.377,-0.338,0.2,-0.139,2.584,-0.163,2.607,1.282,1.601,1.761,1.623
1.59,1.689,-0.096,0.139,1.455,-0.221,0.377,-0.338,0.2,1.611,0.014,2.078,2.607,1.282,1.601,1.448
1.27,0.992,0.275,-0.054,1.32,-0.096,-0.221,0.377,-0.338,1.151,0.261,1.593,2.078,2.607,1.282,1.326
0.45,0.735,-0.287,-0.779,1.227,0.275,-0.096,-0.221,0.377,0.722,-0.147,1.266,1.593,2.078,2.607,1.216
0.88,0.762,0.117,-0.309,1.187,-0.287,0.275,-0.096,-0.221,0.863,0.173,0.448,1.266,1.593,2.078,1.182
0.48,0.567,-0.089,-0.731,1.209,0.117,-0.287,0.275,-0.096,0.64,0.068,0.879,0.448,1.266,1.593,1.204
0.41,0.339,0.067,-0.873,1.278,-0.089,0.117,-0.287,0.275,0.118,0.166,0.478,0.879,0.448,1.266,1.284
0.63,0.63,0.005,-0.741,1.376,0.067,-0.089,0.117,-0.287,0.506,0.034,0.405,0.478,0.879,0.448,1.369
1.26,1.52,-0.258,-0.22,1.483,0.005,0.067,-0.089,0.117,1.355,-0.046,0.635,0.405,0.478,0.879,1.481
2.57,2.323,0.25,0.993,1.58,-0.258,0.005,0.067,-0.089,2.35,0.372,1.263,0.635,0.405,0.478,1.582
2.37,2.343,0.026,0.72,1.648,0.25,-0.258,0.005,0.067,2.454,0.034,2.573,1.263,0.635,0.405,1.651
1.74,1.902,-0.163,0.066,1.673,0.026,0.25,-0.258,0.005,1.785,-0.179,2.369,2.573,1.263,0.635,1.676
1.49,1.671,-0.177,-0.164,1.658,-0.163,0.026,0.25,-0.258,1.787,0.058,1.739,2.369,2.573,1.263,1.65
2.19,1.705,0.49,0.585,1.61,-0.177,-0.163,0.026,0.25,1.799,0.463,1.494,1.739,2.369,2.573,1.616
1.16,1.505,-0.348,-0.379,1.536,0.49,-0.177,-0.163,0.026,1.631,-0.292,2.195,1.494,1.739,2.369,1.538
1.07,1.145,-0.073,-0.373,1.445,-0.348,0.49,-0.177,-0.163,0.959,-0.028,1.157,2.195,1.494,1.739,1.448
1.24,0.963,0.28,-0.1,1.343,-0.073,-0.348,0.49,-0.177,1.133,0.274,1.072,1.157,2.195,1.494,1.344
0.78,0.985,-0.202,-0.457,1.241,0.28,-0.073,-0.348,0.49,0.963,-0.122,1.243,1.072,1.157,2.195,1.24
1.03,1.108,-0.077,-0.126,1.157,-0.202,0.28,-0.073,-0.348,0.992,0.047,0.784,1.243,1.072,1.157,1.148
1.63,1.27,0.361,0.52,1.112,-0.077,-0.202,0.28,-0.073,1.26,0.215,1.031,0.784,1.243,1.072,1.104
1.08,1.497,-0.413,-0.042,1.126,0.361,-0.077,-0.202,0.28,1.431,-0.3,1.631,1.031,0.784,1.243,1.115
1.88,1.711,0.165,0.661,1.215,-0.413,0.361,-0.077,-0.202,1.704,0.199,1.084,1.631,1.031,0.784,1.207
1.52,1.525,0.0,0.156,1.368,0.165,-0.413,0.361,-0.077,1.809,0.11,1.876,1.084,1.631,1.031,1.375
1.34,1.158,0.183,-0.219,1.559,0.0,0.165,-0.413,0.361,0.893,0.048,1.524,1.876,1.084,1.631,1.554
0.85,1.248,-0.395,-0.911,1.763,0.183,0.0,0.165,-0.413,1.172,-0.304,1.341,1.524,1.876,1.084,1.76
2.05,1.886,0.168,0.099,1.956,-0.395,0.183,0.0,0.165,1.852,0.28,0.852,1.341,1.524,1.876,1.953
2.47,2.281,0.186,0.352,2.116,0.168,-0.395,0.183,0.0,2.444,0.232,2.054,0.852,1.341,1.524,2.118
1.81,2.052,-0.246,-0.423,2.228,0.186,0.168,-0.395,0.183,1.913,-0.209,2.467,2.054,0.852,1.341,2.231
1.8,1.786,0.01,-0.484,2.28,-0.246,0.186,0.168,-0.395,1.739,0.045,1.806,2.467,2.054,0.852,2.29
2.15,2.028,0.122,-0.108,2.259,0.01,-0.246,0.186,0.168,2.011,0.175,1.796,1.806,2.467,2.054,2.27
2.3,2.476,-0.178,0.148,2.15,0.122,0.01,-0.246,0.186,2.516,0.003,2.15,1.796,1.806,2.467,2.164
2.62,2.404,0.219,0.672,1.951,-0.178,0.122,0.01,-0.246,2.554,0.159,2.298,2.15,1.796,1.806,1.958
1.44,1.655,-0.22,-0.268,1.704,0.219,-0.178,0.122,0.01,1.794,-0.151,2.624,2.298,2.15,1.796,1.681
1.02,0.984,0.037,-0.439,1.46,-0.22,0.219,-0.178,0.122,0.874,0.137,1.436,2.624,2.298,2.15,1.463
1.13,0.957,0.174,-0.139,1.27,0.037,-0.22,0.219,-0.178,1.024,0.161,1.021,1.436,2.624,2.298,1.258
1.03,1.328,-0.3,-0.146,1.174,0.174,0.037,-0.22,0.219,1.286,-0.16,1.131,1.021,1.436,2.624,1.171
1.71,1.462,0.244,0.541,1.165,-0.3,0.174,0.037,-0.22,1.507,0.227,1.028,1.131,1.021,1.436,1.184
1.02,1.19,-0.171,-0.201,1.22,0.244,-0.3,0.174,0.037,1.189,-0.046,1.705,1.028,1.131,1.021,1.207
1.24,1.043,0.193,-0.074,1.31,-0.171,0.244,-0.3,0.174,0.91,0.128,1.019,1.705,1.028,1.131,1.315
1.04,1.31,-0.274,-0.378,1.414,0.193,-0.171,0.244,-0.3,1.349,-0.149,1.236,1.019,1.705,1.028,1.398
1.78,1.765,0.016,0.222,1.559,-0.274,0.193,-0.171,0.244,1.662,0.22,1.036,1.236,1.019,1.705,1.521
2.33,1.984,0.344,0.547,1.781,0.016,-0.274,0.193,-0.171,2.024,0.309,1.781,1.036,1.236,1.019,1.77
1.76,2.031,-0.274,-0.349,2.106,0.344,0.016,-0.274,0.193,1.875,-0.326,2.328,1.781,1.036,1.236,2.091
1.93,2.276,-0.351,-0.591,2.516,-0.274,0.344,0.016,-0.274,2.209,-0.058,1.757,2.328,1.781,1.036,2.529
3.44,2.771,0.668,0.45,2.989,-0.351,-0.274,0.344,0.016,2.721,0.668,1.925,1.757,2.328,1.781,2.963
3.03,3.312,-0.278,-0.425,3.458,0.668,-0.351,-0.274,0.344,3.172,-0.315,3.439,1.925,1.757,2.328,3.493
3.53,3.955,-0.426,-0.313,3.842,-0.278,0.668,-0.351,-0.274,3.663,-0.224,3.034,3.439,1.925,1.757,3.848
4.86,4.442,0.423,0.814,4.051,-0.426,-0.278,0.668,-0.351,4.705,0.581,3.529,3.034,3.439,1.925,4.091
4.28,4.225,0.058,0.228,4.054,0.423,-0.426,-0.278,0.668,4.403,0.036,4.865,3.529,3.034,3.439,4.043
2.99,3.222,-0.234,-0.857,3.845,0.058,0.423,-0.426,-0.278,3.417,-0.277,4.282,4.865,3.529,3.034,3.88
1.8,2.015,-0.216,-1.661,3.459,-0.234,0.058,0.423,-0.426,2.212,-0.007,2.988,4.282,4.865,3.529,3.457
1.84,1.496,0.344,-1.133,2.973,-0.216,-0.234,0.058,0.423,1.335,0.546,1.799,2.988,4.282,4.865,2.97
2.21,2.115,0.098,-0.279,2.492,0.344,-0.216,-0.234,0.058,1.817,0.033,1.84,1.799,2.988,4.282,2.473
2.69,3.326,-0.633,0.583,2.109,0.098,0.344,-0.216,-0.234,3.241,-0.417,2.213,1.84,1.799,2.988,2.102
4.21,3.837,0.373,2.307,1.902,-0.633,0.098,0.344,-0.216,4.083,0.562,2.692,2.213,1.84,1.799,1.886
3.05,2.774,0.278,1.124,1.928,0.373,-0.633,0.098,0.344,3.196,0.283,4.209,2.692,2.213,1.84,1.898
0.86,1.18,-0.315,-1.372,2.237,0.278,0.373,-0.633,0.098,0.987,-0.408,3.052,4.209,2.692,2.213,2.186
0.77,1.084,-0.315,-2.107,2.876,-0.315,0.278,0.373,-0.633,0.707,-0.134,0.865,3.052,4.209,2.692,2.82
3.54,3.091,0.449,-0.293,3.833,-0.315,-0.315,0.278,0.373,2.665,0.639,0.769,0.865,3.052,4.209,3.819
5.68,5.619,0.059,0.729,4.948,0.449,-0.315,-0.315,0.278,5.409,0.042,3.54,0.769,0.865,3.052,5.015
6.63,7.123,-0.497,0.598,6.029,0.059,0.449,-0.315,-0.315,6.746,-0.407,5.677,3.54,0.769,0.865,6.027
7.88,7.499,0.382,0.98,6.901,-0.497,0.059,0.449,-0.315,7.555,0.339,6.627,5.677,3.54,0.769,6.929
7.37,7.346,0.028,-0.113,7.487,0.382,-0.497,0.059,0.449,7.532,0.003,7.881,6.627,5.677,3.54,7.449
6.94,7.224,-0.285,-0.836,7.775,0.028,0.382,-0.497,0.059,7.148,-0.179,7.374,7.881,6.627,5.677,7.791
7.44,7.234,0.201,-0.341,7.776,-0.285,0.028,0.382,-0.497,7.322,0.185,6.939,7.374,7.881,6.627,7.811
7.35,7.325,0.021,-0.221,7.567,0.201,-0.285,0.028,0.382,7.252,0.03,7.435,6.939,7.374,7.881,7.554
7.33,7.495,-0.168,0.011,7.316,0.021,0.201,-0.285,0.028,7.423,-0.07,7.346,7.435,6.939,7.374,7.267
7.57,7.493,0.075,0.394,7.174,-0.168,0.021,0.201,-0.285,7.701,0.131,7.327,7.346,7.435,6.939,7.172
7.38,7.166,0.21,0.239,7.137,0.075,-0.168,0.021,0.201,7.181,0.099,7.568,7.327,7.346,7.435,7.217
6.6,6.906,-0.302,-0.555,7.159,0.21,0.075,-0.168,0.021,6.749,-0.27,7.376,7.568,7.327,7.346,7.142
7.27,7.165,0.105,0.069,7.2,-0.302,0.21,0.075,-0.168,7.107,0.115,6.604,7.376,7.568,7.327,7.22
7.65,7.599,0.055,0.426,7.228,0.105,-0.302,0.21,0.075,7.738,0.123,7.27,6.604,7.376,7.568,7.22
7.49,7.574,-0.086,0.267,7.22,0.055,0.105,-0.302,0.21,7.578,-0.003,7.654,7.27,6.604,7.376,7.228
7.31,7.092,0.221,0.119,7.194,-0.086,0.055,0.105,-0.302,7.127,0.049,7.487,7.654,7.27,6.604,7.174
6.42,6.695,-0.278,-0.747,7.164,0.221,-0.086,0.055,0.105,6.733,-0.268,7.313,7.487,7.654,7.27,7.172
6.86,6.747,0.109,-0.281,7.137,-0.278,0.221,-0.086,0.055,6.688,0.153,6.417,7.313,7.487,7.654,7.144
7.14,7.014,0.126,0.036,7.104,0.109,-0.278,0.221,-0.086,7.041,0.116,6.856,6.417,7.313,7.487,7.124
7.11,7.226,-0.12,0.096,7.01,0.126,0.109,-0.278,0.221,7.092,-0.148,7.139,6.856,6.417,7.313,7.045
7.44,7.32,0.124,0.653,6.791,-0.12,0.126,0.109,-0.278,7.355,-0.028,7.106,7.139,6.856,6.417,6.807
6.7,6.975,-0.276,0.308,6.391,0.124,-0.12,0.126,0.109,7.346,-0.133,7.443,7.106,7.139,6.856,6.436
6.37,5.99,0.382,0.571,5.801,-0.276,0.124,-0.12,0.126,6.171,0.325,6.699,7.443,7.106,7.139,5.807
4.84,4.693,0.146,-0.256,5.094,0.382,-0.276,0.124,-0.12,4.897,-0.203,6.373,6.699,7.443,7.106,5.076
3.08,3.86,-0.78,-1.28,4.36,0.146,0.382,-0.276,0.124,3.818,-0.605,4.839,6.373,6.699,7.443,4.375
4.35,3.741,0.606,0.66,3.687,-0.78,0.146,0.382,-0.276,3.834,0.684,3.08,4.839,6.373,6.699,3.679
4.08,3.681,0.395,0.92,3.156,0.606,-0.78,0.146,0.382,3.848,0.054,4.347,3.08,4.839,6.373,3.147
2.51,3.388,-0.88,-0.339,2.847,0.395,0.606,-0.78,0.146,3.19,-0.599,4.076,4.347,3.08,4.839,2.808
3.59,3.102,0.485,0.756,2.832,-0.88,0.395,0.606,-0.78,3.217,0.361,2.508,4.076,4.347,3.08,2.788
2.95,2.92,0.028,-0.157,3.105,0.485,-0.88,0.395,0.606,3.052,-0.028,3.587,2.508,4.076,4.347,3.115
3.33,3.121,0.213,-0.136,3.471,0.028,0.485,-0.88,0.395,2.699,-0.125,2.948,3.587,2.508,4.076,3.591
3.25,3.808,-0.56,-0.474,3.722,0.213,0.028,0.485,-0.88,3.773,-0.577,3.335,2.948,3.587,2.508,3.717
4.84,4.521,0.317,1.047,3.79,-0.56,0.213,0.028,0.485,4.553,0.357,3.249,3.335,2.948,3.587,3.745
4.41,4.14,0.269,0.741,3.669,0.317,-0.56,0.213,0.028,4.688,0.235,4.837,3.249,3.335,2.948,3.675
2.6,2.788,-0.191,-0.875,3.472,0.269,0.317,-0.56,0.213,2.629,-0.424,4.409,4.837,3.249,3.335,3.383
1.8,2.022,-0.218,-1.541,3.345,-0.191,0.269,0.317,-0.56,1.892,-0.279,2.597,4.409,4.837,3.249,3.353
3.21,2.894,0.312,-0.207,3.413,-0.218,-0.191,0.269,0.317,2.609,0.307,1.804,2.597,4.409,4.837,3.375
4.5,4.508,-0.009,0.786,3.713,0.312,-0.218,-0.191,0.269,4.485,0.005,3.206,1.804,2.597,4.409,3.741
5.29,5.43,-0.143,1.093,4.193,-0.009,0.312,-0.218,-0.191,5.216,-0.209,4.499,3.206,1.804,2.597,4.199
5.78,5.549,0.236,0.999,4.786,-0.143,-0.009,0.312,-0.218,5.426,0.01,5.287,4.499,3.206,1.804,4.749
5.55,5.63,-0.076,0.132,5.422,0.236,-0.143,-0.009,0.312,5.641,-0.201,5.785,5.287,4.499,3.206,5.408
5.73,5.985,-0.252,-0.303,6.036,-0.076,0.236,-0.143,-0.009,6.018,-0.109,5.553,5.785,5.287,4.499,6.039
6.95,6.339,0.606,0.369,6.576,-0.252,-0.076,0.236,-0.143,6.254,0.345,5.733,5.553,5.785,5.287,6.593
6.2,6.616,-0.416,-0.786,6.987,0.606,-0.252,-0.076,0.236,6.46,-0.547,6.945,5.733,5.553,5.785,7.009
7.25,7.24,0.008,0.023,7.225,-0.416,0.606,-0.252,-0.076,6.932,-0.067,6.2,6.945,5.733,5.553,7.234
7.92,7.858,0.06,0.594,7.324,0.008,-0.416,0.606,-0.252,8.209,0.167,7.248,6.2,6.945,5.733,7.281
8.1,7.772,0.326,0.763,7.336,0.06,0.008,-0.416,0.606,7.775,0.134,7.918,7.248,6.2,6.945,7.341
6.78,7.13,-0.355,-0.539,7.315,0.326,0.06,0.008,-0.416,7.117,-0.469,8.099,7.918,7.248,6.2,7.307
6.97,6.901,0.07,-0.309,7.28,-0.355,0.326,0.06,0.008,6.754,-0.035,6.776,8.099,7.918,7.248,7.314
7.34,7.283,0.06,0.098,7.245,0.07,-0.355,0.326,0.06,7.468,0.154,6.971,6.776,8.099,7.918,7.249
7.61,7.562,0.047,0.389,7.22,0.06,0.07,-0.355,0.326,7.521,0.064,7.343,6.971,6.776,8.099,7.217
7.3,7.315,-0.013,0.088,7.213,0.047,0.06,0.07,-0.355,7.337,-0.117,7.609,7.343,6.971,6.776,7.209
6.96,7.045,-0.081,-0.253,7.217,-0.013,0.047,0.06,0.07,6.915,-0.122,7.302,7.609,7.343,6.971,7.225
7.2,7.223,-0.027,-0.027,7.222,-0.081,-0.013,0.047,0.06,7.273,0.1,6.964,7.302,7.609,7.343,7.226
7.44,7.435,0.003,0.209,7.228,-0.027,-0.081,-0.013,0.047,7.581,0.194,7.196,6.964,7.302,7.609,7.229
7.32,7.24,0.081,0.083,7.238,0.003,-0.027,-0.081,-0.013,7.189,0.144,7.438,7.196,6.964,7.302,7.243
6.83,7.034,-0.205,-0.423,7.252,0.081,0.003,-0.027,-0.081,6.858,-0.06,7.321,7.438,7.196,6.964,7.247
7.16,7.329,-0.171,-0.112,7.27,-0.205,0.081,0.003,-0.027,7.324,0.208,6.829,7.321,7.438,7.196,7.269
7.9,7.673,0.232,0.614,7.291,-0.171,-0.205,0.081,0.003,7.882,0.528,7.158,6.829,7.321,7.438,7.289
7.44,7.517,-0.077,0.13,7.31,0.232,-0.171,-0.205,0.081,7.428,0.11,7.905,7.158,6.829,7.321,7.315
6.54,6.853,-0.314,-0.789,7.328,-0.077,0.232,-0.171,-0.205,7.101,-0.012,7.44,7.905,7.158,6.829,7.332
6.29,6.311,-0.025,-1.059,7.345,-0.314,-0.077,0.232,-0.171,6.209,0.455,6.539,7.44,7.905,7.158,7.346
6.39,6.255,0.137,-0.968,7.36,-0.025,-0.314,-0.077,0.232,6.328,0.501,6.286,6.539,7.44,7.905,7.36
6.1,6.266,-0.169,-1.277,7.374,0.137,-0.025,-0.314,-0.077,6.416,0.073,6.392,6.286,6.539,7.44,7.375
5.5,5.858,-0.356,-1.884,7.386,-0.169,0.137,-0.025,-0.314,5.942,0.175,6.097,6.392,6.286,6.539,7.388
5.36,5.216,0.142,-2.038,7.396,-0.356,-0.169,0.137,-0.025,5.204,0.678,5.502,6.097,6.392,6.286,7.398
4.81,4.943,-0.132,-2.593,7.404,0.142,-0.356,-0.169,0.137,4.919,0.341,5.358,5.502,6.097,6.392,7.406
5.35,5.531,-0.183,-2.063,7.411,-0.132,0.142,-0.356,-0.169,5.168,0.157,4.811,5.358,5.502,6.097,7.412
5.98,6.659,-0.68,-1.437,7.416,-0.183,-0.132,0.142,-0.356,6.595,0.448,5.348,4.811,5.358,5.502,7.416
